datetime,open,high,low,close,volume
2020-01-01,99.6541854862375,100.58760444174922,100.07421395267221,100.24835707650561,8919
2020-01-02,99.86272923183897,100.33197465744685,100.03756312965218,100.17922492592002,5101
2020-01-03,100.3269606730826,100.80175972549294,100.03480927206762,100.50306919497037,8571
2020-01-04,101.3094847964518,101.31979314664744,100.97479201229253,101.26458412317439,3660
2020-01-05,101.45475613379477,101.74609670154366,100.4024660980244,101.14750743581271,6958
2020-01-06,101.23867974034965,101.41596003590872,100.70334679445796,101.03043895733812,4749
2020-01-07,101.46624792555757,102.32045561397602,100.82050145864291,101.82004536509181,9867
2020-01-08,102.09224905101857,102.59459876584171,101.42444947118686,102.20376272966827,9709
2020-01-09,101.99193821331157,102.39283914294924,101.85325078972815,101.9690255367008,5479
2020-01-10,102.16164342115984,102.6496028676654,101.15686354108563,102.24030555849379,8105
2020-01-11,101.92780814432706,102.46956490109136,101.60712174882781,102.00859671208755,7633
2020-01-12,101.25890883790615,102.20143680368375,101.55168272862691,101.77573183530242,7694
2020-01-13,101.55089272574354,102.55461167519451,101.60359912394493,101.89671297108544,6394
2020-01-14,100.81919089401477,101.17304833779257,100.41689783091283,100.94007284875654,5703
2020-01-15,99.14964623001649,100.48910822850169,99.81612814555156,100.07761393250003,9353
2020-01-16,99.98866346388249,99.81724108816148,99.76071316324304,99.79647016787953,1600
2020-01-17,98.878250877799,99.82690103081106,98.62041944996967,99.29005460771232,9856
2020-01-18,99.6532297139895,99.67633724357268,98.6887490657558,99.44717827400996,5957
2020-01-19,99.17284103759063,99.35056986574509,98.51381437167755,98.99316623624935,7173
2020-01-20,98.123906472648,99.18427680977781,97.3765307729486,98.28701438558171,5576
2020-01-21,99.32000326775294,99.7922595012516,97.91319981103683,99.01983877004248,5316
2020-01-22,99.1299098232767,99.208999332977,98.80445604614476,98.90695061979922,8733
2020-01-23,98.8480262808928,99.62121807452807,98.86624332402253,98.94071472214318,7263
2020-01-24,98.10181274447895,98.26073630409815,98.0601804431217,98.22834062903645,7012
2020-01-25,98.28531910247317,98.33886801396137,97.48890659261912,97.95614926677386,8940
2020-01-26,98.0812147134511,98.75047070927984,97.32402103282517,98.0116105616288,7657
2020-01-27,97.74952292342809,97.55886311381481,96.49932557596908,97.43611377291765,2390
2020-01-28,96.90727055978465,97.75155636784761,97.17725323917082,97.62396278209047,8247
2020-01-29,97.35318896623691,98.17595441621964,97.28222424791878,97.32364343713108,8526
2020-01-30,96.70457383614362,97.21936332509519,96.95286341187935,97.17779656223443,5286
2020-01-31,96.86920670387372,97.2886548484009,96.66682371868725,96.87694325611974,2957
2020-02-01,98.01722841087796,98.27589906215802,97.21012822065927,97.8030823483742,4088
2020-02-02,98.31807577972997,98.04851626886445,97.14035296332217,97.79633373600524,6189
2020-02-03,96.98602825299614,97.53812781900841,97.03424342605915,97.2674782715273,2827
2020-02-04,97.5210392859883,98.66716151205269,97.31463167392596,97.67875072757889,3005
2020-02-05,97.03966903047072,97.31593645159575,96.99725331579246,97.06832890259338,2161
2020-02-06,96.88040136965718,97.32493313562273,96.72622678660237,97.17276070009575,7590
2020-02-07,96.48649355679265,96.34939012175087,96.11909971788714,96.19292563815587,1167
2020-02-08,95.50780425009697,95.83811079219562,94.9202676531286,95.52883261370665,9480
2020-02-09,95.66385033865403,96.62010143714863,94.86616057917828,95.62726323164121,2037
2020-02-10,96.18254845967117,96.05826112255946,95.82210889113549,95.99649652163892,7198
2020-02-11,96.06066720732129,96.19054655681214,96.0462740908084,96.08218066223391,5823
2020-02-12,95.77909478258702,96.15396742754183,94.68825282880411,96.02435652103978,8528
2020-02-13,95.8548986017556,95.935997056699,95.33082830645587,95.87380467324513,4973
2020-02-14,94.8776892702074,95.54869055823562,94.72774405088202,95.13454367806142,1199
2020-02-15,94.80701584059901,94.8347208532371,94.30051857645239,94.77462157386407,9526
2020-02-16,94.84338350462473,94.76970835655008,94.19088051522688,94.54430218838418,4413
2020-02-17,94.72036981381194,95.17770633328088,94.66382380784066,95.07286330149364,1178
2020-02-18,94.78496114584523,95.47344341328025,94.83592955594976,95.24467244627786,9641
2020-02-19,94.3779273493724,94.58002617327077,93.55419704570147,94.3631523685965,2724
2020-02-20,94.29485446827073,95.41114269441712,93.48957231957212,94.5251943532939,2179
2020-02-21,94.34217679540933,94.65108829228343,94.15185706305107,94.33265321308573,5835
2020-02-22,94.09031326911567,94.32969963576399,93.27033882889359,93.99419221293276,1867
2020-02-23,93.65692448867463,94.84794993885517,93.59519071002337,94.3000303573532,1977
2020-02-24,95.02248494689874,95.36775603252867,94.52881322275718,94.81553011860117,4640
2020-02-25,94.9302696272727,95.49794098339554,94.84318325920299,95.28117017815927,9857
2020-02-26,94.85485703137853,94.97284888016037,94.46712930862188,94.86156141654794,1782
2020-02-27,94.50914052799081,95.54793962061504,94.15256689846872,94.70695522862233,5297
2020-02-28,94.70699983988884,95.11160585192027,94.25201978431673,94.87258694432413,9038
2020-02-29,95.8685468897707,96.08016357328472,94.29606440347185,95.3603595078853,7732
2020-03-01,95.21655264520135,95.19068306822176,94.89556640899792,95.12077238896265,4550
2020-03-02,95.29934942151682,95.14719236346727,94.76313880084597,95.02794290063075,9000
2020-03-03,94.52005781988856,94.91756395447526,94.10106329063252,94.47477541362774,8536
2020-03-04,94.06267617398389,94.76751449482083,93.59646478548305,93.8766721015874,4450
2020-03-05,94.40814852142752,94.96527317573477,93.41778727283662,94.28293501278449,9314
2020-03-06,95.03739187047596,94.98729195510143,94.08550072413374,94.9610550270699,7197
2020-03-07,95.25719673902915,95.06321761380185,94.60826359423889,94.92504996627974,6590
2020-03-08,95.47376805137904,95.64369125820625,95.18292340647031,95.42681641522576,8373
2020-03-09,96.29317899941489,95.71546881321639,95.53926809981382,95.60763442774957,7310
2020-03-10,95.57323402229073,95.46134767181532,94.84511784808544,95.285074550447,6085
2020-03-11,95.12391014387931,95.68622344750665,95.09385753591016,95.46577235320122,1959
2020-03-12,96.18182572373931,96.79301606402622,95.89463919040396,96.2347906364342,6130
2020-03-13,96.33600089672643,96.71080840808249,96.1742253593555,96.21687761687923,5604
2020-03-14,97.01254849549984,97.22880153558599,96.41053892415134,96.99919944478623,9755
2020-03-15,95.895388918433,96.14821099163892,95.4767027198766,95.68932689274135,1724
2020-03-16,96.33938315637913,96.25547621316672,95.68136130616675,96.10027814492896,8221
2020-03-17,95.73592558330836,96.47221941339527,95.48020606764716,96.14380167904805,9438
2020-03-18,96.37862126723006,96.53345553712973,95.83102970212695,95.99429800381512,3628
2020-03-19,95.89113315243705,96.2196371839532,95.91534190817873,96.04017839208286,7283
2020-03-20,94.867622583023,95.56629054704655,94.9655493807699,95.04639393478243,9596
2020-03-21,94.756821273052,95.86088952534693,94.79911148640818,94.93655799086366,2247
2020-03-22,95.35768719841671,95.76893556716625,94.82458062658952,95.11511427661954,3394
2020-03-23,95.77394098954596,95.99089135859656,94.40696877020451,95.8540612989903,5958
2020-03-24,95.39586069655216,96.37835354346038,94.99854168902993,95.59492618985348,7517
2020-03-25,95.06349164117381,95.49022426803879,94.2933349148256,95.19067938840688,2227
2020-03-26,94.40139336893985,95.0276377228605,94.63360093681176,94.93980086661462,9824
2020-03-27,95.1448527962802,95.88174374894659,94.86417524100627,95.39750192546565,7435
2020-03-28,95.19000241569957,96.25276207457935,95.49332721910038,95.5618774802955,7420
2020-03-29,95.2162465792632,95.68202243287077,95.20324543654759,95.29699737841197,7142
2020-03-30,95.75288907605074,96.30670471535612,95.05587180638717,95.55363109496865,9850
2020-03-31,95.76833263992263,95.82159486488175,95.57485014882015,95.60216986964267,8504
2020-04-01,96.46351751417309,96.6560231187173,95.69018094972353,96.08649236490912,2123
2020-04-02,96.04565856315942,96.96455053324495,95.07626109269141,95.73546581797044,7300
2020-04-03,95.41305573019605,96.06201716650283,95.13881765226172,95.57163474467156,9888
2020-04-04,95.38130208833158,95.43240908935499,95.07582504752335,95.37558066810547,9906
2020-04-05,94.63405636577299,95.44338481445779,94.1135432549935,94.64382319403941,7290
2020-04-06,94.14656752775514,95.12845017868818,94.30778995721116,94.7918833325717,4989
2020-04-07,94.55723310758873,95.07495367101502,94.00319251889749,94.92241096866165,1241
2020-04-08,94.87478169383755,95.12502752763343,94.05312044345426,94.92496769698288,5274
2020-04-09,94.75580519975307,95.09925698892329,94.45287361959457,94.80767413029531,3227
2020-04-10,94.25368627553165,94.80281255802409,93.14519737567166,94.0999887592701,8024
2020-04-11,94.02875858674817,93.9900353682666,93.49450040703817,93.88966609788741,7352
2020-04-12,93.18710108899411,94.76960918558454,92.93779737440005,93.71830883962403,8655
2020-04-13,93.47274922535048,93.65394002896184,92.90148807777523,93.31717020501323,8414
2020-04-14,93.29010351111636,93.66563536506604,92.96341714143664,93.23652734918022,7686
2020-04-15,93.62556473208087,93.71168478217622,93.17913425617664,93.43855277758749,9578
2020-04-16,94.70170540448522,94.6631010583353,94.33133467277503,94.38164572819275,6400
2020-04-17,94.42606974277228,94.52265707550579,94.21186413922831,94.46893463460867,2441
2020-04-18,94.97138630106409,94.63614253347188,93.9719201386287,94.59770982997006,9992
2020-04-19,94.29366673591906,95.2172234527496,94.33236986978272,94.56048687208697,1606
2020-04-20,93.31737982832578,93.94933180933079,92.79520873269385,93.60110126443745,4109
2020-04-21,93.7164759837535,94.51994408965652,93.50936001318846,93.58784432671284,1365
2020-04-22,93.5073291680918,93.9536132273689,93.38924401292917,93.61795943168336,8343
2020-04-23,94.9280702573117,94.8941795862323,94.19926363555179,94.849580487926,5041
2020-04-24,95.35129464148879,94.89400180323682,94.60456554787905,94.75340000553544,2124
2020-04-25,95.02222219875344,94.96588324345272,94.79761679965584,94.90417367670224,8996
2020-04-26,94.95046865350886,95.10911378938619,94.73356168861473,94.88681779184962,9682
2020-04-27,94.0417126594443,94.51939639308429,93.85525667294627,94.30247877303985,4644
2020-04-28,94.36389623831006,95.25044884560765,94.63053491513462,94.87389018029737,5224
2020-04-29,95.2280927120587,95.81131403536453,94.59130759826326,95.24985669664075,3026
2020-04-30,95.96543374414473,96.89695856561514,95.23150697531398,95.64537267016227,1020
2020-05-01,95.0937975406467,95.43267111256517,95.06922182722127,95.1906789427649,9219
2020-05-02,96.01251484799457,96.24168231756896,95.02116689075311,95.89207609823296,6018
2020-05-03,95.61909974865239,95.99497122209841,94.79873788256256,95.19115056683681,8071
2020-05-04,95.90503400770606,95.6243854736893,94.94598286160306,95.48457911373696,2453
2020-05-05,96.70845169292247,96.64340661863315,95.87126840997037,96.57980692664194,6256
2020-05-06,96.1355707076738,96.32094629904051,94.28312269617116,96.0845387640766,7461
2020-05-07,95.34579998457428,97.16261696977118,95.78059536549598,95.80138989927521,5835
2020-05-08,95.66215718856596,95.9342858883582,95.14101512025411,95.85121558181903,6986
2020-05-09,95.5152510123555,96.17434848244487,95.09316012755995,95.59947775476093,2475
2020-05-10,94.56844655579762,94.98631889482533,94.3261297875741,94.82414603922787,1935
2020-05-11,94.93296350551671,95.37659212504995,93.97130771761078,94.85842752663088,9426
2020-05-12,94.90077012481366,94.75501701773062,94.11761915427559,94.32727566976783,1034
2020-05-13,95.0194003628839,94.70088569028205,94.31472937311722,94.56407188508541,9530
2020-05-14,94.17752372651788,94.63052450277011,93.94447701122759,94.10435976796852,4525
2020-05-15,95.11315719208473,95.11709419384496,94.78797708451634,94.87932697047728,6978
2020-05-16,94.26911902970234,95.08438820858083,94.32844989781009,94.48770032430917,8807
2020-05-17,94.76589637140698,95.2432547920557,93.54529517367983,94.32666956620633,1705
2020-05-18,94.2648381961076,95.24240670110584,94.49435481353802,94.73342817489116,5847
2020-05-19,94.39184446500003,94.76602036308614,93.96565653537732,94.11799601667418,5344
2020-05-20,94.38040289703618,94.32106642778024,94.14457048221296,94.23172598397625,6334
2020-05-21,94.65853954509114,95.26174290186435,94.77113814810488,94.88529736111747,8467
2020-05-22,94.01891971681546,94.38902779509486,93.1245528298301,94.08155574383684,5530
2020-05-23,93.83359686215618,94.58645562297578,93.88380885175354,94.173872673103,1238
2020-05-24,93.97632205588656,94.41693311456093,93.96012744910847,94.30381407022722,5244
2020-05-25,94.2174093059287,95.25369241747944,93.97595213064955,94.69472550611587,3104
2020-05-26,94.30650432133704,94.66090778322007,93.49894086690796,94.07625015067683,4668
2020-05-27,93.77762533496269,93.49109576014341,92.83638064451927,93.41602184413469,5631
2020-05-28,93.0284502677991,94.5432399244268,93.66187572558447,93.67699262694313,3162
2020-05-29,94.37697661840518,94.02208546540082,92.78768743112082,93.82548496355973,7474
2020-05-30,93.94712891774162,93.96783373100172,93.72824628723912,93.95073138873268,5461
2020-05-31,94.21091145494421,94.5512678143587,93.25593446370547,94.12395549348116,4565
2020-06-01,93.34221928201639,94.01243904960454,93.09941248277069,93.78394313269192,6368
2020-06-02,94.29631770632187,94.60418336542614,93.51540440409721,93.90006998127241,3933
2020-06-03,94.1066812458718,94.0851455236125,93.22018912475224,94.04660621792175,4108
2020-06-04,94.03107838083996,94.21727763335015,93.1326698321794,93.68943050890857,1464
2020-06-05,94.98857526067528,95.17088969936619,94.29915911563225,94.62231776448095,6340
2020-06-06,95.25969655175322,95.17057010821303,94.3232544065138,94.85923422493684,3920
2020-06-07,94.06909824357986,94.51485559956261,94.16680960175172,94.26358247633551,1810
2020-06-08,94.52947067828447,95.1979046403138,94.53953596852332,94.59185928065243,6909
2020-06-09,93.92100782311992,94.85111335164324,93.93144497356258,94.10451844553877,6978
2020-06-10,94.76658968623238,94.58245311611797,94.10978910264491,94.49806074741,7629
2020-06-11,95.17722530572283,95.21892394807347,94.7041611001526,95.0773585369137,1398
2020-06-12,94.98776083694182,94.71804557305228,94.5343533502379,94.66701737773785,8700
2020-06-13,95.48252708327718,96.38710147579856,94.97850786400208,95.14870544236001,2075
2020-06-14,94.83691805854657,95.60564091048263,94.99907557811923,95.35509590582825,8598
2020-06-15,96.17135702499166,96.52579416137083,95.67368349427615,95.7661259858255,2862
2020-06-16,96.99978076448218,96.77285335273723,96.30607185123868,96.71452247715247,1885
2020-06-17,96.4810609541954,97.10738144579817,96.56260907170925,96.59182841915104,6538
2020-06-18,96.31989816693118,96.47152396015444,96.17224099436234,96.2149603369723,3566
2020-06-19,95.73310225068472,96.65515965598732,95.63934948042136,95.77020312215953,2673
2020-06-20,95.54711468326616,95.81727925010709,94.47917677484088,95.36229797967681,6259
2020-06-21,95.21232821075829,95.64376043416192,95.25752476511997,95.32374712496976,7490
2020-06-22,95.63800128472882,95.67252940414527,94.99202417881584,95.49432311237808,2691
2020-06-23,95.6528601034409,95.96323706813858,95.51787481355525,95.6326685120431,5153
2020-06-24,95.91660196551251,96.14654572688899,95.92713798561188,96.0462601365611,1657
2020-06-25,96.10980195597067,96.09172245033932,95.99318144752444,96.05276108250006,4256
2020-06-26,97.59146899312535,97.05431527911094,96.75011491649468,96.77952812107871,7321
2020-06-27,96.44153871551204,97.4016591515932,96.50731585059563,96.64719970445974,5054
2020-06-28,97.93230121037607,98.56645335615111,97.52762390514506,98.00728428775454,6246
2020-06-29,98.11968424174714,99.02981013953507,97.58744776991458,98.32011796163705,7333
2020-06-30,97.72257426777063,98.00353666787943,97.56439048669176,97.8915391834289,3614
2020-07-01,97.60082524041395,97.7244746069823,96.90703101810772,97.35609293439835,1771
2020-07-02,97.81209387991076,97.90675930709226,97.22451122561854,97.59732914201994,3574
2020-07-03,97.48383869836063,97.80021463105074,97.4081117400788,97.48559774935703,3196
2020-07-04,98.15048697198381,99.29965260428725,97.45898568267643,97.84259799640307,8933
2020-07-05,98.31724979733814,98.71775908985539,97.72250229568127,98.07921680868984,7357
2020-07-06,97.99410209655355,98.58439657569443,97.64898767288393,98.0428023523614,5715
2020-07-07,97.15924607078894,97.73620303395799,97.18963508265615,97.6194054933272,2997
2020-07-08,97.11091678336898,97.92038340846621,96.31350598240695,96.86198188098427,3082
2020-07-09,96.68962379125134,97.05682183030284,96.44443978157462,96.63872440495075,9963
2020-07-10,97.07359084122268,97.199837984936,97.05823174734117,97.0669238021125,7363
2020-07-11,97.03415626817468,97.71261751068545,97.05301011061145,97.1739706741776,2163
2020-07-12,96.7744959695565,96.56003236226546,95.61275611915266,96.5511012848216,7941
2020-07-13,96.74224062347575,96.80499367501234,95.77684544167963,96.6376917477472,7408
2020-07-14,96.75930202477092,97.11316688855497,96.69332744316874,96.83035043761161,5882
2020-07-15,96.02078535534537,96.52468071462584,96.30206951122257,96.38842171951104,6056
2020-07-16,96.78566300304783,96.98050366530221,95.84300977710228,96.46528427248381,4693
2020-07-17,96.67586019865358,97.14012307623949,95.32190249694621,96.49438863170681,6676
2020-07-18,95.99952435277518,96.07640501279418,95.66705654683564,95.9229034827915,1772
2020-07-19,95.30476496443144,96.24766352565479,95.90823852617574,96.10179716296564,1723
2020-07-20,96.37082114901493,96.48924491729282,96.21403440342444,96.38218942614975,2218
2020-07-21,96.8513539366947,97.16828032606203,96.8369717523804,96.92371504773739,1705
2020-07-22,97.26506736823855,97.47820139269058,96.72704867453243,97.45061607375484,5537
2020-07-23,96.98805197334559,96.76208563093745,96.42505195191269,96.7617813897763,1610
2020-07-24,96.50732688006892,96.89118243023235,95.81385123550432,96.29286886981873,6054
2020-07-25,96.68143391858078,97.3084445936006,96.52682636751761,96.55038650342307,8975
2020-07-26,97.11864675330949,97.56105595119588,96.10759295580641,96.80727947887917,5046
2020-07-27,96.75811376782204,97.06981389790248,96.02495480445918,97.06480332203219,9036
2020-07-28,98.85507285032875,99.33551628408216,98.22646520574374,98.99116906735955,8531
2020-07-29,99.29905200166188,99.43210005594918,99.09673147062313,99.27661432270614,8314
2020-07-30,99.65779653702806,100.0456552476641,99.82851228644762,99.84439714279644,9362
2020-07-31,100.5395487910541,100.65611721031428,100.21631620076504,100.32139802454304,8880
2020-08-01,100.49043339575643,100.70315687200161,100.46280519682587,100.64709365019594,8122
2020-08-02,100.8789700292098,101.44612919523716,99.4835982401544,100.48945902787577,3399
2020-08-03,100.58959581759734,101.35146642841049,100.45749184263417,100.8689436381224,5955
2020-08-04,101.1221261257038,100.93078086595371,100.0186213027956,100.48253103085362,2374
2020-08-05,100.97291093416433,101.73433493850108,100.3631652594731,100.3641217274836,2596
2020-08-06,100.09301400967445,100.71515352941005,100.09097019767606,100.12143995356905,7284
2020-08-07,100.50622815853995,100.4229920185845,99.57405824895385,100.16237702326222,1745
2020-08-08,101.1995778884464,101.97779434736398,100.58844111525325,101.31970630659897,6484
2020-08-09,100.6900596597725,100.48535830374358,100.26629898186067,100.3860737103031,9934
2020-08-10,100.67641030605333,101.7599065175018,100.32960244586928,100.72920380549036,4520
2020-08-11,99.53721390034298,100.13802719064877,99.7409001888205,99.92284586989553,4422
2020-08-12,98.62703448069715,100.32420649901998,99.68316136759586,99.68687993700081,4155
2020-08-13,100.15074120166332,100.69371613824121,100.12922776415598,100.2313552354845,3723
2020-08-14,100.34721399763782,100.59484098677625,99.91949083760981,100.26349524503223,5268
2020-08-15,100.12371778387843,99.76800339379889,99.57157315940202,99.72462285606757,7025
2020-08-16,99.37795851108301,99.63338913582756,99.07665336156124,99.36697100143759,7061
2020-08-17,100.00764291632021,100.11640310799962,99.25608151769046,99.70676987590493,5240
2020-08-18,99.20540409587991,99.81928084563629,99.29398600227583,99.34158656004637,4522
2020-08-19,99.34863216397792,100.04858201046993,98.80095884252984,99.44981585483735,2171
2020-08-20,99.78881247954783,99.91950999008006,99.11088316320772,99.47260177478925,7269
2020-08-21,98.40739925558557,99.69881441772255,97.54716927838027,99.14680160098635,7029
2020-08-22,100.22266879431989,100.96389740729853,99.97152734470794,100.21877364564901,3722
2020-08-23,100.41574475194126,100.60894030272932,100.51691062425945,100.53573315680802,8633
2020-08-24,99.9313452249349,100.10391338772021,99.45509393904572,99.52316186347922,9874
2020-08-25,99.45791513236998,99.70882739898656,98.62631184509823,99.61638902086392,8242
2020-08-26,99.44047127935076,100.03836968876182,98.99804276802222,99.28549578847974,2509
2020-08-27,99.98816754667826,100.13168472574885,99.44648652933327,99.71171245587784,8935
2020-08-28,98.86767328842237,100.15830296367898,98.49381756937636,99.3154520866615,3263
2020-08-29,99.21627277344588,99.58120502800134,99.07576283886948,99.25808386592804,7886
2020-08-30,99.38108657519248,99.74985463877712,99.26724610175643,99.51057750541827,3284
2020-08-31,100.22734307655222,100.20128541754504,99.55041450309933,99.94345510250334,3959
2020-09-01,99.5458314512191,100.15424377286797,98.94336656621877,99.34330689897544,4266
2020-09-02,99.10609567203721,99.43597335391757,98.27199480408416,99.17605628105497,4518
2020-09-03,98.62436121034968,99.6048085159736,98.30065702313382,98.9385836254745,7215
2020-09-04,98.92336301799365,98.92762831232383,98.17487230780516,98.61191900918763,3015
2020-09-05,99.47435029634856,99.89418016589934,99.4231887833316,99.49464612932819,8663
2020-09-06,99.21162401510843,99.70020271002628,99.44393577567149,99.69713698480867,9346
2020-09-07,98.60698088795017,99.34576163746986,99.06398934031479,99.06669500764114,9492
2020-09-08,99.65691601019043,100.02281534666456,98.94193064181796,99.52562598116853,9386
2020-09-09,100.20396222184519,100.85072208194883,100.58459881923696,100.58670407967485,8564
2020-09-10,101.6608309580315,101.48715446840215,100.83274964448489,101.10293670995041,7352
2020-09-11,100.0621306416656,100.36779909262624,99.91994930577928,100.3432517269734,2437
2020-09-12,100.10102647293311,100.77698845655262,99.79181971516694,100.10113469054029,9924
2020-09-13,100.78232385498168,101.07753549335256,100.55760182260175,100.73459026513359,4044
2020-09-14,100.16194221055315,100.51187231701563,99.43442867815564,100.3807555323242,2451
2020-09-15,99.93071713722394,100.82052066258969,99.88777781663988,100.60266524639732,8087
2020-09-16,101.04725080239686,101.00641951568821,100.69856823838393,100.98998227311199,5709
2020-09-17,100.30054504029226,100.54667088698807,100.45080015724258,100.52651703732295,2288
2020-09-18,100.531715887577,100.94421939007484,99.79621968147848,100.49675435929205,4247
2020-09-19,98.8394213735859,99.17166595492013,98.47878152773495,98.87612068925752,2375
2020-09-20,98.44291424301191,98.44213150798677,97.21709585740504,98.36392686859037,5279
2020-09-21,98.7062038290906,98.61947686775328,97.71067736896617,98.23764279289378,8491
2020-09-22,97.44989629809322,97.81411982875716,97.44468103923239,97.61375120191136,4973
2020-09-23,98.28930345757443,98.6432566720202,97.5364730711017,98.42995685387719,5594
2020-09-24,97.2151469740707,97.7772452440151,97.26609166251843,97.71488616489687,1999
2020-09-25,97.43630873621858,97.56897536596993,97.14495644971939,97.49486392154837,7338
2020-09-26,97.68319520697392,97.81286488177852,97.43215125706851,97.56023421019142,3042
2020-09-27,98.13582239145316,98.46438216208529,98.13715575061137,98.28087085472447,2044
2020-09-28,97.6878689292564,97.75814437234557,97.41837956555133,97.56293977913475,5893
2020-09-29,98.09126909756547,99.12890030992921,97.73186789659208,98.14452165521223,6688
2020-09-30,97.75895831433132,98.61950592659558,98.01702625299676,98.14963818572203,5399
2020-10-01,97.75247938155299,98.03918419241063,97.46656879416244,97.65888386019806,6260
2020-10-02,97.82818595726017,98.17540609430078,97.21534954525792,97.88993559732968,3136
2020-10-03,98.02629279153923,98.048640477944,97.47729234412351,97.98946544511642,3927
2020-10-04,97.5192720415739,97.88513259416708,97.35360824956328,97.68935700653702,2834
2020-10-05,97.52763729213476,97.79292871131459,97.18074288503139,97.72425804903203,8754
2020-10-06,97.57882449286704,98.12642257334377,97.42505596316667,97.53160125060116,5400
2020-10-07,97.51917994961414,97.7611700955525,97.20488929203525,97.58835992322678,4819
2020-10-08,98.43670873523808,97.95046960959445,97.65644889059016,97.9194252604873,8384
2020-10-09,98.95205282220833,99.23352895705149,98.58320358140044,98.71243366855998,5379
2020-10-10,98.25702719698687,98.21016843969049,97.93028460725678,98.09352591914656,8529
2020-10-11,99.10679836602426,99.22078189613921,98.00423791882437,99.16004260647469,8535
2020-10-12,97.57619167217048,98.3410100079565,98.14658443505384,98.18399870671344,9632
2020-10-13,97.86582768091034,98.15491067087882,97.79918704975603,98.10810615919564,4954
2020-10-14,98.20807672666264,98.40687825893568,97.43141773869147,98.40226476243794,2962
2020-10-15,98.46026538041848,98.83610799068639,98.11243613034809,98.54276069630545,4448
2020-10-16,98.22140308657816,98.60699454620709,97.68795408893679,98.23141093639515,4567
2020-10-17,98.32417230086217,98.62663500445774,97.65015994956521,98.12734981121652,8817
2020-10-18,97.96279301220811,98.57684098728564,97.67308034696859,97.88084934388709,3894
2020-10-19,97.93392792285596,98.02602564610727,97.06838443152628,97.58616696541499,4010
2020-10-20,97.91739742186974,98.09810153115897,97.83865276160824,98.0109680139255,4863
2020-10-21,98.26662464015907,98.24103454813084,98.07615344512487,98.18947575690802,8325
2020-10-22,97.94617422761135,97.97866924085153,97.5275934399215,97.84302095927771,1744
2020-10-23,98.3665387823019,99.470672642058,97.73602102140107,98.29282089699433,8392
2020-10-24,98.83103773181467,99.2337638363138,97.4108429303552,98.44647065743263,1556
2020-10-25,99.09403401367628,99.3961417782973,98.78537386446027,98.85290171685212,4800
2020-10-26,98.77189517196348,99.39059606342248,98.69803460577812,99.16771613781391,5725
2020-10-27,98.71891930263509,99.70696396862952,98.58153345745515,98.75321863235288,2851
2020-10-28,98.46893600758546,98.96181017099626,98.0953756590216,98.4731281122544,3356
2020-10-29,99.49223723392453,99.79058747512903,98.26450152576096,98.84677491481602,4864
2020-10-30,99.05302269315911,99.63456708590803,98.90789190746169,99.15196004753275,5197
2020-10-31,98.84676407954983,99.26087821319636,98.94377453052789,99.14150925055068,7275
2020-11-01,99.33167057104806,99.83709160477217,98.59392747016408,99.20017294220507,2883
2020-11-02,99.98810110598642,99.84635243787147,99.42993827928045,99.83900539009929,5297
2020-11-03,99.52108783656246,99.73630294468057,98.52657014016131,99.54321969568137,8454
2020-11-04,99.75069008537513,99.89411355183367,99.56763617304577,99.81676838626639,4843
2020-11-05,100.00034324686807,100.07261078209451,99.21060670287531,99.71567206004944,7437
2020-11-06,99.35075201215788,99.65633868317947,98.81488366289192,99.60683145843583,9209
2020-11-07,100.05393388156887,100.41742724861818,99.56775993836364,100.15621988442943,1671
2020-11-08,100.41228310028943,100.85233471782462,100.49096876589789,100.56892805892345,7092
2020-11-09,101.30385125620995,101.38113976323162,100.91769725054304,100.97568287692377,9399
2020-11-10,101.71407054148683,101.95529329540442,101.33118903972431,101.62842228050093,1160
2020-11-11,101.31942597212092,102.09662568655978,101.02456082109452,101.63892420131731,5414
2020-11-12,101.69054876898596,102.59125658338077,101.81741138988046,101.9799006869648,5557
2020-11-13,102.3867918457517,102.65912423984112,101.22717460746651,101.82476730866806,2582
2020-11-14,102.3118158093444,102.5533136785628,101.39040238809389,101.98685048491228,3956
2020-11-15,102.17424404218549,102.9519903069508,101.18332280957331,101.92177895772845,7195
2020-11-16,101.97395102251681,102.09627882082577,101.43656844728046,101.9702769402248,9243
2020-11-17,102.72039742497937,102.56739754559067,101.84316466425445,102.26785545294325,8338
2020-11-18,101.52772367553305,102.3772477735111,101.67226585621997,101.85874511132653,5705
2020-11-19,103.1308290028306,103.04267990675876,102.33248462034976,102.90493874916925,2744
2020-11-20,102.26894800646173,102.49307017018833,102.1534805348431,102.4019300584194,7274
2020-11-21,101.72016775612896,102.45193551683708,101.52237115793604,101.79483575202553,9117
2020-11-22,102.5916279682253,102.4432087030408,102.37046419132483,102.37389118877557,5932
2020-11-23,102.72665528315258,103.01877853357931,102.21048783003536,102.76972253575704,2149
2020-11-24,102.95137248644474,103.33986395574635,102.36391241381568,103.08178244428312,3559
2020-11-25,103.24740790448888,103.92866756071405,102.80443986625633,103.39595519891526,2067
2020-11-26,102.79392808883846,103.77723290155956,102.76169724003663,103.38983181249179,2829
2020-11-27,103.17016571253158,103.20750800508563,102.28880773993846,102.94120462674888,5283
2020-11-28,102.67711788400611,103.92686057884141,102.52950885782172,102.97910690584574,1922
2020-11-29,103.19804887178748,102.71569023697154,102.08841878967982,102.64052605008969,7746
2020-11-30,103.04180215185407,103.22810281045473,102.8479049414652,103.12808591679857,2550
2020-12-01,103.44738916528128,103.0880622469101,102.78204343958627,103.05455722604749,3982
2020-12-02,102.09909931784644,103.05264904080376,102.63625733233982,102.64180862765124,3044
2020-12-03,102.70056061318432,103.29288031227064,101.77896295424176,102.48111570682474,6813
2020-12-04,102.98414815371609,102.95143213992286,101.733576008473,102.68758143396255,8097
2020-12-05,102.7967882478699,102.96936191941403,102.27602699083917,102.40571915756057,2597
2020-12-06,101.53619732794137,102.21997909842872,100.66496836775366,101.99460895977735,6709
2020-12-07,101.90563697439723,103.11730556638607,101.96780901814331,102.1164525655233,3321
2020-12-08,102.4118888369045,102.56457958356926,101.77156178630699,102.23893585107767,5858
2020-12-09,102.02999685704533,102.46952856231826,101.87314810546407,101.9854642633921,2317
2020-12-10,101.8379530033521,102.0586594260466,101.38668765121555,101.74994511058294,4555
2020-12-11,101.75788409751895,102.20267719904169,101.68743739203157,101.86597007926176,5297
2020-12-12,101.6071674930298,101.58582987630253,100.52460519977217,101.1419279085131,2557
2020-12-13,101.22073565580877,101.1374380178595,99.99507680464309,100.43819602132483,7304
2020-12-14,100.11016788790134,100.4695615788424,99.91839781713352,100.07897391069861,2069
2020-12-15,100.10827670849426,100.07994447927273,99.4395429457235,99.97225033484268,1497
2020-12-16,100.14457724132853,100.19826136599448,99.74476208348138,100.12770411764168,1104
2020-12-17,101.25059824583069,101.62787469618848,100.63743090953263,100.86538222611645,4753
2020-12-18,101.54294692299452,101.3611017239781,101.14236574075687,101.29421203771747,6042
2020-12-19,100.8943286015447,101.64446200676917,100.42114414019619,101.21424277273576,5035
2020-12-20,101.02092406563602,101.55189785935906,101.18389477971971,101.20473466878441,6204
2020-12-21,100.40068094856375,101.98984618108774,99.82609077732738,100.7034699864655,2847
2020-12-22,101.50266011812798,100.94412423645622,100.37077818602093,100.69421341846932,3572
2020-12-23,100.74047763408387,101.54545417348658,99.48085649319225,100.54988409900925,7965
2020-12-24,100.53253751134535,100.89185847563547,100.35505170674506,100.71124337917828,1983
2020-12-25,100.09496229521469,100.35887337008936,99.90379711149693,100.29762790740213,7434
2020-12-26,100.79887054641279,100.60097987715284,100.01632822493323,100.55730116452271,7482
2020-12-27,101.59514666592173,101.68907718382837,100.84718620427029,101.323670621024,5629
2020-12-28,101.5087228607209,101.39193641811404,100.26763460660455,101.26929054679557,5647
2020-12-29,101.34247920025012,102.09139682630473,101.30648268758432,101.47014640784504,8540
2020-12-30,101.90697149702486,102.28767276504313,101.48389670678658,101.8152184037006,1126
2020-12-31,101.64788269704769,101.93750698855953,101.53538984569407,101.61460816775768,2757
2021-01-01,101.44577629693136,102.2344860241028,101.56820088436002,101.72665440866288,8390
2021-01-02,101.45500245619098,102.00205641179991,100.94912542916003,101.73295060905379,3269
2021-01-03,101.90537817169114,102.46652054565622,101.27454991282005,101.7817886583282,2614
2021-01-04,101.45421909071356,102.27769670829633,100.80496215057025,101.39528376640047,1098
2021-01-05,101.5735443667826,101.79467381473196,101.3464928053044,101.40753885352994,2506
2021-01-06,101.89384491076078,101.76837128505439,101.05302474243882,101.65653799915266,4475
2021-01-07,102.83192458979944,102.54741643359539,101.59080028118316,102.38210980305018,4257
2021-01-08,102.62897390025798,103.14442019234333,102.81934639913624,102.86174521609279,1375
2021-01-09,104.12740730446619,104.01003942538422,103.78080464004898,103.93833644484857,4474
2021-01-10,103.77942230836315,103.84234102566461,103.52157324747199,103.55466266340454,1235
2021-01-11,103.89718385800724,104.47112959801662,103.94343764576232,103.99082298176488,5753
2021-01-12,104.11905293970483,104.47824270262053,103.25401075676469,104.08249398463406,5163
2021-01-13,105.09142788423407,105.26330068314422,104.40115526435035,105.17739545124289,8111
2021-01-14,105.40582342357247,104.84656219558713,104.65035379987472,104.77324630856532,9157
2021-01-15,104.38484119460726,105.52793966648744,103.7718357949494,104.35338538747493,8699
2021-01-16,104.18914059736633,104.52863359887756,103.01992740465371,104.05368906475292,7727
2021-01-17,102.91254591352286,103.45265303075813,101.82794158613285,102.99174120259802,9808
2021-01-18,102.5849733218824,102.77885777364041,102.34362347341388,102.72886369175764,1052
2021-01-19,101.95869656247028,102.51686893036988,102.03980857677723,102.34929736098078,6386
2021-01-20,102.75445484163649,102.49216137118044,102.19704392016632,102.42449425421889,4103
2021-01-21,102.82590349132646,103.21011982096152,102.35129510983806,102.59537224210747,1190
2021-01-22,103.44312872838348,103.7394192789084,103.27543358366452,103.53345766171542,8354
2021-01-23,103.73855860988925,104.91444746740538,103.73540737278168,104.00866958080843,4472
2021-01-24,103.77419031090328,104.00975590341498,103.67258572078887,103.72021775297723,6273
2021-01-25,103.12170137541396,104.5165911213788,103.22894562572844,103.27101041730306,3098
2021-01-26,103.45035723246667,104.12533174930529,102.73059480021057,103.51697000305631,3585
2021-01-27,102.47778541616512,103.40166816100056,102.44698772132655,102.85685339954598,1450
2021-01-28,103.83770365666757,103.95222543462637,103.47131509967973,103.77258278247317,5429
2021-01-29,104.43340380343044,104.72093461472542,104.02129193540179,104.36230284283381,9956
2021-01-30,104.45613188205336,104.55741462219005,103.5250302388892,104.12771501678145,1481
2021-01-31,103.22592528164624,103.5062756103692,102.09794709023932,103.27114775223602,3407
2021-02-01,103.84801519615758,104.69735711965365,103.61989128889806,103.94808393931872,5648
2021-02-02,103.42378575685726,104.02667903662727,103.14439807100983,103.89081401669242,1075
2021-02-03,104.84001045718793,105.44458800365665,104.14935855353112,104.50972217267915,2460
2021-02-04,103.98035527824905,103.74415995467264,103.44537733194588,103.71250834328197,8871
2021-02-05,103.42144236422712,103.45211502826226,103.31274499940136,103.41282083180508,8501
2021-02-06,103.01667336530505,104.01462696635089,102.40878220861543,103.41544268166416,2998
2021-02-07,103.07457486922009,103.44610118963442,103.1771561072328,103.43893297854653,3590
2021-02-08,103.04976846417763,103.42469139852706,102.69423659336788,103.21390024280691,6032
2021-02-09,103.81489292164066,104.04785328159626,102.95822799742302,103.52532520898066,9390
2021-02-10,103.07861628486187,103.05191011053994,102.8827503023726,102.99151499428937,2097
2021-02-11,102.47231809511419,103.29533659256158,102.41858920745719,102.92032525177872,4494
2021-02-12,103.10173664201474,103.55797184790549,102.14346335391606,102.98047306763468,4965
2021-02-13,102.98594851091279,103.33452336692245,103.12951421736841,103.23769248466405,3141
2021-02-14,103.43683625575486,103.59496290704821,103.10763676882824,103.59349992370849,8020
2021-02-15,103.32270028154606,103.12013307349538,102.88184618249971,103.03117887778956,7503
2021-02-16,102.493773017556,102.79945597813004,101.69402319354369,102.26412179242175,8336
2021-02-17,103.23089016821862,103.16678709146017,102.24826323065436,102.902960203371,9488
2021-02-18,103.06217715363553,103.07090851027719,102.61512133827173,103.0691172093608,3772
2021-02-19,102.95978130844237,102.79220578859486,102.52111119406916,102.69487394108252,1317
2021-02-20,103.29460904971486,104.10666412025208,103.21050846295981,103.47044992884378,1271
2021-02-21,103.45101746560863,103.63699017235372,103.22668920946087,103.52828724599021,2367
2021-02-22,104.02004787070068,104.54538779934032,103.37359949613119,104.11793583802212,8021
2021-02-23,104.15885458419451,104.1563927560151,104.15149048577804,104.15169507872717,8250
2021-02-24,104.79612171527455,105.71021328304124,104.66903812572198,105.18206904116818,4311
2021-02-25,105.99223799145277,106.25850334067634,105.85900647859751,106.05973946238977,9634
2021-02-26,106.37075457860585,105.94196763084446,105.69571886040151,105.93525738815023,9800
2021-02-27,106.09328441508399,106.42768440810693,105.8349563401142,106.42104286362742,2092
2021-02-28,106.34493445384548,107.22095015156548,106.25971603482182,106.74373083841999,4784
2021-03-01,107.0534401188875,107.68150447725432,106.25863514642205,107.42804661718617,7612
2021-03-02,107.7441427201185,106.96568725416431,106.52816701810379,106.94558488689611,3857
2021-03-03,107.42806621115643,107.53960659698593,107.20719359711977,107.28861061689533,2944
2021-03-04,107.7367432450177,108.37105374572616,107.65955000871524,107.81782286032012,3871
2021-03-05,106.95894924101101,107.56356113005597,106.83392112627232,106.93845311710857,7604
2021-03-06,106.41511568054973,106.5580718084919,105.96645693738718,106.34682386077569,8639
2021-03-07,105.13507277917681,105.8410671462854,105.2010086685696,105.32720777189563,3138
2021-03-08,105.03733933006062,105.35026582513348,104.62327305909619,105.19250435467335,9480
2021-03-09,105.50397054291072,105.5752049463977,104.60642658927237,105.55127548257133,7937
2021-03-10,106.08502748214887,106.42795578019442,106.19265316771258,106.30245400861935,7115
2021-03-11,106.22042101672287,106.42920848435365,106.32888486594132,106.33950139882923,4344
2021-03-12,107.25973664481398,107.91214044475784,106.86822416339628,107.15380917161488,8700
2021-03-13,106.16461248862142,106.63838938518143,105.82241013120226,106.46375844250744,8148
2021-03-14,106.39505204911421,106.42032805008672,105.46719520937283,105.61206722282985,8681
2021-03-15,105.8102403566474,105.91395544077012,105.08920585409632,105.58429337338154,5686
2021-03-16,105.3953006762974,105.93547660490336,105.70685392241853,105.7763260978512,7699
2021-03-17,105.01660767107397,106.03078910545875,104.87749279674092,105.75997872380415,3630
2021-03-18,104.52000668824289,104.76976528544328,104.40066278899653,104.72625767378422,8914
2021-03-19,104.88700584891,104.97325906968996,103.99713132283696,104.68169765402781,1223
2021-03-20,104.17660387211043,104.27283365485442,103.39203711826924,104.0294629037754,2521
2021-03-21,104.33104462508582,104.46295588433554,104.28838963181853,104.36429917819041,2654
2021-03-22,104.3671655628959,104.93437210879235,103.85993796020932,104.54759830123884,7048
2021-03-23,103.80641899587759,104.60312899116964,103.07679566745803,104.07765840807517,6144
2021-03-24,103.69995002807396,103.99089519084826,103.55453894375844,103.82072494940681,5772
2021-03-25,102.98740419631406,103.4039795042684,103.1306503113019,103.29111818846233,7307
2021-03-26,103.14011531296322,103.48760209487006,103.03447947418618,103.25977863982575,1736
2021-03-27,104.13663508082323,104.13396039867989,103.60583220916742,103.73734980007637,9337
2021-03-28,103.01311483713378,103.70231367903777,103.2118314210724,103.2444867769086,7978
2021-03-29,103.67977441958313,104.08971782992633,103.16541576082919,103.49651003466752,2033
2021-03-30,103.46040836937657,103.72581739929909,102.97331374243733,103.2313812254813,7663
2021-03-31,102.51106441378936,103.08038125679691,102.07000306514756,102.83494480935013,3281
2021-04-01,102.528418067005,103.0473953835189,102.53081512565113,102.78142962937285,8348
2021-04-02,102.5844914992592,103.5800015705019,101.75343836305902,102.26380846816316,7033
2021-04-03,101.70925460359436,102.2019338680935,101.41942410578395,101.98698381548957,5619
2021-04-04,101.3707991444319,102.22685759027321,100.95467975252828,101.38804486919514,9577
2021-04-05,102.9824025823039,103.00372343320666,102.2691081734153,102.37040743565335,5939
2021-04-06,102.68198888875762,102.88286469472139,101.31822542986242,102.38803921163921,7478
2021-04-07,102.06374559316359,102.38147872356701,101.81859124542676,102.03817645764292,1513
2021-04-08,102.3973855853694,102.5680110687333,101.82320990786195,102.14516641301003,9218
2021-04-09,102.07222576257041,102.22295175524387,101.18996320819318,102.08900238816462,1664
2021-04-10,102.28398713835904,102.33290668975874,101.48892737025919,101.97851758839799,3187
2021-04-11,101.67172130901577,102.69527173478699,102.245760448497,102.2856009384197,6824
2021-04-12,102.62257499453088,103.24359079168003,102.59261992829117,102.66435479344337,7238
2021-04-13,101.77320224766025,103.01100103089469,102.1392854855038,102.3991042196381,7311
2021-04-14,102.15960165578531,102.58584334850342,102.04062668855758,102.11119509931576,2540
2021-04-15,101.90281588125812,102.23566872853209,101.34128448735245,101.97366925073993,3631
2021-04-16,101.23092762236485,100.86908020126192,100.66212396885031,100.82270866837214,8157
2021-04-17,100.27866134785218,100.31362848260582,99.57359664391299,100.06511313727287,9499
2021-04-18,100.5907239647331,101.22512902337267,100.21682933786424,100.74855027099512,2993
2021-04-19,101.44916925077152,101.75253197946212,101.20329987310492,101.57103412774578,1703
2021-04-20,101.56072506703651,102.03333130424099,101.43170553698913,101.44651610796758,7638
2021-04-21,101.56302641172948,102.23175505408317,101.41793663913286,101.73479458949546,1354
2021-04-22,101.88070783085186,102.46687629486964,101.58385841715264,101.89041966676723,1546
2021-04-23,103.82486949034931,104.3801845918559,102.41993514461294,103.42986007099485,6136
2021-04-24,103.74090847165303,104.18629509579539,103.41960622620043,103.98964752671215,1109
2021-04-25,103.79138642118484,104.47891730711908,103.41537621071984,103.92568873097176,2498
2021-04-26,103.35568880703674,103.57084266939353,103.03988641642566,103.44791851067154,4671
2021-04-27,103.59211737839846,103.31353244358661,102.4345176872545,102.64469535054276,9754
2021-04-28,102.92889996722852,103.05251297778567,102.24685237116778,102.74642716847637,7892
2021-04-29,102.70787229754858,102.65289645746925,101.76901061964227,102.36825179583423,8952
2021-04-30,101.8875626545989,101.6929592179755,101.51067952593388,101.65712494103538,1465
2021-05-01,101.58445665870971,101.45502622796667,101.20819806825175,101.33383849891412,1176
2021-05-02,100.93513655830661,101.27416978639748,100.44034763507828,100.79306449710693,6861
2021-05-03,101.74621607466092,102.12950183135693,101.59204146602393,101.6366353146432,6382
2021-05-04,101.64223179677737,102.46434548256326,101.97619475175095,102.07745519311793,3927
2021-05-05,102.1808282393625,102.57752212583983,101.67023109495848,102.07346887245961,6056
2021-05-06,102.78093786418674,102.85592742322254,102.41422157891336,102.81344094190463,2482
2021-05-07,103.01576216658329,103.39607160178306,101.70106607019392,102.85212509572844,7409
2021-05-08,102.40022524507218,102.76360408532193,102.34521052124575,102.42148299506431,8232
2021-05-09,103.41199432151754,103.53592281481275,102.4909950182541,103.18304503369914,1426
2021-05-10,103.73447982688621,103.58280422170844,103.233442591889,103.45250005554146,2527
2021-05-11,102.06022897098451,103.67756420158022,102.36425606919659,102.93387697837824,6250
2021-05-12,102.70853979388664,102.88231013535507,102.68548173933084,102.83870763933643,6952
2021-05-13,101.84368244087763,103.02455033797641,102.31343677892308,102.40089851264406,3794
2021-05-14,101.7811820135545,101.77724433332027,101.14105330096231,101.7094986471619,1086
2021-05-15,102.0823749075715,102.94324799332837,101.62296314214446,102.17258742092771,4567
2021-05-16,103.53404428233877,103.79429483410125,102.76454995503127,103.12729574116278,6968
2021-05-17,102.49018535279347,102.81687947787714,101.98710281415288,102.42801195425321,9584
2021-05-18,102.56383757965938,102.74683949391694,102.69628211949825,102.7094965725985,7657
2021-05-19,102.66574674999126,102.3954254821603,101.77041316671838,102.38417528803758,9947
2021-05-20,102.04515185880699,102.52251248233685,102.11871031785161,102.14061259615522,7303
2021-05-21,101.6950163672677,102.0402509387878,101.21579815369866,101.8444156340358,8943
2021-05-22,101.53050787358845,102.35368062492962,100.54098701417001,101.41242024919589,9974
2021-05-23,101.92057248015014,101.68268309021977,101.27832709700533,101.4366810631683,5641
2021-05-24,101.27727157743472,101.58674031993026,100.19127207983388,101.02120600496278,6780
2021-05-25,101.32651370743713,101.63750503194788,100.7362526180753,101.1564344178527,6640
2021-05-26,101.95659992318464,101.13142733712603,100.99333381490064,101.13131536312814,7183
2021-05-27,100.79211832878708,101.05940377847166,100.54032101891441,101.01184133969493,8933
2021-05-28,100.3316441575915,101.26409731183195,100.41752339616532,100.55805950867413,1490
2021-05-29,100.31334468752189,100.35241962545653,99.82795179050905,100.26967384338997,4989
2021-05-30,101.10187737153426,101.13043928673336,100.61824727597315,100.64736945630284,4468
2021-05-31,100.61532225722664,101.46199883524791,100.24365886658786,100.89782805011502,2048
2021-06-01,100.93542220698467,101.04529209314013,100.33447343323213,100.40905042771575,1198
2021-06-02,100.02697983360784,101.23880199299533,99.94131399870767,100.45871658043036,9562
2021-06-03,100.79804472689992,101.89307221430174,100.04008805781794,100.83441014211627,9590
2021-06-04,100.05174720125618,100.20533771679732,99.61362515812326,99.99970750155558,1459
2021-06-05,100.00659802285017,100.344196096159,100.06631946686005,100.27138759774554,3604
2021-06-06,99.75370540879297,100.88609250451546,99.53007615031399,99.94007571827262,7932
2021-06-07,100.4643641963699,100.25644308580387,99.6649504186634,100.2253750525692,8463
2021-06-08,100.27621219705132,99.95798656315704,99.06686953143313,99.84374547429795,6461
2021-06-09,98.30692131521687,98.98438547601542,98.27272831854508,98.94130442396568,5668
2021-06-10,98.1816041206619,98.4090737435503,96.96179015874569,98.12753320502411,2293
2021-06-11,98.11758300727004,98.6248579376187,97.28881639997755,98.15157567835479,2198
2021-06-12,98.31365583590272,98.84670023898418,98.21085380452153,98.28143692921553,9661
2021-06-13,97.73424867397847,97.84468218416231,97.00543184927854,97.82927861666333,6007
2021-06-14,97.76142875518512,98.9189510343104,98.1208628150608,98.14857484605201,5934
2021-06-15,97.78050390833093,97.581055992315,97.1243943359243,97.31781481491754,7929
2021-06-16,97.63257379509308,97.50217226227998,96.64763130406841,97.28477491559387,3277
2021-06-17,96.64807005904359,97.08706393801073,96.53376200208893,96.67926681571265,7273
2021-06-18,96.20685479806957,97.16483624281335,95.94152719688375,96.35334876181157,9357
2021-06-19,96.19421590876802,96.98377977754625,96.01959517394499,96.37704809746978,8416
2021-06-20,95.17114544738345,96.49558390050439,95.84500209754162,95.9468414148278,2691
2021-06-21,95.86070966509361,96.34053060732448,95.46710922836003,95.75456364271288,6392
2021-06-22,96.49180712441095,97.16723555497137,95.21863173876508,96.2577100473201,3415
2021-06-23,96.01063474739146,96.90352770659509,95.70140679605876,95.96926411255853,7842
2021-06-24,96.36120923821119,97.08401899252821,96.16666966289387,96.38711016859111,9818
2021-06-25,95.86227179380828,95.91431644042638,95.7494954951571,95.8222567412623,3305
2021-06-26,95.83119103599266,96.12170142658206,95.9107837175905,96.08715883021993,9034
2021-06-27,96.65807657233779,98.21325729885793,96.59339893874342,96.80794314054889,7350
2021-06-28,95.5222209820156,95.70577940206914,95.13144014718218,95.57212089048524,2131
2021-06-29,95.38267623517947,95.39787988748955,95.04045022494068,95.17367326275,4955
2021-06-30,95.8758668383288,95.63936401709971,95.34976142889711,95.46220932634027,2644
2021-07-01,95.2919422804269,95.81244697522052,95.33144809908471,95.36068663331878,3294
2021-07-02,95.23282390873482,95.74000522745716,95.47705064383445,95.54625957000444,6262
2021-07-03,95.25496101387554,95.60051919769259,94.78836803581618,95.24426697664651,4217
2021-07-04,95.89100920415964,95.63222640442301,95.25712768167287,95.28756187038297,6196
2021-07-05,94.9223813221468,95.91495696089332,95.08908956505417,95.20972325268693,3085
2021-07-06,96.05936650765668,96.44247847135745,95.59253200523044,95.79361428351683,7803
2021-07-07,96.32161287200363,96.65187993276515,95.83068231867233,95.92082470516745,5216
2021-07-08,95.9816215782574,96.59441902015064,95.97314852948078,96.08962603620505,1336
2021-07-09,95.6734701798281,96.64097430767309,95.85514760154587,95.88368755314382,2259
2021-07-10,95.81237144595754,95.77690386143222,95.36306119883217,95.63988444110757,8179
2021-07-11,95.529570379039,95.55656744423396,95.26699335169447,95.42360534719775,4448
2021-07-12,95.82926366978316,95.67215570511222,95.51026730442983,95.6208314183869,3416
2021-07-13,96.03245200742371,96.09214282557662,95.32005870887804,95.41033917797677,6931
2021-07-14,95.60534057243795,95.77444029003262,95.05482508473371,95.55522660642498,9245
2021-07-15,96.23525955106086,96.89872778652254,96.23824755092649,96.5929270057477,5376
2021-07-16,97.04848135811407,97.0472710331541,96.7301416670083,97.02848935746354,8164
2021-07-17,96.93794462964124,96.94148704419597,96.84887250143693,96.86547759137962,2806
2021-07-18,97.84623514358807,98.61606911465483,96.45548775267122,97.4660845524616,1586
2021-07-19,97.20301754732252,97.9827177388085,97.15389670171906,97.26204686595082,5452
2021-07-20,96.12026424825326,96.88755051608061,95.89540230678635,96.24298459836189,1486
2021-07-21,95.3275832440532,96.06714472564816,95.7312647170252,95.73894144290318,8554
2021-07-22,94.9677693200095,95.04330797970616,94.10939322823351,94.80354548239026,2708
2021-07-23,95.63225089603131,95.44244799909042,94.36744419261004,94.62778874036961,5006
2021-07-24,94.5702206347632,95.56105298615864,94.19676237725018,94.63699792996438,5627
2021-07-25,95.61080307245861,95.73609991475156,95.25886935579788,95.47521658610202,7900
2021-07-26,95.47433041698962,96.24292137511864,94.5285521155643,95.6386802729841,4030
2021-07-27,95.14474453258092,95.7351717410154,95.51342850011741,95.52913000857967,5302
2021-07-28,96.07410358093158,96.500364849765,95.3976646501959,95.94383279917142,5380
2021-07-29,94.84672162969864,95.05479711803814,94.77235627836912,94.83826514466747,1937
2021-07-30,94.240406180802,95.04929063163253,94.18049888302274,94.95607242372175,7239
2021-07-31,95.82451363538728,95.58118199199328,94.95677636526379,95.34150502066524,3031
2021-08-01,94.72700121067645,94.79653552079198,93.83388398340533,94.60221189777532,3871
2021-08-02,95.19625758440986,95.30839973134782,94.89333290865655,95.17408891937879,6899
2021-08-03,95.2167440638983,95.8876545446555,95.27175395630823,95.34333712312599,4636
2021-08-04,95.25728139932352,96.53637966099308,94.6134750677717,95.13569316617559,6729
2021-08-05,95.58750288495354,95.6956676907433,95.11006237670868,95.45208409922873,5921
2021-08-06,96.70782694024895,97.69623506820695,96.12398811198784,96.58743052813094,4863
2021-08-07,96.99876156901122,97.09941300052087,96.0250021710542,96.67836365566018,9252
2021-08-08,97.19105531896035,97.43611229299671,96.11954563614468,96.80247394881034,6248
2021-08-09,97.17447141812575,96.98586630706049,95.52681335152703,96.57279349904023,3017
2021-08-10,95.89681865957321,96.30869764410363,95.46280186190556,96.14787131430784,4811
2021-08-11,96.39101276844978,96.76239562347511,95.94000976011984,96.56303922257995,1069
2021-08-12,96.243351959738,96.32000854254414,95.88510097188602,96.13499730962552,5780
2021-08-13,95.93705317061388,96.31045555176368,95.61352679418819,96.17078042823522,7536
2021-08-14,95.74654718314099,96.11741725665648,95.14086414913105,95.93195170485265,8624
2021-08-15,96.31401049217784,96.21203820979358,95.89723977709407,96.17144161772585,6271
2021-08-16,96.60852537686327,96.75593938805174,96.02571244219936,96.33827267036932,2254
2021-08-17,97.23982102833193,97.02508034875095,96.85551082377793,96.85704264249827,3513
2021-08-18,96.54425011894362,96.85209085788134,96.08028469552353,96.6020344430709,5527
2021-08-19,96.6060428644856,96.71687642954882,95.89299458309597,96.46709697542421,6030
2021-08-20,96.05054243830119,96.41993633622394,95.1355234534423,95.97771511753307,5369
2021-08-21,95.760865721049,95.89964350826514,95.64226890548771,95.75556848749501,4176
2021-08-22,95.69941598445502,96.12364277035688,95.88955028221875,95.94421873401743,6467
2021-08-23,96.03974971557936,96.9171161629367,95.56828870052536,96.32271304234011,8425
2021-08-24,96.06163281423808,96.19415333925285,95.65443702219679,95.8616303802513,6476
2021-08-25,96.04658752633885,96.72430463027987,96.04121335130363,96.29643334030412,1232
2021-08-26,96.44117662225848,97.56721306930002,96.79682399957771,96.9742522697066,2187
2021-08-27,97.1714413243314,97.27242700312857,96.9271357967136,97.18096972131845,6423
2021-08-28,98.55593971824241,99.04623374820704,97.98224587335926,98.11936762759748,5980
2021-08-29,96.89401789652503,97.96355007607553,97.50886765977343,97.7324730280457,7999
2021-08-30,97.02364659444393,97.16474222364026,96.9709133195308,97.11014567638999,5898
2021-08-31,96.42335001153572,96.78810540184838,96.00916815067879,96.22078555193785,5805
2021-09-01,96.421758777718,97.30476636291493,95.98503916499789,96.96880770768244,1848
2021-09-02,97.23199066099914,97.39764967856823,97.25881577845551,97.29599053585947,2650
2021-09-03,96.92636102703848,97.82929986705092,97.09321043259139,97.26819820040424,9105
2021-09-04,97.10602907936209,98.09975033695324,97.12294017074362,97.40818251356416,9137
2021-09-05,96.72471252760437,97.18551417279087,96.60577146793253,96.84543798991497,6925
2021-09-06,97.73136961268374,98.15920459601696,97.84311675931566,98.06831397972338,1691
2021-09-07,97.77103435976545,98.28013405955302,97.89339958394241,98.132924570711,1007
2021-09-08,98.16985244255085,98.37444867082402,98.18468007908825,98.18762196801345,3082
2021-09-09,99.2186469981235,98.6817931096206,98.4860039009559,98.55050527996279,5897
2021-09-10,99.0183328910655,99.43170159489296,97.74075273771423,98.79100989583114,2703
2021-09-11,99.20611173808221,99.84780364978147,98.57651172223456,98.9029519079707,6227
2021-09-12,98.74689341177371,98.7182797976486,98.36271523807457,98.50771468024806,9331
2021-09-13,98.53419477501228,98.96741422520253,97.77696727108179,98.74344885881605,4432
2021-09-14,99.7777107757884,99.91307351302824,99.08863683760421,99.68446110705356,1658
2021-09-15,100.68647940841375,101.03355064543842,99.92351387575388,100.35717113013105,5661
2021-09-16,101.40226568378529,101.7528771400514,101.05230995415913,101.15376444345075,4437
2021-09-17,100.95652190744568,101.04092741788877,100.69154388039215,100.89815660523516,3748
2021-09-18,100.55936814336404,101.05328981687119,99.42797053142013,100.40335419510588,9593
2021-09-19,101.07932292460679,100.69748160694476,99.92591070899799,100.34046073505604,8514
2021-09-20,100.62015615634729,100.83376688259631,100.07266311091347,100.36832319120039,7527
2021-09-21,100.82087114327656,101.82068018964637,100.4413569772196,100.91541895043586,1851
2021-09-22,100.04697553369908,100.67665868900595,99.38417344739035,100.06918663557846,3708
2021-09-23,100.51771637633134,100.88684698707083,100.60701999588423,100.83396179530877,4868
2021-09-24,101.45906863040315,100.92084723190533,100.30527124534832,100.75495784601927,9974
2021-09-25,101.02267822867863,101.30581295917521,100.2363951821508,100.54151731104557,8509
2021-09-26,100.06042903429712,100.19073494237259,99.23165643000326,100.03546512341548,9534
2021-09-27,99.86228282311264,99.76564540146806,98.99983865811065,99.2080367874826,2786
2021-09-28,99.80934209295005,100.01618941127052,98.98940737985193,99.61962207946355,3903
2021-09-29,99.527027137773,100.25165396342608,98.81796339273926,99.65628106305775,9973
2021-09-30,99.28323637534317,99.24149677951556,98.55037127322345,99.01130061318723,4748
2021-10-01,98.48335426869441,98.37774593439892,97.89456556012563,98.36376122715542,7646
2021-10-02,98.44722591099327,98.3326761680932,97.43413362285858,98.19586887751035,7709
2021-10-03,98.61965208225818,99.33063295786202,98.81792837426185,99.03037964015505,2338
2021-10-04,98.65748971731406,99.43522581767084,98.86492501921583,98.90058396447324,7783
2021-10-05,98.59555373695115,98.25311511690917,97.52753738639316,98.14901248791419,6306
2021-10-06,98.53408220334045,98.42000217250398,97.4400151993788,98.02614095587123,4796
2021-10-07,98.3143129890878,98.0029253046191,97.60488749573018,97.88977917099739,3870
2021-10-08,97.20692992060266,97.52311226629851,96.3921218997852,96.5413358495266,1691
2021-10-09,96.68739890573185,96.68176869953525,96.26000407790673,96.5141884162677,4878
2021-10-10,96.55084616001248,96.58014896485017,96.36783571547508,96.39872115116336,4916
2021-10-11,96.47286226320291,97.5105550116294,96.71622646301611,96.74682433357006,1658
2021-10-12,97.49714294878885,97.78100854152878,96.95001329491652,97.67130238104274,9375
2021-10-13,97.63810661912375,98.35204895836067,97.45313998597751,98.23458489581661,6419
2021-10-14,98.00369474682888,98.29393099616698,98.02931095168809,98.1001405505392,6933
2021-10-15,96.9293197695184,98.37956991528887,97.428059394663,97.54687759616837,2703
2021-10-16,99.1578473490524,99.25884019254501,98.7927298854069,98.8335574977933,5431
2021-10-17,98.97968637536567,99.59043594524442,98.05731749383195,98.86316671480054,6560
2021-10-18,98.26228058683819,99.58713186262224,98.70191357195101,98.87013136075701,1402
2021-10-19,98.80110970955296,99.3013884018043,98.05821671667796,98.85806881720201,9164
2021-10-20,99.5474078842905,99.29348959118566,98.58222326007004,98.95711119758595,8979
2021-10-21,98.84723114637325,99.47421738400907,97.82765926047333,98.88493099162397,9427
2021-10-22,98.29858870509246,99.30025812918133,98.01203683338916,98.59809998818385,1605
2021-10-23,97.78901983677208,98.44728844151078,98.12392144229055,98.32467051756366,9414
2021-10-24,97.78159989872249,98.78311463176392,98.02787223946744,98.30829388245566,8979
2021-10-25,98.19725548724557,98.89412817048004,97.57797814872126,98.03658149688877,5010
2021-10-26,97.54999681885276,98.01897715651263,97.54754422943783,97.68015860555019,1622
2021-10-27,97.62807547691631,97.7372107512384,97.01267416423526,97.73337371939614,2833
2021-10-28,97.47696111165251,98.03184964608113,97.29862044109893,97.6058851106857,9430
2021-10-29,98.31580962013763,98.81531550402597,97.82731572650265,98.35788160497705,6845
2021-10-30,96.66424780116964,97.06528904551793,96.34387660606203,97.03239670078055,6708
2021-10-31,97.67298162484859,97.87856494628973,96.97907092050427,97.57815012674178,7701
2021-11-01,97.77438084986359,98.59104081408034,97.25050039019744,98.2011927229906,7899
2021-11-02,96.93774486937414,97.19457485648908,97.15857903366637,97.16449760678653,3432
2021-11-03,97.29640211904588,97.42954628651017,96.72390386624917,96.99315380974635,6038
2021-11-04,96.920294876666,97.26750949247729,96.12606296324897,96.80743337674845,7506
2021-11-05,96.30938208324996,96.84225973754573,95.4807667519078,96.10367752938954,6571
2021-11-06,96.35988570343947,95.96991476537563,95.2543919029655,95.71476918559411,3334
2021-11-07,95.14158505976984,95.71082728589838,94.87453230315514,95.15948126286119,4424
2021-11-08,96.04205456258049,96.12453138442571,95.89215769660416,96.035616484573,7029
2021-11-09,96.42415939439164,96.76833953410825,96.34764126928437,96.50345568114673,1886
2021-11-10,97.00620898442617,97.54166119773384,96.79203355757018,97.1392332286438,9885
2021-11-11,97.1968920124473,97.91630757152713,97.24582747365616,97.50006926066543,9372
2021-11-12,96.96076281841556,96.9832185122232,96.85017481974646,96.93554337505681,4167
2021-11-13,96.77979782389576,96.76309842827968,96.53958759151821,96.67328324191692,2512
2021-11-14,97.04120162428875,97.30753583532506,96.27458564434325,96.91797052253088,8921
2021-11-15,96.32621576614503,97.09552080354466,95.92967370361735,96.30690661808491,5393
2021-11-16,96.94125707461711,97.08850470607844,95.91000501075347,96.66340583317111,7838
2021-11-17,96.55207414131475,97.3623659636393,96.43642797984934,96.54324313409204,2189
2021-11-18,96.23304216384705,96.48563109122186,95.89144104532552,96.35583273031723,4976
2021-11-19,96.43321625982662,97.31702646623519,96.42726900411314,96.71131271441898,6004
2021-11-20,96.46875180668863,97.18616797498878,96.47186769490949,96.93344437016201,6461
2021-11-21,97.1910858406334,97.00830325635029,96.70218329444734,96.75296128725246,5078
2021-11-22,97.12290980128839,97.76848840102664,97.19856267362066,97.33262618893458,6363
2021-11-23,96.51439438214845,97.32636930436229,96.75750962861665,96.79209452513464,7109
2021-11-24,96.97480086010867,97.14434786224116,96.99560269186789,97.10006232860677,2234
2021-11-25,97.31309632163082,97.73897038461591,97.07656313173251,97.39661295759096,1009
2021-11-26,97.7333934687048,97.78031700837295,96.6324841875493,97.24183973793397,6048
2021-11-27,97.30646211812768,98.09389341601774,96.37983672777736,97.40490624905503,4571
2021-11-28,97.56936453048287,97.8537026078309,96.14575839499294,96.77934946086238,8286
2021-11-29,97.26047213186179,97.50197086606019,96.99317984864835,97.24136297046583,4702
2021-11-30,97.76602037693571,98.19107771291574,96.96765639657225,97.14891190224434,7100
2021-12-01,97.15572917641403,97.16666552318371,96.25495094800834,96.88755039198482,8765
2021-12-02,97.52036623085668,97.71846766573792,96.78432100005705,97.41205500490325,1777
2021-12-03,97.53323759960313,97.27062465821506,96.19206772170438,97.05988315963188,6508
2021-12-04,96.69232144963219,96.99175178857516,96.16353655319055,96.3556525114501,5475
2021-12-05,95.76774164994397,95.87141655690608,95.43070223696644,95.57733792468815,3379
2021-12-06,96.57562110329246,96.23358065074386,95.01468949552458,95.88034290036096,4640
2021-12-07,95.09061041052674,95.25626062949846,95.0603676930426,95.24012822411282,9356
2021-12-08,95.81905121231648,96.56444192542455,95.91741383890522,96.117525315105,3897
2021-12-09,94.87369138861956,95.16785305036937,94.67301658129435,95.07656061116315,4267
2021-12-10,96.45047075233323,96.20208541552444,95.75807694116695,95.92478879530816,7106
2021-12-11,96.4655255352353,96.61767842902599,94.80953324345023,96.03029752890947,5334
2021-12-12,95.82436240313015,97.03994700138976,95.6862538612783,95.98194097297427,5089
2021-12-13,95.00308604329165,96.42507559618768,95.3573341448277,95.7094814295698,3117
2021-12-14,95.84729597583222,96.87065762985073,95.63049826327777,95.90904948674584,5114
2021-12-15,95.58625284295603,96.0128183464591,95.81111706727796,95.89023213553341,3285
2021-12-16,96.29370228509484,97.20109092595601,96.12244863970223,96.44188307654167,6006
2021-12-17,96.18267418654892,96.52210270270815,95.22422722850436,96.4989969008727,4444
2021-12-18,96.09128635850992,96.9486158385066,96.15459867031811,96.57414778160363,8583
2021-12-19,96.95730298599598,97.13941262413012,96.11434314971099,96.39234167549671,3117
2021-12-20,96.15876840245315,96.46456614299382,96.20943654834959,96.36386886363617,1197
2021-12-21,96.94157008905995,96.614347360507,96.09503948159502,96.5177697480822,4333
2021-12-22,95.59627427879983,96.65187801004042,94.76038409705927,95.66268555175388,1193
2021-12-23,94.6493515793353,95.00168541529393,94.62303742085629,94.98859284070103,8640
2021-12-24,95.5129454046911,95.39586851798713,95.04065527881987,95.36022488771239,1131
2021-12-25,95.32834054969649,95.76513601388274,95.07755906458503,95.44565760677636,7518
2021-12-26,95.29153560690104,95.70790998936457,94.85814241513629,95.35366593860002,1766
2021-12-27,95.40635468543465,95.58040920525065,94.78193234015447,95.36288290513272,3418
2021-12-28,95.29300990708894,96.27567488546563,95.01932390976991,95.53667375781355,6559
2021-12-29,94.78045301142276,96.4124403211009,94.24747295513474,95.26679391765887,6988
2021-12-30,94.86226067053742,95.43189010035611,94.24423975073606,94.87764155495772,9421
2021-12-31,95.26473949329672,95.76072708963306,94.5778458906404,94.97556418250656,8309
2022-01-01,94.2159004160255,94.65473394140935,94.41555872963121,94.48637779369903,8790
2022-01-02,94.73669285143596,94.9495711998897,94.5104052173138,94.69050417155627,6557
2022-01-03,94.29086451400211,94.10833093447474,92.82466743946281,93.83921236943735,6585
2022-01-04,94.32686072191802,94.84599671118778,93.80135521075083,94.35379018810018,8097
2022-01-05,94.61591724084546,96.20637164556292,94.49564886094997,94.5900889293067,9043
2022-01-06,94.73466750254376,95.47225917083742,94.27914889758713,94.71810379646364,8113
2022-01-07,95.00474596066847,95.70958454982478,94.59335005527984,95.20944928843639,5660
2022-01-08,95.74418015513767,96.24839654559263,95.91705564184494,96.04218651066768,6803
2022-01-09,96.25259283238043,97.27681762582141,96.0804102968752,96.54937154317675,8546
2022-01-10,95.73938938661311,96.11489959923125,94.78463832719723,95.62893442751093,5546
2022-01-11,95.2165076527229,95.06086041266174,94.59687782537816,94.98914594414308,1486
2022-01-12,94.91826132682658,95.08991929792816,94.22244110770146,94.67673665529523,9169
2022-01-13,94.57621932427402,94.88589698607267,94.46117586229467,94.68978218040066,9870
2022-01-14,95.27660425291441,95.78770165169766,94.85712817035197,94.94861169063522,3261
2022-01-15,94.67794892991161,94.62222449999912,93.95256045663527,94.58573978405848,7170
2022-01-16,94.70034583283433,94.76998993510497,94.0984497309384,94.67912316629702,7963
2022-01-17,93.29962470133928,94.77212244319,93.81679171025097,94.30143170012036,5164
2022-01-18,93.75044991514247,94.94296337386054,93.87883615276192,93.99567279862438,3241
2022-01-19,92.8360128795291,93.37236158698995,92.75425288339783,93.29234225020028,1556
2022-01-20,93.01884767926404,92.99346818330713,92.30052352160548,92.83072562714482,2655
2022-01-21,92.18339332391567,92.70467555650049,91.33059952453021,92.15488332433665,1966
2022-01-22,91.34535078193245,92.79119496509782,91.32033002948951,91.66694669784799,9483
2022-01-23,92.2850763636922,92.75631575966341,91.83368708636598,92.1937675961519,6831
2022-01-24,91.29202044187403,92.00943869701416,90.45327658748532,91.71906815173594,1675
2022-01-25,92.72213025467435,93.03699960844122,92.75219871067968,93.03525918415463,4283
2022-01-26,93.06885173533558,93.35443498035929,93.15883822243582,93.28191813459507,7035
2022-01-27,93.53637709299598,93.43518053928615,93.31776492812702,93.37433619644251,1180
2022-01-28,93.36498981011307,93.14920533563688,92.27222177716408,92.9451573063519,1360
2022-01-29,93.11950971155322,93.74695880144596,93.25115773941423,93.2953122460564,3471
2022-01-30,93.40423092542,93.47456405405435,92.7921281004545,93.00749333293751,9801
2022-01-31,93.08271930544363,93.28522446110993,92.78245942975772,93.0684982402602,7321
2022-02-01,94.41938195767216,94.50845664145864,93.81910458610682,94.3485405093946,9521
2022-02-02,94.28136919221404,95.10096455547672,94.15227677650766,94.30051055953227,8106
2022-02-03,94.81595309665929,95.653355240461,94.53055242332604,94.87514722267511,5258
2022-02-04,94.65534902113384,94.99000668770907,94.45077518524073,94.52355901011217,2855
2022-02-05,94.7281611207183,96.01534315014757,94.46513589168384,94.50606476486368,1492
2022-02-06,95.12608169159068,96.18093762904043,95.33495472753202,95.39146508268144,2829
2022-02-07,95.0211914129167,95.47536081502352,94.70142107857122,95.07798155378755,8021
2022-02-08,96.484988361953,96.98741015164248,95.70017502560121,95.98420583278602,1470
2022-02-09,96.3912383968093,96.95681409638051,95.64914197960451,96.33808180051375,2380
2022-02-10,96.14285656889537,96.84601975131527,95.05287036463547,96.05684841256662,5855
2022-02-11,96.7232328437846,96.81237970718456,95.5769533250753,96.37305228209438,3632
2022-02-12,96.70895615712234,97.5336761062305,96.19770082852347,96.85932950690774,4330
2022-02-13,97.16004630144597,98.16729635838357,96.46030572072387,97.17023448801635,7878
2022-02-14,96.6301755970507,96.49339949726021,95.78976741209854,96.38512212807112,4293
2022-02-15,96.39322420954218,96.80766881219775,95.95435981921894,96.02155354015868,2039
2022-02-16,95.1882512343313,96.0515246723905,94.4934319262041,95.89779422238293,4868
2022-02-17,95.63957687056428,96.05555030752461,95.56617672452315,95.8605775078329,3765
2022-02-18,95.87140396470346,96.20835734879402,95.46736391202768,96.17091355660824,1611
2022-02-19,96.22261652605727,96.88304504015458,95.76854464171042,96.25976405707488,8102
2022-02-20,95.31529004474179,96.40762569031732,95.33754455243307,95.59209187771982,7701
2022-02-21,95.98142245307578,96.15277213754023,95.56551308263748,95.7821908032228,5071
2022-02-22,96.13920677817939,96.49135345385679,95.80386282246127,96.08748367586472,9293
2022-02-23,96.63413595063648,97.15754878524172,95.89974452220812,96.36737889983023,9856
2022-02-24,97.19367164981962,97.36605306949639,96.64120062873766,96.90776926260754,4114
2022-02-25,97.52845614540675,97.85344398343906,97.20754732902228,97.324730339882,2590
2022-02-26,97.45358321416322,97.594728166078,97.27131551523621,97.55432037949622,8585
2022-02-27,97.55052078539387,98.39027875261988,96.85356280307929,97.51923752376689,3368
2022-02-28,96.55049488541296,96.91636734745025,96.578885182998,96.6887570570089,5508
2022-03-01,96.49414557238426,97.03294837251138,96.7556023964708,96.90356616657519,2850
2022-03-02,97.29354636428306,97.25593625357459,96.37708795216241,97.00741001015675,7893
2022-03-03,97.11798004057364,97.17054686144174,96.82015895993557,97.14319942875443,1444
2022-03-04,96.05404155160689,96.72553502079074,96.26316480153133,96.50482514084428,2854
2022-03-05,96.12538174196642,96.39080446476189,95.6164370202176,95.96429687064014,2689
2022-03-06,96.42368862201977,96.62993322948977,96.1068381195744,96.49087329730659,1716
2022-03-07,95.85315452859201,97.42297542320057,95.47930788132095,96.47109572037827,6387
2022-03-08,96.39972728732518,97.05328492871016,96.57818050424176,96.81184606906459,8701
2022-03-09,96.61582190953148,96.8478604556258,96.49394889981495,96.82600525712981,5407
2022-03-10,96.90403694441085,97.45228728794439,96.39554926025484,96.84088332687769,5101
2022-03-11,97.54643122538086,97.59392915095773,96.68149869254397,97.31002522986569,3595
2022-03-12,97.27813354496627,97.30827467995671,96.91434160171343,97.052002865757,9829
2022-03-13,97.28092214070658,97.24510720404521,96.31139960570226,97.10006325422749,6818
2022-03-14,96.85861689836737,96.89087587643665,96.61620084919721,96.86892560987496,3618
2022-03-15,97.16834718933828,97.1169441558211,96.10677597407535,96.65167749615881,4551
2022-03-16,96.70705280762445,96.82751203280078,96.17112473390948,96.49709143442449,8987
2022-03-17,96.67478993101403,96.8957515450631,96.5217521803557,96.60815832024134,1119
2022-03-18,96.53876044112872,96.37473442095673,95.30913332556551,96.36878400940961,6059
2022-03-19,96.87695157124969,97.31673532474322,96.66548891231973,96.99666207219637,1874
2022-03-20,96.53218534077614,96.80336456661392,95.48512453683583,96.54935842108662,3994
2022-03-21,95.83133638714047,96.812518751189,95.15565463529141,96.45592259900593,6984
2022-03-22,96.12003277112557,96.34920917374141,95.61820405785778,96.23605706986885,4651
2022-03-23,97.48751241677576,97.0096323964391,95.53528246771992,96.95954601204572,6785
2022-03-24,97.10233598348763,97.16528638268986,97.02017118993109,97.0578234003015,2320
2022-03-25,97.6057676032443,97.80361636756734,97.07855255173014,97.57374567003582,5020
2022-03-26,97.13054671206211,97.00050963078074,96.7782151086192,96.83096548351733,3675
2022-03-27,97.07183824113868,97.0124952504505,96.26849276739563,96.96449061645197,3661
2022-03-28,97.1733608729867,97.51034326734434,96.99403086909861,97.40930601426368,6556
2022-03-29,97.45754526255848,97.45254896659696,96.5993743471503,97.45044800890139,8639
2022-03-30,97.64262245903052,98.83586937469062,97.40308281238052,97.98318819643407,1274
2022-03-31,97.77962762256996,98.21991243075452,97.52307243707912,97.72454397138388,4136
2022-04-01,98.1778927057555,98.46131958895303,98.39585446335926,98.42921769147668,1068
2022-04-02,99.85715513689642,100.3654812643448,99.14432829554582,99.5786667532863,3774
2022-04-03,99.24417528653507,99.58328821240016,99.28191938863245,99.39724747306647,5404
2022-04-04,98.92708503962572,99.73211948055449,99.14358037635702,99.17449621236608,3194
2022-04-05,99.8673388544315,100.04034357886323,99.85873478915725,99.90118845092493,9769
2022-04-06,100.8005920695292,100.87700668645596,100.01984776063848,100.69097452379029,5271
2022-04-07,100.06734491116171,100.56999007351425,100.26446047896025,100.42954451021366,4407
2022-04-08,100.06307112246866,100.49584656043831,99.75340789488705,100.21945110166573,7856
2022-04-09,100.1101074889435,100.37621164608247,99.64375327978388,100.07855879723547,6758
2022-04-10,99.8078441065793,100.12426177376129,99.07878340590707,99.40633354171834,2184
2022-04-11,98.18839283918811,99.0892909637135,98.24543836443173,98.94700756847624,1229
2022-04-12,98.62948614620517,98.72546261111134,98.34434410002474,98.4449371851002,8098
2022-04-13,97.94596873322631,98.18645523845375,97.39728827982043,98.06103840254814,6729
2022-04-14,97.89531285478604,98.86637343499011,97.89739673598433,98.04369595885474,4984
2022-04-15,97.95646523708228,98.27838576424855,98.12350063056364,98.16080332512301,4788
2022-04-16,98.82688489643978,99.28069188310624,98.91809836971083,98.93605357153005,9618
2022-04-17,98.62312171143425,98.77937462622384,97.92209425504707,98.43687655116065,6935
2022-04-18,98.76800180905236,99.20360099089373,98.50047039518168,98.92903775039895,9669
2022-04-19,99.31962093303027,99.11929218949955,98.7244524918289,98.82204332828618,2954
2022-04-20,98.98447150874769,99.43713539763459,98.66167495840533,98.79731147345997,2056
2022-04-21,99.19411285708914,99.69682126801676,98.66064621364222,99.13472121954328,3640
2022-04-22,98.52354337341714,98.98802039594281,98.5270799001764,98.57336020876213,3914
2022-04-23,99.12152134300257,99.06035059108069,98.08817799397703,98.76456508185414,4531
2022-04-24,99.24859709198817,99.03840982959711,98.0451921783559,98.84779118596067,1513
2022-04-25,98.74560217378848,99.19759766251178,98.69638321172366,99.09401681796476,5427
2022-04-26,99.02803170829893,99.8736451525461,98.62611043589071,99.23860113991866,1532
2022-04-27,100.65664027179172,101.11375478484331,99.97089444918005,100.4662512098741,4926
2022-04-28,100.42838550108165,100.28844368931732,99.57278175040442,100.14738121774845,3911
2022-04-29,99.79178057575477,100.19731449558925,99.62289605210246,99.88188274024755,4268
2022-04-30,99.34757901912141,100.00252763387194,98.89970757110163,99.57031247703516,2277
2022-05-01,99.31615770524499,99.63896180230915,99.14738799544706,99.29257391745503,1866
2022-05-02,99.41688838302557,99.07623397056292,98.5882844011369,98.97388035380177,8929
2022-05-03,99.58069889737119,99.76163606451694,98.86170215701294,99.56838861935555,6714
2022-05-04,99.89945851240294,100.68547303091925,100.15153291820644,100.27864074335048,7538
2022-05-05,100.02614256474895,100.37810080098143,99.6682954488219,99.99326759647573,6800
2022-05-06,99.81191423129258,99.73711890567024,99.41685899916783,99.57708980992362,6143
2022-05-07,99.7823843947119,100.47051672106045,99.27602586635487,99.81279758811682,3156
2022-05-08,99.91413610972151,100.03412041287031,99.45004674182962,99.53668606597634,7940
2022-05-09,100.11290668550934,100.12007429676156,99.84915195071596,99.8531519748541,3049
2022-05-10,99.93608580817084,100.02943145740565,99.94062148894436,99.95461348527975,3813
2022-05-11,99.20968463367328,99.86523040685141,99.15248969087219,99.19674142778113,2134
2022-05-12,99.4179661168912,99.97667699756734,99.55323660066009,99.97049402844615,8753
2022-05-13,101.23150088246757,101.0325933363392,100.50493636868471,100.86843286499392,7219
2022-05-14,100.46318331515063,100.58707881917995,100.18848038923541,100.56203851975172,2976
2022-05-15,100.24820071800083,101.10404218896468,99.55814057018621,100.36818773978374,4013
2022-05-16,100.34616435318796,100.5999694580413,100.34020527422312,100.51112043514618,5983
2022-05-17,100.81535809888672,101.0756784222126,100.23102010429369,100.6783488301397,7494
2022-05-18,100.66901306624732,101.36328092174939,100.60946592504935,101.00762096647611,6920
2022-05-19,101.71747140134553,102.31028882881618,101.88147480562893,102.0127232358593,3369
2022-05-20,101.90849209160247,102.57359626760898,101.51874700238032,101.92424962211227,1206
2022-05-21,101.33714700036758,101.66606001021856,101.15294367866169,101.52510099984303,5160
2022-05-22,100.9360114578477,101.17979775811317,100.51597987464851,100.83544138583578,7559
2022-05-23,100.29300958205496,100.77484522753318,100.36126604464667,100.46997636586482,2022
2022-05-24,100.9319237587406,101.16294508610667,99.58125725321628,100.45341287942792,8765
2022-05-25,101.55872906322213,102.32548689754982,101.33747905050328,101.3506918111868,3524
2022-05-26,101.29615202538241,101.42549563132098,100.96344116970629,101.09188616166873,9561
2022-05-27,101.02229161134179,101.69564815943997,101.00387147195089,101.20378013748818,5527
2022-05-28,101.91727259178364,101.86493054251959,100.4151298362114,101.1955686894518,5388
2022-05-29,101.65806202189354,102.23259941817905,101.4590953441047,101.78976532617584,7380
2022-05-30,102.83908845592562,103.47862291342673,103.00048885553377,103.05323153911266,7788
2022-05-31,102.9998199317391,103.15219225084118,102.5328315319741,102.78779715265249,2841
2022-06-01,102.60164587127548,102.78393595686114,101.62213843034776,102.54307743139339,6845
2022-06-02,102.81964257715556,103.18645927645538,102.8697819849756,103.06515786992792,9516
2022-06-03,104.06485776336764,103.83894094032476,102.23709925634529,103.40610361474107,9036
2022-06-04,104.62213712706695,104.87011575649336,104.08892209285371,104.3294572776091,7565
2022-06-05,104.62262296065245,105.04033290085596,104.53799167532574,104.62142137027207,5525
2022-06-06,105.16210836420353,104.86412682423004,104.07554838689289,104.44177532487855,5449
2022-06-07,104.98033678351118,105.3950136602328,104.53846957241394,104.7371027402247,5388
2022-06-08,105.28788423957828,105.61482649822547,104.89840637046396,105.29145453051615,3842
2022-06-09,106.38612691466791,105.74312804204934,105.22839066600906,105.70169562111484,6532
2022-06-10,106.15302805671075,106.19200097444597,105.8046667059668,105.95533263666849,5476
2022-06-11,106.67324356015918,106.50357187238878,105.7502931165386,106.48866998146306,6319
2022-06-12,106.95741348853775,107.3356101182097,106.71250668107122,107.0733177766859,1224
2022-06-13,107.77922131791456,107.93243062045754,107.73106239449777,107.76439727220466,5766
2022-06-14,107.96554431724022,108.2231546832191,106.77654663297753,108.08875221599948,6413
2022-06-15,108.4371138996535,108.7604662010258,107.26427042530041,108.00519317584106,9798
2022-06-16,107.59572577603248,108.42244216647043,107.99979127039131,108.07855001905772,9633
2022-06-17,109.09156563223135,109.02031009070706,108.06781059751908,108.68180450231189,3655
2022-06-18,108.0101339082089,108.46053168342173,107.59232182581778,108.27333666681828,6401
2022-06-19,108.44029696030567,108.9209299486446,108.42039129022449,108.45767332125473,3977
2022-06-20,108.17243899874377,108.52777572800258,108.07314496056418,108.26100391509104,1800
2022-06-21,108.1193305806099,109.03258335775752,107.79883229906221,108.27537632655846,3512
2022-06-22,109.12153750230274,109.18895249605956,108.30570060520081,108.9146022578621,1992
2022-06-23,109.00859502787343,109.05140855132775,108.79511296768833,109.01015179187206,7256
2022-06-24,108.83306043790546,109.88597386983812,108.70652472245199,109.03337006595012,8484
2022-06-25,108.3996406545135,108.7708569507335,108.24192298304693,108.35344199546017,3025
2022-06-26,108.51774276047382,108.89486949225486,108.69210325231954,108.72656877847378,2774
2022-06-27,108.88797821934389,109.32082184223721,108.92342133197302,109.04931086904432,5777
2022-06-28,109.6817593039854,110.4794089607661,109.89203230756235,110.13093823069704,4256
2022-06-29,109.84195641517512,110.01434545172458,109.95522274606907,109.97704911322054,3182
2022-06-30,110.23488563497088,110.25842304464163,110.02022112601418,110.08662427705252,5152
2022-07-01,110.2224535942953,110.92949234742747,110.03310785189652,110.21131611890789,9981
2022-07-02,111.54456185948158,111.27510699939857,110.96124356391697,111.00004275878963,6002
2022-07-03,111.73624023471254,111.35254163339984,110.84137321852312,110.95239499259615,7048
2022-07-04,110.9526402365851,111.10086973960622,110.59733471544101,111.09190575548132,1693
2022-07-05,111.14585868302831,111.41356408068535,111.2211183913809,111.39585401033959,8940
2022-07-06,111.82810353582545,111.75269163103766,110.96156559960218,111.48915857191777,8181
2022-07-07,111.36650423725227,111.77777163770786,111.24601905325211,111.2659417646425,3946
2022-07-08,111.70374904419616,111.50583003513779,111.06682065866465,111.36298676109166,2023
2022-07-09,112.0194518553829,112.71246779055915,111.51441106203092,111.89980263602155,9218
2022-07-10,111.32823763231329,112.06738250154784,111.05018149743768,111.38654498631603,1771
2022-07-11,111.39642430892383,112.2991863329419,110.99165554160727,111.45302982338946,6503
2022-07-12,111.23280244942968,111.23283000145814,111.10181574322064,111.10296941591987,9130
2022-07-13,111.63715856166783,111.71817843892661,111.3812344407581,111.7004927303823,7463
2022-07-14,111.30474965094976,111.48225468368277,110.85124511790839,110.9388992779904,5314
2022-07-15,110.26873718250425,111.04507306269335,110.29532959195183,110.6594383543546,4803
2022-07-16,111.21228738270521,111.09949911690589,110.30184252786448,110.84804429188688,2877
2022-07-17,111.06878608212924,112.153653791943,111.20367252571486,111.63080630650404,2193
2022-07-18,111.64146186187591,111.70239015465297,111.14657460182507,111.59793117596755,2615
2022-07-19,111.22101859343388,111.52383935852433,111.21635761318392,111.32033141262094,3466
2022-07-20,111.8060032362459,113.18630051855911,111.8778411550779,112.26090994734125,4187
2022-07-21,110.9188971721295,112.11989008997335,110.05429773219045,111.53690299713313,7749
2022-07-22,110.10824561779154,110.48884527719738,109.77372269346847,110.43750001882309,2998
2022-07-23,110.67121254181785,110.78143038480066,110.57903484121115,110.65750724384975,6406
2022-07-24,110.22582489303953,110.94164040599937,110.3355918512737,110.40648013167345,8774
2022-07-25,109.58357905275672,110.2392774708345,109.73560486127509,109.89586372310808,3508
2022-07-26,110.65572627163448,110.44920545319857,109.55218820582401,110.25004194675776,2002
2022-07-27,110.00228690026479,111.6181371294349,109.84157649166559,110.37194230364337,1148
2022-07-28,110.29363818773983,110.41982779432728,109.35267282497158,110.089902988275,2901
2022-07-29,109.18305168642489,110.00822123099074,109.251615328467,109.44975078893955,6854
2022-07-30,109.54913767313207,110.40986692614918,109.57464734512055,109.88597945307963,2740
2022-07-31,110.02992845398208,110.55503108350516,110.0464777603945,110.21108004205895,5257
2022-08-01,110.34746692433049,110.33507285137848,109.50738251122108,110.16149211016926,7076
2022-08-02,110.67337088121367,111.54369668346885,110.61955522542505,111.0848106081931,4023
2022-08-03,110.63600480318203,111.15485127271268,110.39406404943536,110.54976822503002,6577
2022-08-04,109.49877764026624,110.1094698697288,109.10619391041324,109.78700563956765,9571
2022-08-05,109.20682154355322,109.83768285260454,109.34416344451918,109.44105160462703,6819
2022-08-06,109.5384510731616,109.79598899714571,109.20864290699981,109.41825859644928,8605
2022-08-07,110.19197317009396,110.65648627967671,108.84588420279047,109.53992832111062,9056
2022-08-08,109.14600519518618,109.76578879444807,108.46336320993373,109.41931029218246,1700
2022-08-09,109.8113021655367,110.1083817109196,109.59066440225673,109.5953379904396,7895
2022-08-10,108.87575456517449,109.39146329128518,108.59318952991583,108.96956827834438,8873
2022-08-11,109.54902754394197,109.84949449143548,109.28618519898625,109.69145058038102,6319
2022-08-12,109.97178779410979,109.98564657189307,109.5233647080994,109.65037499118473,6344
2022-08-13,109.95596606372082,110.28472165294949,109.9093914942784,110.20902290697879,1580
2022-08-14,110.03415161212922,111.45717963663994,110.25074759297827,110.38038558016765,6898
2022-08-15,110.74681492831026,110.72097220893566,109.82675518063863,110.60876218974454,2269
2022-08-16,111.37208096880667,111.06845349537484,110.54390107733529,110.89364582986065,9603
2022-08-17,111.34249852145665,111.18424981939998,110.87723527860831,111.1175001098693,6643
2022-08-18,111.01675627558211,112.92551457544936,111.19451050468702,111.43886148980307,7764
2022-08-19,111.91883784167861,112.7362559774142,111.9626844741589,112.10343775486929,8257
2022-08-20,112.49557781219306,112.57574383114435,111.99567051233974,112.20169833972002,6084
2022-08-21,113.03053328388685,112.7020296851088,112.18689618546757,112.55620021851428,2485
2022-08-22,112.57994576895298,112.65600182419215,112.05215081390372,112.51133237137066,4362
2022-08-23,113.05763921886306,113.31650287508099,112.95252156462921,113.2313909790954,2295
2022-08-24,113.38700047987635,113.21081759636773,112.83920309469312,112.89319482806576,3191
2022-08-25,113.77128696897462,114.30678623217263,113.72357502902038,113.79366504452118,8244
2022-08-26,113.59184349695269,114.078703572046,113.32472528496929,113.773586069199,7233
2022-08-27,112.82571875668746,113.29556957055992,112.59354272453618,113.05819851813997,9068
2022-08-28,112.76374522149871,113.31102809201433,111.7771129099186,113.12225072559536,4045
2022-08-29,113.6317990256949,112.87274511240075,112.64561381097158,112.78172489685792,4265
2022-08-30,113.62833403099047,114.11741858376793,113.08991727563254,113.20204667135229,6702
2022-08-31,112.678846686886,113.12233252594604,112.541108399638,112.87573468170109,6917
2022-09-01,113.17219074311028,113.13681089672049,112.61925755623834,112.6526429650937,7251
2022-09-02,111.8678632516419,111.83202533748893,111.3482809091463,111.70787259962094,7750
2022-09-03,111.62395184039214,111.8579611285335,110.94238905448113,111.4817194399964,1510
2022-09-04,110.05440466764712,110.56383407614409,110.13975251895154,110.26977977668193,3368
2022-09-05,109.32359021149527,110.02246448840461,109.02772553821382,109.47782836493906,2499
2022-09-06,109.84530848263624,110.04905254586922,109.12084425835215,109.85803569301122,7429
2022-09-07,109.66127107400459,111.4221749411693,108.99411403823218,110.25093577233663,7958
2022-09-08,110.31761851020939,110.61350054189808,109.86822158679585,110.46366455322911,8518
2022-09-09,109.98152337103453,110.18319105887086,109.97949983043168,109.9801764816645,1855
2022-09-10,110.34917647553368,110.22491071086438,109.54211674997413,109.95632080359351,2950
2022-09-11,109.76955527022766,110.42662695417414,109.86697695891138,109.95451953404823,5027
2022-09-12,109.6189786227863,109.47291821302287,109.33343600964628,109.37533718945195,4316
2022-09-13,109.50888819431418,110.95966245730789,109.90670506192951,110.12703634033554,9778
2022-09-14,110.9158265382652,110.65507092790511,109.81538706089336,110.56571748562337,1361
2022-09-15,110.18513130857501,110.76764431023548,110.21718616398711,110.45523539870854,6455
2022-09-16,110.50776020892823,110.87114960502447,110.18732339941953,110.4686783182058,5668
2022-09-17,110.69477265793334,110.62154270662595,109.92665514087952,110.57286972217958,4333
2022-09-18,109.6150561551742,109.94138944195633,109.3452019308048,109.55200228796744,5396
2022-09-19,109.39637966911096,109.72575009028823,109.24005517277247,109.42841359670714,6068
2022-09-20,108.71496658709626,109.29870568221885,108.74179022720384,109.08742147270824,3596
2022-09-21,108.31974919227393,109.24285581292894,108.20999522942847,108.58661146776078,6090
2022-09-22,108.74499090428428,108.56676587950282,108.22566547331184,108.4460613213178,8401
2022-09-23,109.16569134710454,109.50753042266973,108.6146262669508,109.34490458474257,5709
2022-09-24,109.63433733736701,110.25495759466568,109.08437170556205,109.66532601537607,5066
2022-09-25,108.93211064335749,109.77530652266262,109.27550791195848,109.37973652048467,4992
2022-09-26,109.92359991962022,109.80842568948646,108.54770533455239,109.66602791116274,7982
2022-09-27,109.96986071741372,110.95479547312289,109.11013935561074,110.36570562945575,9046
2022-09-28,111.10281131349277,111.04444767217211,110.81805669008351,110.82802247091213,3846
2022-09-29,110.53902412767918,111.41321424207953,110.70155412686155,110.85783765587222,2695
2022-09-30,110.83872167611776,110.9119617539214,110.27318930409237,110.53436926701943,8378
2022-10-01,110.88653879841813,111.42571968625487,110.69529740522667,110.88348092382623,1498
2022-10-02,110.91259639760297,111.18616838213622,110.88693232195163,111.0802236165371,2680
2022-10-03,112.00794075318541,111.7611297106388,111.05250628998772,111.52782022655097,8352
2022-10-04,111.82474962954649,112.21385680350785,111.38237504521744,111.84540612739195,1248
2022-10-05,112.26163879707484,112.39813071835843,112.213935045981,112.37018248505163,1658
2022-10-06,112.37530025755075,112.14186027725574,111.08729201765924,112.10256487927134,5770
2022-10-07,112.3171247786325,112.86460072635806,112.6489665954635,112.7612619120885,1688
2022-10-08,112.10191203322972,112.92471044295246,112.77379952777133,112.8600617144347,9159
2022-10-09,114.24508614283839,113.96450601561072,113.42688326795547,113.89769215074733,2699
2022-10-10,113.30220761810693,113.94144526818862,113.30013108879217,113.55309824170254,1223
2022-10-11,114.68046687090111,114.89188965006092,113.90557103476394,114.42108014328517,2759
2022-10-12,114.5338842465499,114.55829456613834,114.08274171211158,114.52003553501649,4815
2022-10-13,113.84512969397103,114.28154850035192,114.06492610140482,114.19432653320928,1053
2022-10-14,114.13456834208438,114.32609824280672,113.77175747450035,113.95238361618212,6684
2022-10-15,113.66915890501564,114.4581665172805,112.95638024376065,113.79220996208495,1699
2022-10-16,113.68109083439396,114.65827503156058,113.46885178920017,114.0042929352859,7625
2022-10-17,113.95032176764462,114.54303003336956,113.87362930820699,114.26571067930365,1585
2022-10-18,113.45900905108284,114.79081959861935,112.70585814502363,113.97886067733437,4371
2022-10-19,114.0875908458587,114.34825453155871,113.81829712766176,113.96668338120388,5384
2022-10-20,114.75719833717625,115.49905914562636,114.6385344971356,115.0378185605098,2451
2022-10-21,115.89117350724871,115.96377820671063,115.35697789962353,115.90159014556016,1310
2022-10-22,116.06523523204348,116.91880742827306,116.11535721933579,116.11975198039718,3505
2022-10-23,115.85628671512738,116.24711354054273,116.00690418654474,116.13875371948129,2122
2022-10-24,115.74189946859876,116.907181146815,116.1466262217243,116.19876938284041,1341
2022-10-25,117.26564161794465,116.68811286972978,116.23318022564577,116.50552836920562,9648
2022-10-26,115.97957232881294,116.11658073746278,115.34887658779242,115.99413208660641,6423
2022-10-27,116.41245870372283,116.16709224228381,115.79145937757836,115.86544381789474,7894
2022-10-28,115.38063281607398,115.31793119939466,114.59164333787358,115.03115178095595,7995
2022-10-29,115.13441375181148,116.06459597535402,114.77203226546173,115.2307633422586,2710
2022-10-30,115.60865070331191,116.04964472583136,114.92226751411411,115.55436131210996,2582
2022-10-31,115.35834281555042,115.75182893276299,114.6705208921927,115.31276808096027,7169
2022-11-01,116.65302166928502,116.5922345251638,115.60423175049401,116.09976146260529,7784
2022-11-02,115.73582873859715,115.54379101725786,114.79199098344372,115.48687863110412,9556
2022-11-03,114.51250936719133,114.97117765502102,114.6755680047784,114.75469119099921,2168
2022-11-04,114.97240275124561,114.94887913207592,114.6188601103875,114.8669171002792,9336
2022-11-05,115.63176055401135,115.76179583447147,115.34845537111873,115.39046625158528,7310
2022-11-06,115.87983438264268,116.48547474291016,116.19021170413644,116.23243009731421,2066
2022-11-07,116.15123276932134,116.56950913956847,115.67661982309798,116.00298796587974,1971
2022-11-08,116.94597506945692,116.65466833341033,116.26551672553256,116.54232838259539,8182
2022-11-09,116.26583235235748,117.06058475510048,116.33988772421179,116.52307414784502,5153
2022-11-10,116.22096492759927,116.43889196669656,115.85175865465469,116.43676049787462,9324
2022-11-11,117.22673221822215,117.30829759399768,116.53960882181828,116.87859046661795,2266
2022-11-12,117.09848101195271,117.93245257468776,117.17860333703916,117.20475190582466,1209
2022-11-13,116.12195330330681,116.71056508685103,116.26236659271572,116.41655582733254,5337
2022-11-14,117.41950791510571,117.24811262872318,116.59964892172465,117.15482600219549,7526
2022-11-15,118.01792795028697,118.93046810980047,117.26468519043549,117.84487167926922,7358
2022-11-16,117.56040850076326,118.25426203450442,116.56413330315324,117.53209032851444,8257
2022-11-17,118.06736688376778,118.56619435813933,117.41636336380238,117.72999209523316,4520
2022-11-18,118.3356977613329,118.17058134640499,117.67174299126987,117.97700718837453,8323
2022-11-19,118.08249719863964,118.10762406745633,118.02602683633638,118.10734407128648,4449
2022-11-20,118.42448941062958,118.24541804979314,116.44459726380971,117.83219149436377,3131
2022-11-21,117.97139679642284,117.86886919413728,116.60015439882545,117.49637981039474,7127
2022-11-22,116.88831323993183,117.90340696091934,117.14156078551095,117.48360277489901,2695
2022-11-23,117.76093205749875,118.4080026421755,117.6861322073763,118.0699672845287,2509
2022-11-24,117.66517981593324,118.62773163492513,118.32758410961112,118.34176736182592,7225
2022-11-25,118.05904569736543,118.56412227918736,117.58186851208102,118.15646019578286,7944
2022-11-26,118.17894409161701,119.13291013768146,117.62919931187646,118.54230955110702,7303
2022-11-27,116.87374272117009,117.42934519077164,116.66420938667126,117.11803824079199,7705
2022-11-28,118.0195915350129,118.58692728622877,117.43087909263072,117.69242109097804,5274
2022-11-29,116.29611548366846,117.32612311329518,116.4577836625152,116.82256420158899,2228
2022-11-30,116.68026445319667,117.27685878060299,116.60115403078284,116.64134373088743,5211
2022-12-01,116.11861171631848,116.24504549900625,115.3963505335047,116.08150878357436,4418
2022-12-02,115.40945125944826,115.58314272812052,114.53948082116632,115.4341680457139,3448
2022-12-03,116.0538150439971,116.24119239054463,115.81508336729202,116.01458143940317,5394
2022-12-04,115.1110463256225,116.51797184243634,115.59160134758825,115.78073083874722,5764
2022-12-05,115.71111642487327,116.15828815339454,115.91303007331054,115.95398277961257,4883
2022-12-06,116.3934227497502,116.27929346141055,115.43971785795097,115.93052249017299,7195
2022-12-07,115.80998157813164,116.97845418977776,114.95776511648657,116.16904290378454,2007
2022-12-08,116.70743709338393,116.76501698064642,115.52607406816655,116.20745384931467,9731
2022-12-09,115.14391101368686,115.60256746237663,115.47139981236487,115.56595773722039,9403
2022-12-10,115.60597895722027,116.39175490854436,115.27315310019448,116.06409114694397,6228
2022-12-11,115.53167921018408,115.91469670835869,115.21115949900441,115.81721285536331,9097
2022-12-12,115.37764679651951,115.31538391415155,114.99799123549256,115.03892190603344,5070
2022-12-13,114.66102807662567,115.35393754119768,114.66188252288649,114.82486432555048,4893
2022-12-14,115.67886631739937,116.16376003659417,114.81918114967931,115.57524422086763,7913
2022-12-15,116.02244616852954,116.78153234661099,115.52727830135953,116.00035509192438,2393
2022-12-16,115.80969036990135,116.27052289931227,114.98918367605977,115.82602902472044,4473
2022-12-17,116.03363560034352,116.51665914847521,115.53884389221868,115.65140017256124,1795
2022-12-18,115.72203802924867,115.7605580973301,114.72824427552877,115.49058264695255,2203
2022-12-19,116.18608567958425,116.74395234304038,116.52634334000156,116.52895663873296,4343
2022-12-20,116.63725312977124,117.3815948260937,116.55112125361225,116.71992436484874,6024
2022-12-21,117.45797713445353,116.95147918912515,116.91779101015804,116.93494518844427,6892
2022-12-22,117.54595545221058,117.56050780060536,117.18416510405457,117.45008691546019,4372
2022-12-23,117.11712770574604,117.5908936845112,117.43445404590129,117.56948149497345,1420
2022-12-24,117.00884875135006,118.9134125317051,116.75040472047881,117.4399604220631,3257
2022-12-25,117.60882909009047,118.14415300366804,116.18470350618438,117.3417854975206,7079
2022-12-26,117.5167160629664,117.55148684079245,116.68650189541115,117.30598486781358,1061
2022-12-27,117.01096407701745,117.4522852799929,116.92463789487961,117.28737374955865,5100
2022-12-28,117.87547757506945,117.68207655251243,117.11201612515914,117.65118852137715,5591
2022-12-29,118.15697910529657,117.75887537447386,116.92217165907306,117.6771614642808,4178
2022-12-30,118.48083915478676,118.3421209708117,117.41464301396198,118.04348150288858,2546
2022-12-31,118.48440662388101,118.31141288898792,117.70710730813697,118.00312321283428,6973
2023-01-01,118.20908744051118,118.6959899801919,117.72353877425357,118.04244080799234,9922
2023-01-02,116.99004251998733,117.13637468196156,116.37581453232922,117.04334046572629,8554
2023-01-03,117.38076027893747,117.78229103836307,116.70743934007976,117.50150430307752,9370
2023-01-04,117.66953247444266,117.77408310793797,116.60375722095255,117.67474854102652,6609
2023-01-05,117.91094660461928,118.35918749219185,117.83143869736756,118.17375359595634,8233
2023-01-06,116.6178362895038,117.22129310297663,116.59460829593878,116.7256259068595,9720
2023-01-07,118.15234918373913,118.25272664469784,117.5551413340025,117.76981325924986,2410
2023-01-08,117.21729714264103,117.81837700568548,117.16346473812294,117.70001844517228,9527
2023-01-09,117.79190893583362,118.59338468085157,117.29155329157258,118.25410985354104,5853
2023-01-10,117.98331607130379,118.67158971772912,117.33970957458602,117.73415688997827,7450
2023-01-11,117.9354919651045,118.30155416006494,117.43280857146965,118.04054384250955,1210
2023-01-12,116.93614315355522,117.7854368111109,116.90200142489235,117.51383606092273,2454
2023-01-13,117.18355133367268,117.29835462422852,117.11148266707282,117.20195158057481,6030
2023-01-14,118.09773078206413,118.82872621929073,117.8984529128425,118.15896725750821,5144
2023-01-15,117.93430071417914,118.48943467721989,117.92824779535162,118.06362605712654,1440
2023-01-16,118.37805430166084,118.65540515648155,117.5921557681824,118.1723424937164,7120
2023-01-17,118.2074176884233,118.62380804605088,118.06962634849546,118.60737635906078,9742
2023-01-18,118.85911292750497,119.04660650390187,118.79444226165451,118.85521730304708,9643
2023-01-19,118.86713500723513,118.98867093193438,118.45294473779737,118.93042675561887,9846
2023-01-20,119.12425482522549,119.35751316918413,118.18528198707565,119.11290725685198,7504
2023-01-21,119.7949592020301,120.53486229755278,120.01128179272618,120.31461504947112,1667
2023-01-22,120.12901098451233,120.32331915115273,119.06057778388858,120.28580565095433,7159
2023-01-23,120.39228593162298,120.93283472976015,119.87872803763868,120.38635517431182,5376
2023-01-24,121.07403026320499,121.39691369076895,120.82645884710914,120.91168237231562,4622
2023-01-25,122.01836429041835,121.6711313533598,120.90919669924881,121.4644453387946,5240
2023-01-26,122.2997450081965,122.08526638302982,121.42313435852414,122.05796049157479,3510
2023-01-27,122.51567216277942,122.70598615014916,122.13734721804688,122.3773256025894,9051
2023-01-28,122.18726558390826,121.96295685712474,121.37574375659344,121.80582314622414,2393
2023-01-29,122.53139217841172,123.15293894827767,122.13020056496242,122.6225389123747,8474
2023-01-30,122.5155446649558,122.49914690423451,121.38660493118832,122.04936621586535,8569
2023-01-31,122.5364657855035,122.70981089919373,122.121165816119,122.20068394848487,7637
2023-02-01,121.68978268628246,122.36652760884604,121.40267898897814,121.82354602347519,2555
2023-02-02,122.36866340289869,122.14210162238074,121.57008138121478,121.7914768501787,4414
2023-02-03,122.08993864980243,122.44392740036389,121.64060879820704,121.95585805533042,7276
2023-02-04,122.7744273558741,122.90469116144119,121.62790223224407,122.11653666305557,8679
2023-02-05,122.41845171645821,122.5248757347272,122.27647793976398,122.32749704017321,4389
2023-02-06,122.96577371684936,123.31562422024902,122.84693943247161,123.13435267470254,2894
2023-02-07,123.1308588324535,123.94244385480262,123.11599110324526,123.36111982545953,7736
2023-02-08,123.13231847139431,123.32921085314614,123.23492532552943,123.23904150781419,7813
2023-02-09,123.54969660934947,124.39268978725032,123.69255817354569,123.72108509195837,7367
2023-02-10,124.69723690350831,124.79549781674476,124.27504493887581,124.3158203364207,1971
2023-02-11,123.69332415548713,124.29301418980111,123.05341065926906,123.7020164288522,8408
2023-02-12,123.51650966200842,124.2696884469437,123.9206490152857,124.00071646377714,9308
2023-02-13,124.41520412969409,124.44275361864455,124.05949004220525,124.35130283493258,4847
2023-02-14,124.24017499618567,124.78524184636312,123.52884947367288,124.20252108325259,1436
2023-02-15,124.74979220355769,125.62570548523455,124.7050217063506,124.8903744899084,4287
2023-02-16,124.89562430298741,125.47798738236835,124.50948167818287,124.81534669639214,2584
2023-02-17,124.86490209318923,125.55118663505914,124.76425796249849,124.8781349231279,8156
2023-02-18,124.98172862119894,125.38418052670565,124.36778010345127,124.79159901098598,5312
2023-02-19,124.97188221638167,125.24853980962124,124.32426917420409,124.79938853477671,2595
2023-02-20,124.36072184824883,124.59813429507747,124.20519035029261,124.2512509913291,4190
2023-02-21,123.14156877890095,123.70245098962042,122.62601410916677,123.53122555003196,8597
2023-02-22,124.96418310008714,124.96716364841976,123.56221153633982,124.32847808164445,2342
2023-02-23,123.43820169648559,124.36045092500216,123.2254641590409,123.90499740748528,6441
2023-02-24,123.3706884797126,123.44629362352526,123.15189140155844,123.40930123275713,9860
2023-02-25,122.00427617055064,122.53726628324861,121.6634162240733,122.33260617595528,8344
2023-02-26,122.13202675060856,122.62499772543866,121.89586383907003,122.01312530211052,8516
2023-02-27,121.39310212284896,122.59033346472127,120.75288156225662,121.35158040540676,6910
2023-02-28,122.1219581600889,122.69185841399285,121.81605136933169,122.17258798547496,6883
2023-03-01,123.13282836532763,123.23389562795272,122.33223029907067,122.67749653014627,4151
2023-03-02,122.66597013271054,122.53483807179481,122.0168281878748,122.33342135755741,5139
2023-03-03,123.3615046573021,123.54430368878708,123.19717599983936,123.45963926022957,8059
2023-03-04,124.19176239630023,124.27829918286957,123.73281751841631,123.95052200372535,9644
2023-03-05,124.25751038932259,124.69094075102919,123.68459433162803,123.78810631197105,9080
2023-03-06,122.86880696639714,123.20090578200708,121.59191791607336,122.53840345453426,9385
2023-03-07,123.64300916518938,124.17004224273774,123.59316281027058,123.68387474082964,2035
2023-03-08,122.51199823701897,123.96037379316654,122.09713140835626,122.98908850744783,8097
2023-03-09,122.26378350544535,123.34619626351945,121.71840415035103,122.16638913396939,8556
2023-03-10,122.87825745059241,123.81217015580394,122.38592755323933,122.67767434997421,9015
2023-03-11,123.6666654830588,123.99177735135848,123.30574172154564,123.89755055314384,2149
2023-03-12,124.59645054251651,125.22493108519001,124.28360599920143,124.5896869623991,8239
2023-03-13,124.84677517979547,125.35325478937224,124.27004284335409,124.87164152242528,9631
2023-03-14,125.5853318839995,125.22301053626423,124.57885977366911,125.16901869325793,9923
2023-03-15,126.1518713253251,125.65221703420139,124.97172117820125,125.59572647264808,5397
2023-03-16,126.32775510863168,126.42242018909403,125.72529490229299,125.97519076754146,4655
2023-03-17,126.09011977457332,126.2829738529628,125.39891146241904,126.11578647952615,5216
2023-03-18,126.51220190558644,126.76079448700956,125.91305547764703,126.16788703150209,1785
2023-03-19,126.33122692930141,126.2989614350933,125.89738562588043,126.13659046755232,6419
2023-03-20,125.73713830020445,126.09018463744965,125.52378688380139,125.75960817311898,3602
2023-03-21,126.24698772138657,125.8743967458881,125.50921572278875,125.61927063468559,7617
2023-03-22,124.55138669562315,124.90380051476714,124.15463313773469,124.7727922275879,5309
2023-03-23,124.9047951068734,125.19033389142847,124.55951792997615,124.72362241419053,2358
2023-03-24,124.48119505428126,124.4101853545237,123.60518948260021,124.22932686061507,1212
2023-03-25,123.59128255015007,123.76686708961672,123.4495113648642,123.67753220200719,8742
2023-03-26,123.93522073394773,125.45526882767273,123.16283950813943,123.76747927758393,5593
2023-03-27,124.74712959582257,124.68830551767763,124.30110876058068,124.46348042075623,9220
2023-03-28,124.99602904991576,125.3045901780452,124.86310768463585,124.92263872375739,3944
2023-03-29,124.27913709094862,124.33258565550436,123.86038065532243,124.13738842194579,8680
2023-03-30,123.67420369054533,123.87568804951917,123.04827476339341,123.64257435366062,7216
2023-03-31,124.35221598111275,124.63368642354214,123.2817536487436,124.11295994765473,9980
2023-04-01,123.55302265012745,124.12339919725015,122.99012168937656,123.62171625088558,3253
2023-04-02,123.41586034086922,123.78363131265735,122.78810386516439,123.50939967588707,4739
2023-04-03,123.79059377155409,124.19713302431089,123.60507260501626,123.78442572539934,7195
2023-04-04,123.65535416022702,124.16336047894647,123.05016894928058,123.30025349796753,7162
2023-04-05,122.8287323064392,123.43316627267332,123.27476866429092,123.3529412510405,8877
2023-04-06,122.41311770856817,122.82598400745641,122.66664188259328,122.68592850358141,7666
2023-04-07,123.06797569609142,122.52553053490507,121.66973479154316,122.3852446816058,9185
2023-04-08,122.62769217370936,122.85314942053606,121.96219227894287,122.54513564867707,3703
2023-04-09,121.62652796782243,121.92169091780124,121.47940408828399,121.74863878191124,8923
2023-04-10,122.20733170153792,122.39369854224476,121.25328276796799,121.96887615089143,1084
2023-04-11,121.72354915136748,122.91548292810201,121.11504632912965,121.95905725142809,6658
2023-04-12,121.60446555497818,123.1239496126519,122.11507085623582,122.23530222863667,8957
2023-04-13,122.45369927999322,122.58917985818223,121.90712769286864,122.347259295669,5866
2023-04-14,122.81009436044248,123.05049545848604,122.98954598616285,123.02932951065593,4114
2023-04-15,123.12235869541885,123.54535883516634,122.13448950949068,123.09194176197988,8877
2023-04-16,122.97605922836878,123.60315636400146,122.33601846952702,122.87723899141724,4672
2023-04-17,122.98102259380313,123.27073819550891,122.3342117681856,122.9383877429334,6924
2023-04-18,122.697338133818,123.27057447364686,122.87789627021444,123.21003675745159,2373
2023-04-19,123.24235104539066,123.91724697783053,122.88331818601883,123.23446679261444,6011
2023-04-20,123.3881432206257,123.27801092877965,122.99161970387539,123.25476263821638,6952
2023-04-21,122.48374901534572,123.12879412990557,122.69291086839125,122.903766794313,8330
2023-04-22,122.11656426788356,122.86710583350559,121.79839610489819,122.57231633553752,3652
2023-04-23,121.55030632388136,122.11443473412142,121.42522447129011,121.87101369963767,3090
2023-04-24,122.96983149285923,123.58442186771838,121.8658261081951,122.74580207123115,1296
2023-04-25,121.52437572958924,122.62163379937256,121.58826134203015,122.1238704535355,2130
2023-04-26,122.02635000998086,121.81814584852648,120.96606456926561,121.77741785463755,3984
2023-04-27,121.53583094634001,121.75595964548569,121.31465358331751,121.41821422185295,9908
2023-04-28,121.78842582516559,122.15443488762877,121.77265255424956,121.86567641032516,8597
2023-04-29,121.27401267245902,121.97149540702779,120.75997441067098,121.71820157117915,4983
2023-04-30,122.10313234404866,122.89804928794624,121.88515927944326,122.34207260751603,7520
2023-05-01,122.23989851099729,122.55756614731283,121.284504203723,122.0053272953941,5426
2023-05-02,122.52184193705901,122.20840367494344,122.00051955085675,122.144824376506,5331
2023-05-03,121.41774200458373,122.048090380615,121.23868493933082,121.72715084987611,8818
2023-05-04,123.14228446684794,122.9912728743427,122.73567161276605,122.7997254137628,5811
2023-05-05,122.41168877406048,122.66746240240583,121.90971570055439,122.20592620424804,6176
2023-05-06,122.35878540003212,122.49558343721355,122.00893286823577,122.36083655936156,3484
2023-05-07,122.45636846093548,122.7158640756974,122.44151892777343,122.6777249998276,7139
2023-05-08,122.71020754216937,123.71541504314236,122.64023131166216,122.88462454855336,7262
2023-05-09,123.3388575039608,123.22214699882286,122.32546673369387,122.7919807191145,1570
2023-05-10,122.78060291351171,124.110733080549,122.20543157219244,122.7270703692478,2314
2023-05-11,123.14793660784062,124.10638457498051,122.1910837495446,122.74897610523735,8971
2023-05-12,122.74794249940955,123.42641467132125,122.6631621101447,122.6754751044231,6452
2023-05-13,123.02160528514312,123.28791902490671,122.56849648528241,123.15741466282056,5595
2023-05-14,124.43790321774678,124.26738934389812,124.05030396868074,124.26267616361623,9922
2023-05-15,124.63128079273628,124.13541620790596,123.53247199540533,123.98393027111231,5577
2023-05-16,123.10579378317695,123.59360897531725,122.78446394228362,123.29902878132278,6588
2023-05-17,123.52904842818135,123.35119733094061,123.00273174039499,123.25488775714715,1325
2023-05-18,124.6018951206606,124.61674241482514,124.50892678758622,124.5447424259743,8230
2023-05-19,123.70804973707776,124.19004150060493,124.01946169122331,124.14290514198944,8347
2023-05-20,124.52090139185951,125.0531940764518,124.7128182493087,124.96246354471148,6947
2023-05-21,125.66571882766814,126.4580778509267,125.40788391738212,125.8013139517497,4235
2023-05-22,125.62876640613798,125.54430469296254,125.22929368050335,125.52451983089571,5073
2023-05-23,126.0725232613949,125.89073524379708,125.2390830683075,125.80901137048835,9746
2023-05-24,126.15193576585824,126.68763449273058,126.58240871987908,126.62320968205262,9394
2023-05-25,126.62945506760602,126.54156118927695,126.1772364068307,126.43364581155888,5785
2023-05-26,126.29634155484864,126.90078451949238,125.99053962050164,126.3318556315077,5879
2023-05-27,126.04200930899312,126.21784145197414,125.88750141556868,126.04101517453336,2587
2023-05-28,125.71022036299678,125.64729976259852,125.34505891778129,125.53363680918693,1452
2023-05-29,125.73282963268912,125.8576468036167,124.92441314781352,125.20899803665392,4074
2023-05-30,124.68812044339464,124.63671597328296,124.37288427115014,124.5970279032728,2112
2023-05-31,124.2070485425897,124.72130127113618,124.27222439484028,124.61406963740241,2074
2023-06-01,124.17295526799433,124.27727534003054,124.12957246549173,124.2290830218731,4524
2023-06-02,124.60161618471241,124.96466087455026,123.63968438649643,124.34597597776846,5767
2023-06-03,123.83354117374161,123.69689043545979,123.41652000842917,123.56802815466665,9671
2023-06-04,123.93321558300096,124.37514555941797,123.3951938905724,123.73346827077387,4318
2023-06-05,123.99722340497662,124.20202669890188,123.8597931824897,124.15023275157834,3933
2023-06-06,122.74301734100742,123.58309479201662,122.19234646048933,123.15336493029261,8850
2023-06-07,123.51724554196358,123.68007980050345,123.33158255972796,123.3403932152164,4794
2023-06-08,123.58995665357367,124.10656162833087,123.1735562199031,123.95422771145304,3443
2023-06-09,123.557310507035,123.65965765165703,123.2087857489391,123.34940720210744,5254
2023-06-10,124.39368020313468,125.55039558798815,124.15436532305839,124.18569339552629,3512
2023-06-11,124.25489501919,124.39780553115679,124.1707191224242,124.39520290020931,7714
2023-06-12,124.00895798533486,124.27249962170885,123.91398171027468,124.0426969723301,5654
2023-06-13,124.07441579363712,124.54644177676688,123.50902729564905,124.01481243350125,2896
2023-06-14,124.10953148776579,124.57059639068203,123.74648558070598,124.29397588976212,8125
2023-06-15,123.9174745752353,124.61883015761465,124.00517894287748,124.33197858546832,7686
2023-06-16,124.58959079857743,124.62534947911679,124.32246890043213,124.6013565816915,3294
2023-06-17,124.16052956829579,124.8246830157943,123.5735327027022,124.14101978515183,8402
2023-06-18,124.63401440626578,124.38383708729971,123.859293616618,124.22570019716986,2355
2023-06-19,123.28424532722902,124.20195034132027,123.1891136864977,123.51884294871738,2194
2023-06-20,123.78377877017736,123.60369416651695,122.63902361419578,123.46322991804303,2498
2023-06-21,122.6671552536327,123.41577040192513,122.63354524037514,123.01127609731063,3889
2023-06-22,122.24013046610611,123.19079235332264,121.99058058292233,122.64351112601574,1515
2023-06-23,123.17129898020818,123.87980246971304,122.7744984795041,123.26155771362096,5582
2023-06-24,123.52494007073518,124.74228212032875,123.39064760971893,123.8072127739181,7798
2023-06-25,123.70419709215815,124.36138283350965,123.94288370284302,124.11178183437168,6552
2023-06-26,124.14892454677982,123.92486744461596,123.49517001284191,123.56562545203539,2671
2023-06-27,123.27192693628122,123.79915405135036,123.19711155595998,123.407421227188,3771
2023-06-28,124.70736115320446,124.36810318700628,123.90441649601078,124.01397007717759,6399
2023-06-29,123.78640839432796,124.47266618380539,124.05074498380425,124.08482853399754,5858
2023-06-30,124.73192933399848,126.18913453111351,124.88771022819887,125.24449330398838,4042
2023-07-01,125.82853913936405,125.4468371780848,125.229490532928,125.44115222368556,1693
2023-07-02,125.31917979225251,125.75025506175368,125.4562621504234,125.53717678193058,7352
2023-07-03,125.42427828928898,125.87281267557107,125.35484917938349,125.38261854982933,7861
2023-07-04,125.0426989567166,126.51704956420845,125.23265716512371,125.44938900222047,8658
2023-07-05,125.36172014145119,125.54142654463476,125.03945686500128,125.3731540840302,8995
2023-07-06,125.31572060141735,125.8813163864549,124.96771084074588,125.72720842237449,9350
2023-07-07,126.1833873614585,126.37893452627591,125.66686509882233,126.20555958077179,8167
2023-07-08,125.67038508867127,126.13501277983998,125.25890958354815,125.81256485051782,7197
2023-07-09,125.21602869285475,125.51166689816274,125.11651358877339,125.14694837373892,5488
2023-07-10,124.41655309851991,124.49069782863204,124.01680739050379,124.22884568718727,9435
2023-07-11,124.5551653504033,125.16573931466901,124.35109161418052,124.48284135064354,4745
2023-07-12,124.06647201020525,124.32381700768822,123.79930539476833,123.93115804755661,6835
2023-07-13,122.82200294846051,123.82919430680418,122.57574386031818,122.85471275108037,5839
2023-07-14,122.91840644287615,123.41682962516653,122.49499385635546,123.04900205334584,6455
2023-07-15,124.43653741689911,124.7584539004261,124.28311293881386,124.29550181206224,8311
2023-07-16,124.25903201152884,124.88107075000075,124.16940749156709,124.2924663562923,7981
2023-07-17,124.68971880888388,125.62877902569932,124.51357778523537,124.71171174351812,3949
2023-07-18,124.87194991242596,125.63833769851382,124.64119442468676,124.7526264227919,9482
2023-07-19,124.39321691678957,125.31812315383961,124.44522848103932,124.70318159619633,6736
2023-07-20,125.59160316591854,125.56458166813756,124.87637176216106,125.16271983769022,9322
2023-07-21,124.94277559142901,125.25244746384068,124.54668119943341,125.01758256559589,6396
2023-07-22,125.18853320742286,125.30156341792447,123.92277650100658,125.15127872263184,2414
2023-07-23,125.29877179135069,125.53561640213287,125.16149528344273,125.31212762572986,9093
2023-07-24,125.17390534507896,125.08773685547436,124.88585516358104,124.97808239890833,7070
2023-07-25,125.57585807496784,125.49175126904919,125.13518352481765,125.47410357367659,4928
2023-07-26,125.37164651126804,125.74804109291802,124.58857904923177,125.3866236953289,7210
2023-07-27,125.44337735042353,126.09652550407625,124.73648705711513,125.00875111558247,6865
2023-07-28,124.31600235460627,125.77344039005702,124.7775984032729,125.27700603736767,9584
2023-07-29,125.20057436061224,125.10239137312844,124.20669537107635,124.82777204647215,5072
2023-07-30,125.11792724671399,124.96540234356057,124.04530951440525,124.84186262515671,3084
2023-07-31,124.28655813699388,125.40213685648988,124.3182496336041,124.83730312683461,9788
2023-08-01,125.65903587506558,125.62565414299861,125.36647294149262,125.3802509097504,5987
2023-08-02,125.93514025985823,126.18309372043316,125.12895761016888,125.61760002619037,4197
2023-08-03,125.77361559378213,125.66799622259197,124.88090858783865,125.6050865468178,8664
2023-08-04,125.54624346331352,126.55051536059925,125.8677820198711,126.01396969641794,8624
2023-08-05,126.91386928619586,127.13352579911182,126.24018013775601,126.7090734709266,2029
2023-08-06,127.29013768090311,127.64232068959711,126.64216441139088,126.98797862410254,1848
2023-08-07,126.82149298558996,127.06990528180911,125.99010238531551,126.99315493402422,3997
2023-08-08,126.46957697464497,126.77046070282535,126.12478876576294,126.33723681784915,6484
2023-08-09,125.69871761765562,126.25807211964917,125.33894522653446,125.80467998631146,7800
2023-08-10,125.91768073128918,125.85499276748058,125.2397378527095,125.65206763413413,2025
2023-08-11,125.25325952748615,125.3822374671463,125.29688107151497,125.34731153305448,7371
2023-08-12,125.07979064270796,125.65256863023366,125.03396670187296,125.25382588156177,2222
2023-08-13,125.2703618812094,125.47241099666847,125.15768353807975,125.28215084401032,8931
2023-08-14,125.14450158504367,125.892347665863,125.46277183622243,125.54699722118868,4510
2023-08-15,125.47017323718943,125.58309203825995,125.22734512357647,125.51174783215913,4533
2023-08-16,125.86362647527972,126.55684958180571,125.6900747388388,125.75499865407224,4116
2023-08-17,126.0482236422872,126.0170545205147,125.43407100812915,125.7872358614773,6555
2023-08-18,124.87418959989182,125.25630618708438,124.71377361297995,124.79950257830036,2568
2023-08-19,123.90005439026505,124.39661758915896,124.16219314413232,124.32983488139098,1407
2023-08-20,124.6634724449991,124.59562333015866,123.62335480722727,124.25779110353017,2108
2023-08-21,124.08379128402188,124.0513343484442,122.47736462555353,123.65294373210962,3903
2023-08-22,123.98667827368895,124.18210727871411,123.48337647213788,123.95290809710772,7172
2023-08-23,124.49270102693498,124.89296529002077,123.81623118098642,124.71828351327957,2071
2023-08-24,125.16817905818976,125.49871417990691,125.17282354810986,125.32766443912823,4217
2023-08-25,125.15988628434769,125.47474891513475,124.83295892321492,125.22094300366312,9538
2023-08-26,126.0499066089474,126.51650251822747,124.90408350054142,125.9663060720881,7430
2023-08-27,125.94929421623623,126.75312538659685,125.53649676670699,126.04063980068915,4355
2023-08-28,125.61458055495979,126.35932308893528,125.19485200644895,125.87209681513013,8143
2023-08-29,125.87229844862459,125.68018180389679,125.4642454783161,125.56539548335967,4634
2023-08-30,125.49134640653783,125.77634245601733,124.20318289984797,125.4141606401156,6658
2023-08-31,124.9043606241142,126.90895635148968,124.98995275923103,125.22007223084499,1376
2023-09-01,125.39267347891847,125.5631401516178,124.45747407539369,125.30528034203273,4451
2023-09-02,125.43412858119139,125.42473275702275,125.25834896871484,125.38556733255767,2851
2023-09-03,125.17167446905106,125.64482497917629,124.70465565570683,125.38709034263437,9955
2023-09-04,125.96407435539084,125.84564056910406,124.5689310741661,125.60555942750754,5840
2023-09-05,126.24134932682892,126.21595289555832,126.14619803169549,126.20088256490072,5152
2023-09-06,126.61067313999672,126.731650598932,126.4060272770077,126.67565963262138,5782
2023-09-07,125.9081661239738,126.16156022074318,125.27430517990135,125.93321064839643,5209
2023-09-08,124.7894251197019,124.79282620420541,124.50171995165697,124.65625008094545,6849
2023-09-09,125.10175501220604,125.79555232418238,125.08246169896468,125.12341003656508,8235
2023-09-10,124.4158075854457,125.13222316868288,123.4244938786828,124.43997068735737,3351
2023-09-11,124.64737750690864,124.45360497637847,123.68010099936299,124.32758798641103,4045
2023-09-12,123.31701017513517,124.41316133699972,123.71270052653286,123.74253147338135,6742
2023-09-13,122.46607531271285,123.11079283291086,121.93438719389653,122.84154125459133,2647
2023-09-14,123.34536162669131,123.88941383949926,122.89889120427445,123.11227261869374,3781
2023-09-15,124.21660513497015,124.17674074982625,123.33615252013905,123.49185019884506,9056
2023-09-16,123.46654363352731,123.57080792488652,122.94730342213741,123.20359499848169,1001
2023-09-17,122.46733649123107,122.61928533005215,121.61356231258829,121.90807385240925,9014
2023-09-18,121.50464014416829,121.66164376452251,121.43624961183959,121.634951628283,6159
2023-09-19,121.63972927748293,122.14490511590112,121.54064266093616,121.83085363098428,8850
2023-09-20,121.22835779857103,121.43178562975979,121.06852828209587,121.0913978465972,3104
2023-09-21,121.4691724944349,121.32921053456465,120.6591446534923,121.18307780648679,7155
2023-09-22,120.78195761151558,121.84019000388555,120.24959440006026,121.17542288190029,9649
2023-09-23,121.40110311985188,121.75978033744428,121.19172472083223,121.46506863170083,8491
2023-09-24,121.5167536656147,121.95558053064006,121.4575510993763,121.52485881590792,5786
2023-09-25,120.83466328076153,121.08706881497899,120.4113584468794,121.03832434546715,9732
2023-09-26,121.46794354833567,121.7499411981614,121.5863092587213,121.63661009629939,2820
2023-09-27,121.81026610010366,121.88191917032111,121.45906079267756,121.5573453097859,3386
2023-09-28,121.68459838435818,121.77032280300445,121.35092947661003,121.54369304003093,4442
2023-09-29,121.31659448705217,121.93627886829569,120.94205306676874,121.07705906049434,9120
2023-09-30,120.95648034201041,121.50025598387911,120.45014693542511,120.85541793489858,8265
2023-10-01,120.15103957482937,121.03988397099499,119.42334976869319,120.41301657788513,1375
2023-10-02,120.45347446347517,120.70896816207747,119.23115079081808,120.32654354792342,6155
2023-10-03,120.89676991728133,122.0803891552866,121.13387747437234,121.18239778799459,8001
2023-10-04,120.4029212148186,120.61538479470335,120.32800103418118,120.4964472165289,9578
2023-10-05,119.37879192114507,119.81697051059749,118.9002384574038,119.68966651759054,1182
2023-10-06,120.24198534371608,120.98005636528886,120.35027066988921,120.42525168133734,8761
2023-10-07,120.34773349696776,121.16127828861904,119.98099377179932,120.32058984276141,4299
2023-10-08,119.84880629208286,119.99023386706719,119.41847340858854,119.98605347343145,3876
2023-10-09,120.24105709412214,120.9939242629414,120.350586242992,120.50600581712949,8216
2023-10-10,120.54453728873568,120.49567479380427,119.6251407389384,120.20319804726105,3859
2023-10-11,121.08032538882117,121.14455622845415,120.75710508714072,121.11620290403452,6043
2023-10-12,121.29678742577428,121.69458962631303,121.39114025033932,121.45516583970416,2822
2023-10-13,120.8864904024207,121.22481720182023,120.42410531283025,121.2112101356313,3992
2023-10-14,121.72826577672112,123.00472636377924,121.28698009500924,122.28986424226406,5397
2023-10-15,121.92039267664305,122.69745377337411,121.35549274585394,121.98700678076239,7759
2023-10-16,121.94458885571105,122.45963873125939,122.26400468369067,122.35805446676704,2088
2023-10-17,122.72131169477856,122.58802740015332,122.25394432092912,122.50770075697028,2492
2023-10-18,123.16741876004924,123.58406274092307,122.960622348198,123.15857140166969,6596
2023-10-19,124.40683523377456,124.3179791119205,123.24717112351773,123.93932700003312,2353
2023-10-20,124.02225135653714,124.25789558244547,123.69592905338031,123.955329074566,3056
2023-10-21,123.36062280021501,123.7187614959315,123.2124863294288,123.57862013939291,2427
2023-10-22,123.24460393015192,124.49893229591754,123.26989796143639,123.80860621086246,1642
2023-10-23,123.71171168510894,123.67578409451941,122.86208554074817,123.4697485259864,5923
2023-10-24,124.0867576715891,124.7390268063808,123.34675670783386,124.47644214974972,5960
2023-10-25,124.42226645848417,125.73897554652994,124.24507257615852,124.5447098152911,8473
2023-10-26,124.86427551360151,124.77921813292637,123.85246372898409,124.36204903963504,9839
2023-10-27,124.63768419728211,124.79991638126444,124.37959504978215,124.45438919256749,1913
2023-10-28,123.89778568416313,123.84000114836437,122.77281093804551,123.78082604780265,4869
2023-10-29,123.57831576148335,123.69669924493016,122.27220758307452,123.29501902854732,7240
2023-10-30,124.1673409281912,123.91429326693185,122.8101784865814,123.89522598251953,3325
2023-10-31,124.04106277262008,123.67204631321033,123.25793414890217,123.56677884303383,1992
2023-11-01,122.8626695465522,123.12289808746172,122.98281873009346,123.04332335169286,5591
2023-11-02,123.19864448192727,123.66984687480688,123.12981340403701,123.3116497279565,4558
2023-11-03,123.6277864165695,124.22399433232134,123.83133134341341,123.904501805288,7152
2023-11-04,124.25416916970535,124.80411199051088,123.76530313234477,124.26397846062054,2326
2023-11-05,124.72233248477238,124.95203602381036,124.44578020749145,124.76200230352345,8826
2023-11-06,123.85711908803805,124.66915607353441,124.29029734620194,124.38360475923872,5012
2023-11-07,123.47652919873943,124.05800840093046,123.55898879189893,123.67269942586779,6594
2023-11-08,124.85510121210523,125.18368629985406,123.89993727261637,124.42336625184554,3720
2023-11-09,124.3352889108906,124.41932705614549,123.62353480289295,124.26202633242447,2790
2023-11-10,124.35122940962296,124.90170263609524,123.91377145424624,124.13660982419695,1409
2023-11-11,124.76454349476627,125.12177048203728,124.29199606021703,124.80070689512148,2654
2023-11-12,124.51269384256246,126.09211078812152,125.02136553663607,125.0788218998218,8278
2023-11-13,125.26817500931375,125.50786469831878,124.48997336965807,125.30676578586261,6537
2023-11-14,126.70177592556945,126.51353951087265,125.8685774140524,126.38926695831316,6822
2023-11-15,125.7118027057499,126.08470474077687,125.52512844236786,126.06750784312308,7043
2023-11-16,126.7555395851868,126.8525441463857,126.07858011166155,126.5314279071637,6845
2023-11-17,126.04938496882444,126.57722058235515,126.49328669435506,126.55993446961224,6197
2023-11-18,126.70028798051356,126.94986033797863,125.92349641115477,126.69423060904387,4589
2023-11-19,127.62182035729413,127.609639605416,126.66191801316751,127.45846482225014,2069
2023-11-20,127.61874894311414,128.1331988282775,126.55739840017573,127.71238270039495,7051
2023-11-21,128.72327220205577,128.07363935468481,127.85667715930849,127.98153073991976,3672
2023-11-22,128.36982727744808,128.82276010224066,126.91130760331716,128.51778440857467,8695
2023-11-23,128.16178317249975,128.45124229711612,127.93779214691071,128.33530804380322,7394
2023-11-24,127.97705082269022,128.0867118830361,127.3566185026861,127.91570321013371,5551
2023-11-25,127.16680667237203,127.97003987856752,127.3731764757771,127.39329861312319,1940
2023-11-26,125.9777190402906,126.59513862471928,126.3681295296878,126.41012031843519,6369
2023-11-27,127.10892295092869,129.09878116119992,127.40140443693524,127.43822388340536,7115
2023-11-28,127.11401572840889,127.18173068369734,126.4943987411739,126.88661970054451,8727
2023-11-29,126.68451102108902,126.81692997734704,126.5601399960909,126.77599288875163,8792
2023-11-30,127.14819252395773,126.91942306594224,126.52188223798053,126.63758623880716,3657
2023-12-01,126.65891871418995,126.9256285264742,126.32614373306691,126.79128958771172,8127
2023-12-02,127.41231130040106,127.37299496510386,127.14234472672175,127.19915819398136,9852
2023-12-03,127.7826475319998,128.71928926885636,127.19888338491711,127.62939493816124,6929
2023-12-04,127.20101097672276,127.36627464498024,126.569923883444,127.33785621887677,7618
2023-12-05,126.99065268323379,128.09404675844027,126.3222629494557,127.25429536198357,3943
2023-12-06,126.87604422754993,127.99973709505738,126.73933066525049,127.39558533722771,1305
2023-12-07,127.43717600803997,127.36482254806786,127.04234509770643,127.27123977413594,3941
2023-12-08,128.43439048191098,128.7130445560827,127.9056254671051,128.07491256214593,1448
2023-12-09,127.8434208364388,128.5060034197001,127.42878509209281,128.32040003796507,8448
2023-12-10,128.57670545049098,128.69695442955853,128.40643676534103,128.68783893098998,3794
2023-12-11,128.81920406626585,129.02904476005722,128.7055408231331,129.01927956532367,2230
2023-12-12,129.77142723916242,129.9628309406686,129.5399356178887,129.60601649406635,6498
2023-12-13,129.5979314670324,129.96851898010453,129.6818109232082,129.69652727341818,1481
2023-12-14,129.44500547056563,129.26179932217568,128.10433562431237,129.04811129944028,7417
2023-12-15,129.13263731802655,129.94063553453884,128.46504497826953,129.2479552753166,7424
2023-12-16,128.5513617905599,129.21880385356218,128.6118391204673,128.92227682842068,4068
2023-12-17,128.51732688998254,128.8522220211052,127.93326160304736,128.6579684875458,4427
2023-12-18,128.8435661168757,129.3639290343581,128.8620409906394,128.95115049692333,6053
2023-12-19,129.72812201628858,130.05083876125622,129.42070974904593,129.57029203264017,2192
2023-12-20,129.46887210439854,130.41746982726104,129.43017099873882,129.58092782100817,9030
2023-12-21,129.8673732813278,130.0261347089213,129.09016013601786,129.73534432730767,8445
2023-12-22,130.34930651799857,131.0142156435956,129.9845144287285,130.58645179962528,5325
2023-12-23,130.61842538543118,131.61319237190614,130.44097902237465,130.70682838936958,2517
2023-12-24,131.77215966344602,132.52393658456447,131.99863320974794,132.00766994645977,3024
2023-12-25,132.0364322923727,133.51105269190822,132.28919084461947,132.29042476927555,9680
2023-12-26,131.79249345688285,131.71479833780387,130.6569359542444,131.41004338969765,2299
2023-12-27,131.5721753288121,132.74535818455277,131.29797653367353,131.7867142002499,5092
2023-12-28,131.873011958047,132.3918426127005,131.8092168076343,131.9772933926913,8032
2023-12-29,132.9355511077175,132.9930913502369,132.35761343609542,132.62216976973266,4723
2023-12-30,133.1837608642491,133.14964604370468,132.8499039247589,132.95876044536766,2085
2023-12-31,133.38189461837422,133.1837505434959,132.8372044209862,132.88953245337575,4204
2024-01-01,132.42222389458232,132.4961364369676,131.9361489507225,132.27738333523106,3859
2024-01-02,131.99275188968224,132.46154271444223,131.68891254657603,132.17287170658807,6408
2024-01-03,132.36475487417016,132.502608064773,130.9414326640207,131.7476114794834,9022
2024-01-04,131.63197397794764,133.10123034827544,131.38409061507528,131.45734975458106,6475
2024-01-05,131.70523035515083,131.82221379296274,131.4423346829862,131.75163895679134,7961
2024-01-06,132.60383087387723,132.74946065555838,131.7647741378571,132.58659120896706,4530
2024-01-07,132.83771144771376,132.8405942058312,132.77190306132863,132.78392697387855,4578
2024-01-08,132.11494188042417,132.30734973751646,132.04541381651518,132.18598544286095,3275
2024-01-09,131.9955300963959,132.46965123082379,131.91349657510648,132.40828677697104,5525
2024-01-10,133.49461883596783,133.65007616335205,132.2955316145198,133.00660252029385,1144
2024-01-11,132.69516084528172,132.76398530797738,132.50885338361496,132.70171106813416,3208
2024-01-12,132.6897514386085,133.2160577044616,132.58407264056945,132.6347024847977,9480
2024-01-13,133.26548979998066,132.72286847940163,132.56141183186332,132.64204658216232,6471
2024-01-14,132.0446118466559,132.48179831632612,131.36421021432565,132.24959742562118,5179
2024-01-15,132.77038323995734,133.28568711116654,132.06936160670108,132.5737376425431,1533
2024-01-16,132.27557396316826,133.09882310060803,132.03550418402963,132.51326356823924,7268
2024-01-17,132.81933613895637,132.77679229040817,132.60476953248988,132.72302979019275,1180
2024-01-18,132.3397354251671,132.91865162870133,131.9804532006527,132.2792837012917,4032
2024-01-19,132.2977348802721,132.67350068284998,131.33010283805774,132.06055455113,1929
2024-01-20,132.78419584535098,132.42930686083616,131.88177908909546,132.42174523004388,8963
2024-01-21,132.06147232663807,132.4034901386586,132.01208686120077,132.23532865399798,5514
2024-01-22,133.52381303183185,133.28612198927772,132.4076012646111,133.09881057961468,1963
2024-01-23,133.3452367683758,133.13907727891103,132.66713554716966,132.8989924868074,7920
2024-01-24,132.9363392342753,133.30773446627268,132.67574917015756,133.01133484968335,4349
2024-01-25,133.47565549119895,133.48932724574186,132.95206439773182,133.4776302656199,8384
2024-01-26,132.62014236316853,133.9598285751899,132.57884263419007,132.76844739915336,4156
2024-01-27,131.79641062900987,132.43870630754782,131.80412527697274,131.88804299316297,3840
2024-01-28,130.7641721393029,131.4387402586016,130.69626745720643,131.12521483587793,8504
2024-01-29,131.98976761929026,132.36025848506748,130.91922207475457,131.7565068875915,3126
2024-01-30,130.86548964688788,131.88748463560975,131.22532853526351,131.4805778146453,6638
2024-01-31,132.55054900225062,132.84991152839504,132.08253335768723,132.75967745747943,4898
2024-02-01,132.46370504282984,132.59082503361623,132.44796692537048,132.47755365815073,2759
2024-02-02,132.95976850887763,133.21878756257962,131.88268385296257,132.56982930974925,2479
2024-02-03,133.17731091524263,133.9721729895153,133.25137382891845,133.3408842860332,5802
2024-02-04,134.47228623144352,134.37268221451018,133.96157686531876,134.34393073011273,8651
2024-02-05,135.3503872840959,135.61242488902568,134.73587301181507,135.37468251843094,1976
2024-02-06,136.2624013038692,136.31078218514034,135.87270256339355,135.9788656337275,4427
2024-02-07,136.60357262132047,136.61142850786612,136.00997748041954,136.49089689663325,1080
2024-02-08,137.03622318764573,137.00417704839563,136.25299628567353,136.78716037123382,8289
2024-02-09,137.0111504347708,137.45315461399628,136.6569627645099,137.17634090931716,5665
2024-02-10,136.5965405829054,137.1109029598955,136.3663034133808,136.9007480511529,3859
2024-02-11,136.60178710515774,136.78754920501424,136.34676503726348,136.49164860944174,2071
2024-02-12,136.34364297502447,137.11960323645434,136.08650033783135,136.48996138073625,3456
2024-02-13,136.41396623102878,137.3363036301739,136.38186465511748,136.4048690694738,4084
2024-02-14,136.27343752688938,136.24058674151394,135.87260947119103,136.17825504481016,2868
2024-02-15,136.89902102773493,137.07618065423634,136.40916375857023,136.5264487685385,4851
2024-02-16,137.24007256584076,137.17993146474086,136.70356000376987,137.00410137282375,7367
2024-02-17,136.8440019141375,137.6408083077612,136.54218186214322,137.0483048159697,5322
2024-02-18,137.44356318517004,138.31782443508524,137.46284652981134,137.7870698564973,1987
2024-02-19,137.72843963085688,137.72043328440205,136.6386874889505,137.21622529943056,6483
2024-02-20,136.6445976681984,137.16643049038646,137.10062616910457,137.1193955697907,9382
2024-02-21,136.625233555182,137.09516349148475,136.59611283005438,136.7609844094893,9183
2024-02-22,136.0212895470494,136.52498031988551,135.4347928943747,135.82771610095278,7845
2024-02-23,136.27800413211642,135.80639436179197,135.24912656320203,135.78637575803143,9051
2024-02-24,135.6686035463025,136.49200827496438,135.21531106675093,135.72550200383978,2023
2024-02-25,136.49042977374214,136.6371493261429,135.8054208206875,136.48222687546087,8606
2024-02-26,136.53512449125898,137.19019601046824,136.79748023560708,136.79763271773822,4294
2024-02-27,136.32352413921421,136.7075150058331,136.255171242783,136.28553930557365,8127
2024-02-28,136.86753939495046,137.3544286992043,136.82881233812566,137.21258558874072,9051
2024-02-29,137.5980169505378,138.48127485526317,137.55177198701637,137.8231024365034,4113
2024-03-01,138.34331845447926,139.56848166047797,137.90998294791487,138.1141512882377,4663
2024-03-02,137.87083619375423,138.61228437818187,137.27943920489383,138.0009092388128,6745
2024-03-03,137.796364297067,137.9790057686303,137.48525422754565,137.52118962045105,8531
2024-03-04,137.2890340944208,137.74494374384923,136.67399975409552,137.33508623241553,2156
2024-03-05,137.4688085144064,138.04759201786058,137.75178337121162,137.87946054226762,9354
2024-03-06,139.1722632779483,138.96677259676187,138.40860863292377,138.82175369523492,5399
2024-03-07,139.19877763385546,139.79037074545855,139.58066977471023,139.59337545937103,3794
2024-03-08,139.1684144958197,139.6469914955441,138.61434402861437,139.34895074847788,9245
2024-03-09,138.72923230725192,139.2641943164062,138.4003876982004,138.78914203183336,9565
2024-03-10,139.16133374148674,139.46867318869263,138.33502079034506,138.85958515528898,6546
2024-03-11,137.81742002570047,138.17352531351148,137.69964906630935,137.97536547250755,7893
2024-03-12,137.8589341808589,138.45206536642314,138.02383618888763,138.13694932959993,6161
2024-03-13,138.1119499579187,138.84838555913458,137.2300534174373,138.0631480364506,8782
2024-03-14,137.7659400685485,138.31580192778722,137.66195141678116,137.83012978551648,9118
2024-03-15,136.89256107217133,137.73032920513424,136.15198703825575,137.0327782518831,3865
2024-03-16,137.3545239121143,138.06815875001726,136.7778615773857,137.28957830516794,7485
2024-03-17,136.66214902071903,137.11673174607435,136.5695910429411,137.02322788533698,3708
2024-03-18,135.92171730519215,136.75123551546832,136.18587878702434,136.43826946748186,4288
2024-03-19,135.6437573930215,135.68707247252198,134.6641991786649,135.00213836084103,9231
2024-03-20,135.0196367363242,135.30908880332743,134.90327949600896,134.98838090831572,2654
2024-03-21,135.92676097123925,136.42984554867763,135.61781796289324,135.87450670665058,1797
2024-03-22,136.4705394997214,136.84283443099613,136.1897286751995,136.70513631392453,9901
2024-03-23,136.74589783867958,136.9334440118027,136.3072166797457,136.47658818563139,6612
2024-03-24,136.01543657740672,136.26852866588845,135.82634938720443,136.17548215545048,1024
2024-03-25,135.57402497715384,137.057997638362,136.38796218707213,136.409869283488,6060
2024-03-26,135.74056656174125,136.02243844516462,135.18532160182664,135.91067656389384,8452
2024-03-27,135.97714859042625,136.80356204353728,135.67868224406345,136.06157251380358,6114
2024-03-28,136.39358757169558,137.1705759691533,136.11526724604315,136.44461265299594,8383
2024-03-29,136.9983757661147,137.53184463542414,136.25361599021528,137.05807926493807,5697
2024-03-30,136.8145278416052,137.63453133182006,136.86542296162045,137.0080022266981,5484
2024-03-31,136.68370903369862,136.95128679232977,136.37397914639251,136.90616535160962,8436
2024-04-01,136.37778045819374,137.0551795508302,136.37567261841937,136.46717405823134,4366
2024-04-02,135.56009105510066,136.6211181886448,135.70709581924984,136.05373388121143,5524
2024-04-03,135.3532155471175,136.15556592241833,135.7516919587317,135.94049443526066,3064
2024-04-04,136.15359383564464,136.3784448474823,135.5935958224818,136.12417718866874,5538
2024-04-05,136.61538996406486,136.79228381038166,136.34334453728246,136.58096950178538,4426
2024-04-06,136.44320020046138,137.1862924045857,135.67582281195436,136.1793800264452,2016
2024-04-07,136.84905471781371,136.98488942037406,136.12538275641697,136.92572431092495,3017
2024-04-08,136.4320743464714,137.34819459843962,136.76117516209584,136.79016251040366,6690
2024-04-09,136.19758481867007,136.8650724351023,136.29612637253115,136.77947886322946,8648
2024-04-10,136.1388142008685,136.97734429684715,135.65272506621196,136.40587302365554,3425
2024-04-11,135.32050881673632,135.7862288641321,134.41970869867282,135.19375289351908,5226
2024-04-12,136.0682102627223,136.43824284257656,135.46003377361902,135.6357755916996,5496
2024-04-13,136.02042316407724,136.5389212343079,135.48708420324343,136.0041975402458,5218
2024-04-14,135.49945679458588,135.86560505415878,135.767394605281,135.8635337616867,4834
2024-04-15,135.6330529395476,135.98941344542362,135.44182028321427,135.89702912029912,8359
2024-04-16,135.9003869519319,136.27895674202267,135.37999913990316,136.15499872915117,5169
2024-04-17,135.25192922023848,135.65866398869767,134.89937503337634,135.37372580070792,8546
2024-04-18,135.44546808953322,135.44722664530914,134.26474862775288,135.10919946203475,4543
2024-04-19,135.8660046368927,136.00320193327966,135.47710157342866,135.50633180184568,9302
2024-04-20,134.82751032182858,135.0057305107681,134.43103199737172,134.87918709026104,3224
2024-04-21,135.08088708937845,135.23588955425998,134.39547867689006,135.02596605634437,4091
2024-04-22,134.10840778617063,134.35853166327507,134.21881028342713,134.34767515403266,3252
2024-04-23,134.06791761194333,134.87646356021224,134.1582546305265,134.58089014524944,2990
2024-04-24,135.09957091013953,134.72741057884895,134.56171524067653,134.5630694041007,6152
2024-04-25,133.05875738096987,134.0241847908046,132.9501563486893,133.75550349614792,3127
2024-04-26,133.78712107807715,134.57213497478594,134.14476739604527,134.33787317337652,3173
2024-04-27,134.5094991415254,134.57858065443324,133.94325391259528,133.9705773849775,5603
2024-04-28,133.57043578787142,133.9251120098744,133.48719884216987,133.5654511664703,3422
2024-04-29,133.32796129295934,133.73102349373335,133.39231714220554,133.66573576508577,8132
2024-04-30,134.44486552912693,134.47071979631784,134.1966607266631,134.24005443980013,5629
2024-05-01,133.96405952212473,133.95007220780164,133.47723457608745,133.73214353031094,5313
2024-05-02,133.3631777616906,133.99514373564824,132.567659388067,133.76298345523492,5377
2024-05-03,133.81753809245933,134.25509113572608,133.9212256712066,133.9773917054002,5400
2024-05-04,134.5868182681435,134.86557539717893,133.56837392902543,134.32394450903178,5757
2024-05-05,134.16709356275925,134.71516030971284,134.23328774495695,134.4121652866704,2218
2024-05-06,134.31330048871288,134.70003898724394,134.17888720330484,134.22865136712872,2449
2024-05-07,134.24229991271426,133.96864495158624,133.74058249294873,133.81485625680438,2587
2024-05-08,133.14018274886521,134.3418043681011,133.2470600134813,133.85792819832756,4984
2024-05-09,133.21948419653611,133.6041077943585,133.16892855695875,133.32185869233476,5749
2024-05-10,131.93967425015768,132.44205910067566,130.86515091817677,131.86118345058745,7847
2024-05-11,131.54184853688324,133.2459715617926,131.648130173722,132.07946335266627,8837
2024-05-12,132.37254735613362,133.17939470399625,132.47650922664246,132.53143077320937,1396
2024-05-13,131.66331414868102,131.35625244023862,130.75297341884905,131.34996455543848,1743
2024-05-14,130.63380465846032,131.27879644958247,130.1297870045843,130.8450992030835,6279
2024-05-15,130.70937840282036,131.97307726574147,131.0364030437656,131.15467633358608,3017
2024-05-16,132.52267361539063,133.44511073414174,132.10556540867674,132.18342406844195,4611
2024-05-17,132.32717143033878,132.4889282283799,131.70163968748864,132.19382092227966,3322
2024-05-18,131.8091625642137,131.89006815861478,131.16507266556863,131.8298194516651,3631
2024-05-19,131.70885368298025,132.6663378747069,131.5359974784549,131.73837123111267,1361
2024-05-20,132.73429418201823,132.66895309305718,132.01186300700385,132.42580944068675,1399
2024-05-21,132.19118584862727,132.65599942966304,132.01691482878613,132.1028273511245,4654
2024-05-22,131.89691499167995,131.75405922858238,131.4737197225522,131.70323134779937,9986
2024-05-23,131.25408966826623,131.7339968031706,131.24418052318427,131.46185958670836,1562
2024-05-24,130.40998877993695,131.52406725004417,130.71004344557443,130.98519528257899,8802
2024-05-25,131.23310455063893,131.4487111914577,130.6009911018777,131.0465304405764,3064
2024-05-26,132.189148046311,131.9717636868539,131.68477025557894,131.85886966981116,9411
2024-05-27,131.95304071606742,132.6611547928036,131.93458242138473,132.02040930636917,3631
2024-05-28,132.1605595304441,132.26863839081784,130.96722065508675,131.89423255530605,3016
2024-05-29,131.64776308289518,132.0799636114805,130.98614738574966,131.74832692084826,1625
2024-05-30,130.93952176810438,132.26797145393707,130.1189265864353,130.96673151649992,4341
2024-05-31,131.9340150415897,131.64708081485,131.2633754506393,131.4082864050735,1063
2024-06-01,131.28191179045518,131.82799862765575,131.08392201338296,131.3693678065671,2927
2024-06-02,131.1739570320058,131.46268493480795,131.116298009475,131.2791278497718,9630
2024-06-03,132.31468777673203,132.8914761367705,132.52441081891843,132.87568163369423,1896
2024-06-04,133.23208003587138,133.19977056319493,132.78276949147997,133.02505808787708,6858
2024-06-05,132.43621015319317,133.10069164619793,132.12809840852225,132.64916256282947,8367
2024-06-06,132.4801512680305,132.5447205062338,132.199479787243,132.4359837647267,3079
2024-06-07,132.91569489309526,133.46413281178002,132.73914872598365,133.0102066193251,1000
2024-06-08,132.93310400994636,133.22406371974276,131.2611667931861,133.06684182459395,5801
2024-06-09,132.3123839884768,133.01045294529592,131.74841600000215,132.34770283543529,5009
2024-06-10,132.79506160085506,132.89056009486364,132.34064615061925,132.80731730272288,7024
2024-06-11,132.82606897784396,132.9588401945224,132.2967631445823,132.4732452599534,3763
2024-06-12,133.86595770506995,134.49855433858326,133.09731125391764,133.40989414806216,3633
2024-06-13,134.14513271165194,134.86240705440002,133.809998642998,133.94991818091947,4432
2024-06-14,134.10772400713137,134.09562659574257,133.18555396089386,133.7262572330901,2682
2024-06-15,134.62300965518168,134.68027933987287,133.87146324541976,134.36676541395767,1562
2024-06-16,134.54907739980212,135.65484630574966,133.86659125349422,134.40069316922137,7992
2024-06-17,135.2636228873705,135.7305094488557,134.55730624010195,134.82708000678247,1257
2024-06-18,134.6769040261521,135.8164104872508,134.90984819310864,135.0694464154297,7665
2024-06-19,134.44092942755952,134.81159741912245,134.26111131898884,134.6462680879343,5741
2024-06-20,134.0782227137187,135.53758217369642,133.77889138256793,134.32449317177554,5673
2024-06-21,134.74905720557427,135.0236495824866,134.1205250838819,134.8394735805661,5931
2024-06-22,134.87785602193813,135.16071759966442,134.49358370186306,134.67208591451285,8006
2024-06-23,134.13573064723582,134.56010937344496,133.78849375102783,134.47026168289185,4875
2024-06-24,134.1435401522605,134.0174336788788,133.34588762517603,133.99270039321718,5093
2024-06-25,134.02838165049263,134.3303892629771,134.0237439397887,134.2044999260139,3654
2024-06-26,135.13164316967942,135.34058238234508,134.8693414821367,135.2357623856355,4984
2024-06-27,134.7621206275385,135.0062417528474,134.4044915274542,134.70199592850835,4815
2024-06-28,135.21848009856316,134.8977055562324,134.1482663883441,134.7141056568447,2869
2024-06-29,135.20651181887618,135.43595161965428,134.67504103082203,135.42021593455243,1377
2024-06-30,135.35636722088154,136.135157235279,135.26847189403975,135.38039523892957,3392
2024-07-01,135.28311356937533,137.0899576714248,134.89362597089377,135.60658113705443,7206
2024-07-02,134.85880005807758,135.3303279969416,134.40898350774296,135.075384372981,1848
2024-07-03,134.9633354911075,135.64840727491432,135.1100829308785,135.28953792158484,1779
2024-07-04,135.26940131547252,135.76944722321014,134.02195653475562,135.19596578908255,4411
2024-07-05,135.81642341776913,135.72126650744917,135.38418822871458,135.6888307869225,1865
2024-07-06,136.48863861672203,136.38648384639686,135.76115049628422,136.28252381270488,4639
2024-07-07,137.35121072044225,138.07027982537153,137.5550816743264,137.57730563371416,8091
2024-07-08,138.0195051438845,138.61270542246106,137.47663457389882,137.86712222032097,2930
2024-07-09,138.06395040208645,138.18028837120144,137.5924157782227,138.03002037861205,1538
2024-07-10,138.1098867802253,138.2607004209645,138.0364049220035,138.1272125294007,5029
2024-07-11,137.57820253474307,138.78991636516974,137.84487837957028,137.95062938299537,7061
2024-07-12,138.16584735452165,139.18188484266565,137.23557846976948,138.11987130472622,8541
2024-07-13,138.02765758563004,138.31717689956398,137.45927380719382,137.9721705996567,9425
2024-07-14,138.08691962115418,138.78931907709298,137.89719930076444,138.0564010877915,7222
2024-07-15,138.83521508277863,139.2614687723996,138.3515601676269,138.71519985559547,6416
2024-07-16,138.4203072706765,138.47315117841902,138.20389162987462,138.21192857295566,8707
2024-07-17,138.45246086083287,139.00616629007476,138.74583574826994,138.7818678535202,8143
2024-07-18,139.3754165612616,139.88133463668282,138.94696907368845,139.44042538719012,9079
2024-07-19,139.53612140416385,139.67699893331576,139.36980808366354,139.38139112369458,8214
2024-07-20,138.2399452279278,139.09446778459963,137.6609131604673,138.32046367419028,1896
2024-07-21,138.3043797477616,138.33077402522073,137.93876512426377,138.01655268064306,8582
2024-07-22,138.6921035029314,138.71576143604344,137.91139316318268,138.6650499539236,7488
2024-07-23,138.0671391304371,139.03046974520504,138.0278545256219,138.65361592277418,4595
2024-07-24,138.40579348238603,138.57535182167624,137.85957036801514,138.15396480662673,9467
2024-07-25,137.86644637795604,138.17094048618586,137.78941960840132,137.90157734601263,9594
2024-07-26,137.79097410932732,138.37068430434212,138.28459724421316,138.3218873592649,3301
2024-07-27,138.51956718527956,139.436945209887,138.28888705585823,138.5952541433656,4048
2024-07-28,138.09527878019637,139.28247221188323,138.2240819876808,138.47578809378075,3584
2024-07-29,138.51831527355165,138.29621248453415,138.14191703125073,138.2923758878734,5258
2024-07-30,138.08574451930764,138.75907539095036,138.0031902024872,138.09649681335148,6227
2024-07-31,137.35816811166168,138.68783504076947,137.20968002527064,137.63529172110222,1242
2024-08-01,138.68623398292578,139.47374112189306,137.98213391676555,138.44297956583694,3350
2024-08-02,138.41937703103014,138.68190698056333,138.17125293542307,138.28181933123128,2045
2024-08-03,138.81966917053643,138.89874902527782,138.58645842508417,138.89039859164404,7633
2024-08-04,139.27737738574436,139.83362308650317,139.05426083558825,139.65105661760526,3665
2024-08-05,139.89746992861828,140.7022847950112,139.28327049748995,140.15021206667925,3011
2024-08-06,139.6771645374084,140.41336583006785,139.2957148910636,139.93440191032022,7526
2024-08-07,140.36021611646783,140.63159399423813,139.18136812065904,140.1362669554885,8297
2024-08-08,139.6198999665998,140.2675299997031,139.7232004147612,140.12416915229306,6245
2024-08-09,139.65814777695905,140.6482827666867,139.43350102642304,139.67231822192798,9561
2024-08-10,139.75941254555715,139.8734665110679,139.1746335347143,139.8344978627888,2394
2024-08-11,139.5556396725415,139.83642821190264,139.17918092612723,139.24497796720888,7404
2024-08-12,139.90863862874227,140.09230583435374,139.62550176845127,139.83881766143966,3075
2024-08-13,139.76707209833356,140.1634402117816,139.51414605680074,139.60650901279047,3896
2024-08-14,139.5494808396079,141.1070709920237,139.43766948895833,139.7070888407269,9374
2024-08-15,139.47943332024838,140.00096178707406,139.50206782419903,139.84873277649996,1375
2024-08-16,139.621637496885,140.3728480012233,138.59718951856388,139.71928028964794,4990
2024-08-17,140.2457759061635,140.29849510176024,139.52156953430304,140.01262719038556,9401
2024-08-18,140.00764255141982,140.6564119445091,139.28726803527303,139.7751753620743,7259
2024-08-19,140.08164773946822,140.95276908768682,138.95900568965877,140.21082401080292,4706
2024-08-20,139.27961102928498,139.77239952874328,138.4342409117124,139.53783417067956,5467
2024-08-21,139.2840202229806,139.85260571997594,139.22560790577936,139.60102396045275,1994
2024-08-22,140.52950047916394,141.07729138115914,139.5861473909402,140.5704884599819,3489
2024-08-23,140.11128814919493,140.38511991361102,139.19207615684147,140.07032279767913,3661
2024-08-24,140.17340776630942,140.34774484450114,139.4875168955687,139.73145031241668,6490
2024-08-25,140.02540346453182,140.20280982746266,139.51243981340804,139.98840423724616,4515
2024-08-26,140.2623249263581,140.80621837488917,139.68808389091524,140.07819512821595,5062
2024-08-27,140.01936978148146,140.55537668594783,139.97698767399424,140.25351017785272,6834
2024-08-28,140.5106140444053,140.8121430913767,140.34789569315092,140.49810374292656,6010
2024-08-29,140.8574880138685,141.64606667979942,140.71248411910292,140.81546447720746,8824
2024-08-30,141.32815523983226,142.14522370134975,140.49823033011194,141.37031439818557,6635
2024-08-31,141.56867808758884,141.83202837385744,140.66776077160657,141.57522372664982,6515
2024-09-01,141.49246043962657,141.829443910063,141.1559622127038,141.45459489934055,8920
2024-09-02,141.93519279387021,142.1702143507133,141.2618289409439,141.79088174994192,2926
2024-09-03,143.09155813041366,143.0520122766261,142.5634026396044,142.74082271738953,6076
2024-09-04,141.99484150670634,143.23770256905928,141.9681648106948,142.67450584419825,1228
2024-09-05,142.52136244610455,142.23654539136527,141.83912700167684,142.18724119186294,7585
2024-09-06,142.227539091611,143.74174275613058,141.5727084767066,142.7407815265064,7052
2024-09-07,142.77321979084064,142.7026232619861,142.5016637439773,142.68059094452963,6687
2024-09-08,142.30094486224914,142.16464907174884,141.09436638176385,141.5942561715226,9037
2024-09-09,142.00520492357006,142.16447141372714,141.91194485391432,142.0179670100978,3639
2024-09-10,141.80430865894525,142.0430636835493,141.48033195976117,141.75030291712085,8966
2024-09-11,141.6119583617926,142.54070240978615,141.69140402215152,141.70503627596875,2294
2024-09-12,142.07120514543274,142.05655331036095,141.73797441363016,141.87102644125326,5225
2024-09-13,142.0749388469347,142.33376383177142,141.219649815627,141.9662762811428,2548
2024-09-14,142.1181880162786,142.74420134260117,141.8193394609853,142.32100218971232,6879
2024-09-15,142.06895308787196,142.9753105966604,141.7493167472213,142.1032590044274,1516
2024-09-16,142.02428095238227,142.46669702754662,142.16946655896422,142.35981190351544,4488
2024-09-17,142.19435613835378,142.73168948021123,142.21718612370952,142.2300385647235,5607
2024-09-18,142.4736321490922,142.77900961922165,142.4819822799186,142.59944380516723,4009
2024-09-19,142.94808983265096,143.55735266163472,142.7506025227644,142.90712754717376,9163
2024-09-20,142.2264340270089,143.1563504302496,141.8661186654938,142.43940819615148,2980
2024-09-21,142.9180697472131,143.33023962632222,142.4330513467047,142.98239925423897,6557
2024-09-22,142.7170493642384,142.9790674986538,142.42929116991016,142.71441753168196,9416
2024-09-23,143.14197174020953,143.7964997879277,142.7409325340627,143.11844643082253,3250
2024-09-24,143.38437520223496,143.55216642813056,142.80916419802244,143.3020900875232,8911
2024-09-25,144.16893162633644,144.48719314205715,143.5147231262133,144.22118192592075,9327
2024-09-26,143.8734408370553,144.62449196218702,143.98203932556132,144.10944893473481,6152
2024-09-27,143.9594125184706,145.15767532123257,143.07675256347648,143.93479053667573,4037
2024-09-28,143.87142338605315,144.3932708010402,143.87552047415357,143.92508073373187,7588
2024-09-29,144.08088453494688,143.86979406169513,143.53174349133258,143.77349084231471,4929
2024-09-30,144.51868424355885,144.55987865873024,143.78326399599317,144.17346179328575,2393
2024-10-01,142.95368235843634,143.42230476548727,142.8525715668683,143.36530648906745,8859
2024-10-02,143.0236116440196,143.00845714067003,141.9215529149943,142.83846527949427,1370
2024-10-03,142.54988706703165,143.28103609570442,142.05481342022023,142.30456381870468,5733
2024-10-04,142.3759682259322,143.3924849757989,142.51996620759476,142.77971761469146,2659
2024-10-05,143.80886614665624,143.70242501262751,142.80401061197716,143.63502430098242,4443
2024-10-06,143.8515861670436,143.59196872503054,143.18552729260702,143.5827996917137,8657
2024-10-07,143.2134948387551,143.55709398029114,143.24518365942913,143.4983888301187,2276
2024-10-08,143.46251242473895,143.58772323914442,142.72131924781422,143.53341491167527,7629
2024-10-09,144.17025004372545,144.17238946803963,143.9587214558272,144.11435406297937,9793
2024-10-10,143.82181491391387,144.08721052905014,143.15684833108486,143.65067749588408,9410
2024-10-11,143.47333016411721,144.07435421049772,143.42874248986433,143.7698619872515,1208
2024-10-12,144.6045628114874,144.4669166078291,144.00497168463906,144.2574608021427,4206
2024-10-13,143.89920344809295,146.02500256818527,143.94858462804694,144.50800788711263,1210
2024-10-14,144.99992236008964,144.75269613249358,143.95771868352898,144.602798695412,1272
2024-10-15,145.26840198203254,145.9311414217806,144.43947281022974,145.10332174169557,8327
2024-10-16,143.5651741418531,144.07486567676386,143.6538097446259,143.75170559519594,7287
2024-10-17,144.34996500777353,144.82789193874666,143.89426329391932,144.0906432549614,4579
2024-10-18,143.44926570031703,144.22672496969196,142.855864456738,143.76360541339767,8501
2024-10-19,142.88276978128764,142.97917932614084,142.50030833731768,142.84828896496947,9693
2024-10-20,143.1754417268745,143.40356811725843,142.277170210319,143.10389026473194,7587
2024-10-21,143.8615599815011,144.4084354251918,143.47212217868363,143.7907195373134,4825
2024-10-22,143.470080012865,143.76950922263563,143.6636030171114,143.7219952799996,4944
2024-10-23,144.04960940189378,145.0625972438842,143.98128682294316,144.19843255360104,2109
2024-10-24,145.04259514244063,145.21144878406906,144.14236250229044,145.00457168259538,4064
2024-10-25,145.44400578649743,145.78325399970532,145.56214079846984,145.6620289093874,4151
2024-10-26,146.56344701235605,146.5161145653745,146.38429621605982,146.48201117407308,9143
2024-10-27,146.66883712914108,147.2620709692377,146.76341566902914,146.85307491960904,2349
2024-10-28,147.190791746883,147.7596348381825,146.178275485608,146.89079173905984,9200
2024-10-29,146.55861431828254,146.1324808108715,145.36641350619632,146.08980883311125,4499
2024-10-30,145.8775383366491,146.00180081091025,145.56278000448884,145.96677758904627,5287
2024-10-31,145.8212319196792,145.90786370496704,145.03870900436948,145.54515429138817,5587
2024-11-01,146.5669342876641,146.72447645307412,146.4629471148641,146.6306256501371,8874
2024-11-02,146.26175338489853,147.06204996100226,146.27788071951977,146.54268274392092,6384
2024-11-03,146.4765698251466,146.607960484773,146.33069784524127,146.60428514731316,7923
2024-11-04,146.90569875756023,147.42144809976756,146.81119939609704,146.88002783533338,8111
2024-11-05,146.36574175919148,147.86446016481335,146.05077509146878,146.9018290585196,8410
2024-11-06,147.93705160716866,148.11291581947773,147.67375588588644,147.749354578735,8161
2024-11-07,147.46383615254868,147.72756068421512,147.04488119518035,147.43802989786778,1676
2024-11-08,147.83549681272714,147.7688790974832,147.5227108109456,147.5353336254864,3772
2024-11-09,147.34653959876877,147.81556254361027,146.2865565297566,147.16409833263737,2383
2024-11-10,146.54007157217617,146.83660302217896,146.2526747175592,146.504087077027,1498
2024-11-11,146.09145205096956,146.91375960296003,145.60770002735893,146.1982025315744,7711
2024-11-12,146.63654264956105,146.21469902145418,145.92918849818494,146.17968413305016,8380
2024-11-13,146.61599482684235,146.1387831706445,145.9006511526173,145.96503302079154,2854
2024-11-14,145.5170777093367,146.03997038923967,145.27470205544196,145.61882253085463,2069
2024-11-15,145.22835184112947,144.95558837576257,144.41222200967758,144.9156637990187,5276
2024-11-16,144.66208611501477,145.17991358580664,144.3512523757232,144.87411101270436,5321
2024-11-17,143.94544503958213,145.03975346736726,143.6463281584593,144.12175082568885,9538
2024-11-18,144.38590532208408,144.72236715293053,144.3401476778399,144.50177880753364,7589
2024-11-19,144.7484034902828,145.11118626735285,144.20075217165245,144.5429986840009,1828
2024-11-20,143.49174894596675,143.93004697007393,143.18421898544233,143.81422293426846,7019
2024-11-21,144.12460766384478,143.98763577486383,143.35595494053467,143.6596183957435,2686
2024-11-22,143.56490187016016,143.83935593001877,142.98716832824226,143.28354019294824,8464
2024-11-23,143.64158200978648,144.24506048179174,142.97225302047562,143.4431274481578,5347
2024-11-24,144.02520827136857,144.4530433576753,143.84922229083716,144.11335267116937,3698
2024-11-25,143.42461271330353,143.9512795273382,142.72390725582156,143.17576643634652,7051
2024-11-26,142.35807061752928,143.98587747535973,142.56394048880367,143.2332794759202,7627
2024-11-27,143.28548348718465,143.94107330332378,143.00038803059235,143.1532130781369,4906
2024-11-28,143.53691973666096,143.4982783720161,142.89518003893528,143.48888311636213,1623
2024-11-29,143.0296167609156,144.25694451064874,143.00499962155746,143.59548143048096,1157
2024-11-30,143.34137265943122,143.4953343336349,142.30044298208213,143.21949676461156,9760
2024-12-01,143.2372373145411,143.99309276420306,142.83058638194515,143.05996979677826,6821
2024-12-02,142.10583704492626,143.0420990876873,142.46984556096064,142.6619568683765,6762
2024-12-03,142.8439290123802,144.06461087069817,142.80618373427328,143.1999604376758,5604
2024-12-04,143.82993300756706,143.95615622381752,143.20215915342348,143.21061626201177,5639
2024-12-05,144.10530554105753,144.16145096392253,143.91604738271698,144.16121160488828,3636
2024-12-06,144.42356901583048,144.14795314465107,144.07288183490067,144.13088119798095,5190
2024-12-07,144.11471839181263,144.03316493650962,143.25719107266835,143.77667781452573,6654
2024-12-08,143.1380016624179,143.24158141813788,142.50711733284368,143.0198206182193,6068
2024-12-09,142.42342318544814,142.15437534720945,141.7252929986866,142.11825078009136,3969
2024-12-10,140.6923163011392,141.60726397955597,140.75621717262067,141.3261828085886,4032
2024-12-11,141.39058731059015,142.17077538267833,141.05080515074062,141.45974613409436,5212
2024-12-12,140.78992902755712,141.82162461718104,141.42702654152737,141.7141086457093,2479
2024-12-13,140.39968519532306,141.46019658591572,140.06167060541372,140.92351329469324,5455
2024-12-14,141.20722810263584,141.805818711058,140.9435316343762,141.3710324517313,6149
2024-12-15,140.92988659419075,141.5343696595845,140.75870560634257,141.1295019258896,3372
2024-12-16,141.21532151862513,141.82851238957122,141.0158461681004,141.20289843188237,2943
2024-12-17,142.00281359252918,142.15110268708744,141.9154986921631,142.00900874601007,9265
2024-12-18,142.49755113293722,143.24132415884068,142.16411596263444,142.45742840394286,6074
2024-12-19,142.3755759745791,142.6459621194697,142.10042349264614,142.3231630799899,4903
2024-12-20,141.9774437846632,142.2295493056794,141.85265780182928,141.8775669672823,2442
2024-12-21,140.51394586339404,141.24658774251037,140.58933760215967,140.80165926661763,4989
2024-12-22,140.22464491118728,140.6524658882557,140.23597226021369,140.44208260699642,5902
2024-12-23,140.32545406979415,140.39682176138936,140.27732356891045,140.33651748758257,1550
2024-12-24,139.8365248388051,140.17408117233097,138.94025049444403,139.84292772400698,3761
2024-12-25,139.45272103087194,140.05038229256982,139.48409473547588,139.77729924046082,8970
2024-12-26,140.14019299624414,140.52295668762338,139.35401736944505,139.81572518194022,6380
2024-12-27,139.92073739430143,140.06479565834834,139.46449721534935,139.70329719103617,1823
2024-12-28,139.1203808950155,139.99716495349904,139.35419981199453,139.37829590062444,2106
2024-12-29,139.4001134327328,140.02173920628582,138.81290762907258,139.4626232366078,3219
2024-12-30,140.28645545663164,140.09455430260047,138.97804105683645,139.6835935613925,1361
2024-12-31,139.18656713402137,139.9787768793652,138.9403266624883,139.1383940226711,7417
2025-01-01,139.96256599910424,139.8449833134228,139.3770431042495,139.84386021254423,5595
2025-01-02,139.61188548106276,140.203567238773,139.263817325799,139.7945661464021,8620
2025-01-03,139.71005732531603,139.8655002946379,139.67777657926663,139.80399095787453,3957
2025-01-04,140.61149596523782,140.43336515360315,139.00620601489405,140.1580981695028,8086
2025-01-05,140.30869456332232,140.58307129011274,140.00515918300698,140.27470623513454,7337
2025-01-06,140.7299960864293,140.96786658572694,139.95431828874916,140.75127455209116,1463
2025-01-07,140.89712896047303,141.69670137220706,140.5318345830691,140.8948366346921,2378
2025-01-08,141.35223278389643,141.31058240861796,140.2766608464494,140.58861794737186,8507
2025-01-09,140.78131196091928,140.77901515016188,140.35836844991746,140.7693697099749,6549
2025-01-10,139.94848359655052,140.20866087577082,140.00355969384748,140.1975066063146,8824
2025-01-11,140.05518118871828,140.42356374772282,140.0670890286929,140.25178645920286,8635
2025-01-12,140.46939826459706,141.1727841581223,139.8941808792193,140.23517146388062,2795
2025-01-13,139.70256869725034,140.1833700532823,139.58523128978604,140.13111303524437,1794
2025-01-14,140.20201917396417,140.3659303546923,139.8047429930013,140.0668442795249,4067
2025-01-15,138.90877449848122,139.61368622458338,138.14884463661164,139.12591975677606,1724
2025-01-16,138.29392643596998,139.23552613466384,138.32290500913993,138.85155730290558,2232
2025-01-17,138.60395808840207,139.16117518603147,138.81893273504653,138.89797975347614,8518
2025-01-18,138.98616809237845,139.0136183657654,138.90426802159112,138.97790794947485,1539
2025-01-19,138.88262059705968,138.51849469154644,138.0333611990737,138.46407037901184,7999
2025-01-20,139.37092312302818,139.61341141690122,139.07533221133582,139.0969242994442,1108
2025-01-21,138.57572980748571,139.31882515252445,138.63848324840512,138.66383687533695,3071
2025-01-22,139.44022159654574,140.29018479290784,139.0296667940308,139.14856547560032,5594
2025-01-23,139.25512870776444,139.4688790050801,139.23465178714557,139.36216265653616,3419
2025-01-24,138.5990955261905,139.27331463006684,138.99560643167536,139.03904900161427,2188
2025-01-25,139.9330307386088,140.00283913582277,139.36378835841313,139.926704447919,7540
2025-01-26,138.87810583353874,139.94598815074772,139.28793058264878,139.32988603204078,8594
2025-01-27,140.0268856110913,140.0081494559356,139.77435675545365,139.7894631188458,8240
2025-01-28,140.53151830456935,140.5716784437972,140.2729615754837,140.28975427786727,9241
2025-01-29,139.69045319146986,141.11715425039878,139.30555726643334,139.95444417332894,4694
2025-01-30,140.6943560754088,140.7693329404587,140.09665015994636,140.6506768233611,1070
2025-01-31,140.56646833631908,141.03963306719052,139.63773011866604,140.52565356606164,9683
2025-02-01,140.93158939523173,140.86602427203513,140.0818094534438,140.67000038070157,1473
2025-02-02,140.42664082389203,140.81432143192606,140.47305116942331,140.80016130008718,6320
2025-02-03,140.91285318642238,140.94368705650527,140.36063779449427,140.73300692935192,9660
2025-02-04,140.74338029063014,141.6460572530567,140.62325271819495,141.1384110659318,2460
2025-02-05,141.76831204750977,141.8467733745273,140.83340591770866,141.5351554262079,5309
2025-02-06,140.97969865998874,141.47945033458964,140.11453850796525,140.6608894395888,5242
2025-02-07,141.11218214293592,141.3994662369746,141.17413815629197,141.3130595610279,7525
2025-02-08,140.8475522269725,141.0463457779262,139.30960387312814,140.48181356701005,2439
2025-02-09,140.52587678027524,141.03138718269187,140.37495527868154,140.99808666918088,2028
2025-02-10,141.89131427115782,142.6736312918991,141.43739071277875,141.56143923759467,3897
2025-02-11,141.44749289393587,141.1844076544754,139.8063914534492,141.01595602248707,6126
2025-02-12,140.91429343675526,141.03668606733407,140.7697275112992,140.8105488785098,1722
2025-02-13,140.199038809958,141.0955146911896,140.07654814244356,140.25769654426682,4400
2025-02-14,140.2439619751524,140.24723342540574,139.95888845858101,140.15023602912242,4311
2025-02-15,139.8150913764102,140.2004615561028,139.57085689175625,139.99621888702956,3874
2025-02-16,141.17343715691305,140.8166932043572,140.30646652300354,140.38604915316424,3051
2025-02-17,140.86524413909376,141.2194170864866,140.57007292927707,141.04120352622405,7249
2025-02-18,142.13426578251622,142.5016381499501,140.80282110121465,141.73904543161902,7690
2025-02-19,141.23559319310263,141.5553562289715,140.69958901956298,141.4579614183299,9151
2025-02-20,141.83239296530869,141.50600505821689,141.02439416566122,141.3533504814576,7699
2025-02-21,141.1153299598737,140.6612312683916,140.46677610078748,140.51163138534713,8446
2025-02-22,140.22449359540485,140.42049479226537,139.77861430879227,140.10869635209906,9768
2025-02-23,140.6771193492179,140.6327948441353,140.5807285767023,140.59112216864776,7487
2025-02-24,141.1119398729865,141.56560360822573,140.57926501281824,141.3989135804219,9979
2025-02-25,140.45903886161148,140.9474888386317,140.34741211526364,140.78173914448195,8646
2025-02-26,140.57488139645517,140.52568817788702,140.38366087566726,140.4855070149055,2888
2025-02-27,140.90976187958037,140.49256560758454,140.01031696934223,140.47230413642603,9355
2025-02-28,140.44792396909114,140.99297173536166,140.33957938414542,140.61238471583584,9593
2025-03-01,140.86996172121326,140.26790447293993,140.00944418593159,140.207582955875,3532
2025-03-02,140.2365696962181,140.59455615266856,139.9293318486113,140.41961347810707,9544
2025-03-03,140.25151138679658,140.2730975271152,139.92417998215922,140.18269380457158,1672
2025-03-04,140.24507260905355,140.53279972755294,139.74619193408077,140.17546766913244,4153
2025-03-05,140.41814948056364,140.62856533991763,140.36791626831703,140.4486097931343,1264
2025-03-06,139.8386726731419,141.4674002845764,140.32475801644472,140.45182092803978,2065
2025-03-07,140.04790605264722,140.68996736312442,139.9595465433064,140.23362798277648,8134
2025-03-08,140.23871486850445,140.31815124775324,139.8451682780781,140.17882308081357,1206
2025-03-09,140.10584607241682,140.32838593284572,139.33205637999012,140.1346416012109,6763
2025-03-10,140.14049688409068,140.07322189239204,139.493666112864,139.94963608626983,4501
2025-03-11,140.04728882853385,139.9858577093755,139.3498112901452,139.82023805493628,6862
2025-03-12,140.54753810183496,140.75918169079912,140.3658890421966,140.61956164018864,7215
2025-03-13,140.61129225246464,141.75510891485516,140.11889925884012,140.90002136415927,9599
2025-03-14,141.21677651675972,141.2708669414107,140.6735002273678,140.7522812051447,3756
2025-03-15,140.69411970824538,141.41704980722116,140.9798749624579,141.10075840740006,9470
2025-03-16,140.7552564954924,141.55528445555362,140.7971888402661,140.93384866252205,8274
2025-03-17,141.26542300412322,142.65494961779157,140.72662052489417,141.52041098131537,2889
2025-03-18,141.92916936395505,142.1937681504851,141.41743935049178,141.70523207741442,8822
2025-03-19,142.0466875977565,141.77291423612587,141.5403199652833,141.6515810054123,9242
2025-03-20,141.82333145566415,143.16558541766284,141.82233978243033,141.87543946831744,6242
2025-03-21,141.15893442038367,141.36162987477033,140.52173396439582,141.0900013922832,5526
2025-03-22,140.65524920412503,141.43041248241903,139.85456481095108,140.5266176578283,9515
2025-03-23,140.47085638420546,140.27448290707926,139.69236324478183,139.9296551546288,5013
2025-03-24,139.46905466934666,140.02773292014712,139.38467201497969,140.00112670201062,6959
2025-03-25,141.09065077149126,140.99422597890222,140.77855370351867,140.86738420175317,2804
2025-03-26,142.09599169923135,142.64040870500472,141.89673265104108,141.9830342748495,8845
2025-03-27,142.19080796799614,142.3695549395584,141.71269778227705,142.30205982556987,2444
2025-03-28,142.65035008375818,142.91130163184738,142.3086732254252,142.5524820630421,2778
2025-03-29,141.8742018887147,142.2038324772669,141.28418786301197,141.65195319596575,3538
2025-03-30,141.55556510984354,141.51041411944817,140.88190582703652,141.3806162960987,8803
2025-03-31,141.63427460191951,141.37366300686602,140.88247810463446,140.9867244201446,6336
2025-04-01,140.71454509735713,141.09682125949985,140.51088885965694,140.67630062101904,7120
2025-04-02,140.60030026671376,140.87942188729357,140.14572652762678,140.59222871172665,6529
2025-04-03,140.30179378717713,140.6048681894482,140.31176735245563,140.35618342287808,6631
2025-04-04,139.53242716883395,139.72380839842194,139.17205424967005,139.3665335176902,8357
2025-04-05,139.73087116730315,139.89501586480108,139.40951885371354,139.74048864574894,6940
2025-04-06,139.20807987639847,139.27108807435505,138.81264559324285,139.20411713287905,2329
2025-04-07,139.3290895229365,139.62958712578552,139.1313152825935,139.3237405649346,5202
2025-04-08,140.3203993289626,140.60921996348037,139.6860453471788,140.3607818998096,6788
2025-04-09,139.71848776337066,139.93803307207867,139.4228560321466,139.9010896040164,2248
2025-04-10,138.7613778041023,139.85588307613597,138.41099139822762,138.63594584264322,1059
2025-04-11,138.4074294621982,138.64356497174887,138.07820986441303,138.49294373170318,7515
2025-04-12,139.2275274000486,139.3490178003276,138.53272470728226,139.04342354920246,4213
2025-04-13,140.05582756499115,140.43879199879748,139.51664448443788,140.02259727631275,1117
2025-04-14,139.29185001618782,139.65370578541464,139.230661308962,139.40782247908655,7823
2025-04-15,140.12562121221532,140.74481881447934,138.55135776460938,139.6561720907048,8359
2025-04-16,139.39282308665068,139.62314518528777,138.87020420774616,139.42351686231478,1285
2025-04-17,139.55738958953125,139.82397795246786,139.01707819259462,139.37054268516272,9210
2025-04-18,140.48271948687363,140.88067848140693,140.3674089106182,140.69271435867125,2005
2025-04-19,139.3335673951343,140.0718214651135,139.44926573987055,139.94122919447366,7745
2025-04-20,139.89799927491785,140.46397166222533,139.5702778215989,140.06809902522096,4693
2025-04-21,139.66071099918372,140.58789703600863,140.20464181187316,140.30194561110366,6689
2025-04-22,140.77377991352756,141.16539460064973,140.6532435808847,140.84483877357334,6109
2025-04-23,141.3344244546705,141.72326519753648,140.69376231865752,140.8938303503088,5211
2025-04-24,140.77627011343785,141.54015206750873,140.81545798533884,141.04785562006083,8207
2025-04-25,140.22021817907168,141.2473674956953,140.23618418613293,140.85203133634994,9312
2025-04-26,141.43667190427627,141.38023295353395,140.77571026308956,140.9865948069725,7507
2025-04-27,140.67239224022651,141.04478641337934,140.78778651903815,140.8149986692238,5766
2025-04-28,141.1210630995012,142.13467252073937,140.71549196622485,141.12578461415183,4470
2025-04-29,141.17746343686932,140.96293359706857,140.0474849412246,140.94097944613,3593
2025-04-30,141.28648147257783,141.41816082668157,140.74006355282086,141.1295296430811,6949
2025-05-01,141.34005196212217,141.8403547005356,141.102031338819,141.11489823623862,7473
2025-05-02,141.94805205848832,142.0904037049203,141.6541336530483,141.6779233616247,6336
2025-05-03,141.12839211005362,142.25263599974798,141.1588396907437,141.65222649983045,5263
2025-05-04,140.34140594368498,141.40274205748506,140.6729585012089,140.765710265727,3579
2025-05-05,141.74802191487262,142.67294109209436,140.84837412149292,141.39667101608399,1198
2025-05-06,140.70928312272517,141.14495987702904,140.94339419726296,140.94380486565268,9184
2025-05-07,140.41512794283923,142.1137749976586,140.60232981730059,140.6169216963283,1401
2025-05-08,139.94023829265723,140.73473499704747,140.2153269103748,140.31909104930654,4801
2025-05-09,140.88482572908768,141.25178457075788,140.38811903168872,141.00631009589193,1016
2025-05-10,139.83367816979725,140.63090853579962,139.62601275685142,139.9384729889026,5649
2025-05-11,141.22610904942704,141.7056612253433,140.87974819827465,141.50734725573258,4014
2025-05-12,141.7194508368029,142.4519464219301,141.5655678696261,142.03537566026563,2044
2025-05-13,142.2425940449829,142.6799769771961,141.6223877328266,142.1469951173302,6540
2025-05-14,141.87724733695552,142.12846424428693,142.03193563370678,142.11954811702205,6230
2025-05-15,142.0804314773574,142.2811085838045,142.08609880268196,142.26232515445088,9831
2025-05-16,141.8670028646083,143.12422212252653,142.52227384948642,142.52288636864054,9047
2025-05-17,143.4269542343749,143.34050101856715,142.39286608172736,142.8454941616156,9649
2025-05-18,143.4058436034597,143.53584504459005,142.6205487344641,143.12329639461728,8440
2025-05-19,143.01964491924684,143.191317371822,142.75107295088173,143.1680867352449,1805
2025-05-20,142.79969324439392,143.1083603885816,142.98251076864537,143.06941752509124,4883
2025-05-21,142.99704752243443,143.76582721502652,142.75459752497054,142.9937808832645,8187
2025-05-22,142.89136666620888,143.08885432705708,142.60664799641557,142.89632674308817,3628
2025-05-23,143.0804218206673,144.81699463835776,143.30813929401637,143.4632117915217,9518
2025-05-24,142.9948292839854,143.89131114659796,143.0598675382865,143.7599901526621,8386
2025-05-25,142.13197306307498,143.01480401341374,141.80999217922405,142.28979583532998,7929
2025-05-26,142.14873386432504,143.10073168590066,142.18768602760238,142.61774622359488,2893
2025-05-27,142.76652830497133,143.12119905681743,142.56420807791633,142.71511432095426,5360
2025-05-28,142.7591844127295,143.03742910448744,141.88862269974305,142.7057599427313,1321
2025-05-29,142.21953690668428,143.199075412207,142.36190314110218,142.51150071618684,3363
2025-05-30,142.91318179588322,143.175298077906,142.89280046262644,143.07355707617987,5203
2025-05-31,144.07623281483473,144.25272144978678,143.34337084496948,143.5473203072413,2828
2025-06-01,143.39342003121078,143.3392152769544,143.0012992317204,143.16088147332948,6868
2025-06-02,143.2287317856791,144.48289315542257,143.03443061031845,143.36440761689175,4580
2025-06-03,143.5661670477019,143.54325877908815,142.74308514227752,142.8785792496211,3588
2025-06-04,141.82968894363515,142.33102531939625,142.17421813365243,142.18877016722664,7718
2025-06-05,141.63160313748668,143.1371402361879,141.6204543040125,141.87541155493165,2550
2025-06-06,142.27345403991066,142.4570759376081,141.6810338346136,142.30660829112304,1237
2025-06-07,142.32386869419818,143.1045293901268,141.83487935256792,142.78317081381107,1120
2025-06-08,143.5768062732481,143.40003313953838,142.45642492107305,143.03971352385975,5408
2025-06-09,143.45720702889653,143.4409432824258,143.12319941074205,143.40226141728374,1183
2025-06-10,143.42336590377127,144.10498227322068,143.27946569770933,143.6603505608412,6357
2025-06-11,143.47394584865117,144.61263703120113,142.41140200431656,143.33960976322973,2793
2025-06-12,143.59938779005606,144.4117233792855,143.17541137768697,143.5555710355667,1329
2025-06-13,143.86438047294277,144.21703626288533,143.66318287188088,143.95577579818053,5917
2025-06-14,143.9703669130409,145.0584734563207,144.13678519976204,144.33292146308733,2303
2025-06-15,144.4965145711659,145.13045385711152,144.61425601579296,144.92737814882463,8475
2025-06-16,145.93757037165813,145.75502145523384,144.78417143540722,145.28153007242517,8381
2025-06-17,145.05143371066296,145.6829279501283,145.31478876687436,145.45725417619596,6838
2025-06-18,146.5017189511596,146.58292606506893,145.44213338332645,145.99232929535418,3747
2025-06-19,145.72564092144486,146.0154798820248,145.06732229820486,145.97906866572964,5111
2025-06-20,145.7751411103779,145.95713836738395,144.9129170675955,145.5381313401158,7580
2025-06-21,145.59622778516814,145.5069457945525,145.36839433132974,145.4565978581439,1005
2025-06-22,145.2837721458296,145.55730344711458,144.90730673798782,145.08414653574067,7424
2025-06-23,144.96616167992553,145.33396442704634,144.06774117577902,144.7465573982535,4758
2025-06-24,144.19082837619447,145.61378853527265,144.61090343706275,144.67429806289573,6546
2025-06-25,144.0751843046535,144.4419856303345,143.7012038328515,144.27808810239577,8648
2025-06-26,143.7136929498109,144.14493734926688,144.08978160903908,144.12410733757622,2663
2025-06-27,143.23409032235364,143.18525433329916,142.70775553228378,143.17730000409935,6880
2025-06-28,142.88694355814854,143.37419488582486,142.98788979711833,143.28394685778582,1385
2025-06-29,142.69023544234497,143.58976950537166,142.87959116707233,143.28454959546693,6651
2025-06-30,142.80476207896976,142.8937089994555,142.4515683647903,142.87600527993283,5857
2025-07-01,142.54290439840278,143.38965725522087,143.02099534682094,143.20562811414902,8439
2025-07-02,143.7520346413786,143.87820785529217,143.0816151790751,143.67441318296233,3973
2025-07-03,142.4933443937645,143.176391151797,142.47021279269643,142.87063325077781,7614
2025-07-04,142.23709693707067,142.88304252365816,141.70698024096603,142.48927086149473,8160
2025-07-05,141.42057489465375,142.42796392633932,141.6424220768664,142.10469968660107,1214
2025-07-06,142.12977880018923,142.05813369055076,141.16758376268365,141.63474813604665,4826
2025-07-07,141.61061109091906,142.05898509814244,141.81039220839565,142.0494855570125,7220
2025-07-08,141.84337211726174,142.21319989105416,141.95098455924253,141.9525724876261,9336
2025-07-09,141.28279348923243,142.12951867484287,141.67301875649912,141.8203150669708,1836
2025-07-10,140.5676835422532,141.182110847129,139.76789327951764,140.81838388476743,5600
2025-07-11,141.6616394341793,141.45518492023615,140.4047342321584,141.13609289987204,2781
2025-07-12,140.6057067230249,140.6228267630412,140.4732971930517,140.5164637024453,5558
2025-07-13,140.3293407186853,140.84459236212444,140.18427623568653,140.54643001757847,3198
2025-07-14,140.6748664426609,140.94943589422482,140.18682783892024,140.68511848655754,3986
2025-07-15,141.1972800674709,141.6387426473212,140.56238734404283,141.36544778447688,2213
2025-07-16,140.68331141096905,141.28979738782232,140.42841005678835,140.71103758491734,4429
2025-07-17,139.4244421227168,139.68435501321156,138.51317089680475,139.2012815070069,8272
2025-07-18,139.19387688241164,139.5388432897469,139.11715378231153,139.29320627938375,1368
2025-07-19,140.25945931231672,140.7572573457436,139.66127298802022,140.1934618701392,9363
2025-07-20,140.8838836959034,142.03722854069593,139.86172010637333,140.8129350466089,9911
2025-07-21,140.8199210600569,141.61957285978215,140.24801867276122,140.91776475424624,8489
2025-07-22,140.4511688645292,141.14657824857136,140.6109168137457,140.6719466614302,8775
2025-07-23,140.9179529527675,141.291149868192,140.21208988573878,141.07550795974885,7713
2025-07-24,140.79849043535714,141.17580604613718,139.78894979886132,140.58873485989662,6239
2025-07-25,141.06163875606737,140.88906421401398,140.62627253648614,140.82691374457474,4327
2025-07-26,140.7383105247775,141.11902526728034,141.0111622793587,141.07964882415803,2445
2025-07-27,141.5314569775911,142.26254513581276,140.87259730826162,141.60975377790749,9347
2025-07-28,142.7637072366323,143.34623924750312,142.9158725766517,142.98958379736303,5808
2025-07-29,143.42577750986723,143.31676428416458,143.07600610288185,143.1857917809524,4673
2025-07-30,142.7899490561647,144.09934477060926,142.86544732406608,142.93130996809865,2881
2025-07-31,143.57879995727407,143.78590420856446,142.6367056492811,142.91852281200266,8612
2025-08-01,142.09935407652722,142.56921898106813,141.78776416759746,142.0339848595581,2526
2025-08-02,142.04122723028053,141.85008372613314,141.57948464033188,141.68662829401356,4396
2025-08-03,141.177603826916,141.53269098981792,141.07681976072828,141.481987074957,5030
2025-08-04,141.22345952071547,141.26894335938138,141.08125640021078,141.21994287598972,7992
2025-08-05,141.48097224151763,141.701051304442,141.2389983549555,141.29612031200656,2817
2025-08-06,140.57492027326896,141.7205415759673,140.18464915030012,140.88491034581548,9694
2025-08-07,141.4515284930209,141.5711725144487,140.69640053720943,141.44542567947772,6785
2025-08-08,141.76108692159698,141.77306822075207,141.11480215696142,141.44552921193682,9180
2025-08-09,141.34264404899048,141.60532481973104,140.9472604321579,141.44087905136752,1456
2025-08-10,141.0214059417393,141.78569740507638,141.18905486726703,141.27693169311107,5787
2025-08-11,141.8954148716823,141.5859852247837,140.7078017736756,141.35452703504055,6114
2025-08-12,141.41555257688046,142.30477144458254,141.14093842860905,141.76707616737434,6224
2025-08-13,141.3802782480334,141.8887609923426,141.20624073631913,141.3335110595189,8027
2025-08-14,140.79196991348024,141.54572131932272,140.33678013661276,141.00445281498128,9448
2025-08-15,140.57153952893566,141.18266373426118,140.761385450225,140.85258980059294,2157
2025-08-16,140.4021514636673,140.26382315597493,139.8276287238728,140.17965433885632,1951
2025-08-17,139.70836463549682,139.8897589033858,138.88876185332308,139.7700254089956,8452
2025-08-18,139.65368091184916,140.21733599463778,139.28180704042637,139.53191497222326,9812
2025-08-19,139.29256584624204,140.76656966662262,139.33261289646396,139.9691095625796,5521
2025-08-20,140.25132616166923,140.1065284938317,139.9129983020614,140.1003902270806,1848
2025-08-21,139.98100640921945,140.3391491265667,139.96127931301126,140.19718518276434,7890
2025-08-22,140.05897857850087,140.91113638371195,140.32034412002128,140.62263416384835,4113
2025-08-23,141.11937013608477,141.21738704933213,140.12202722282925,140.55394826964863,2783
2025-08-24,140.92948475256145,141.05119563735045,140.32087437283806,140.74918069461307,9973
2025-08-25,140.76575304195072,140.80717191196362,140.25495151132185,140.69756981814683,4965
2025-08-26,141.2050766477686,141.1669653992235,140.17537240990964,140.83025099284666,6987
2025-08-27,140.61314244845744,140.61976743434224,140.03210859649536,140.53887166404087,6292
2025-08-28,139.07987888185957,139.49282509302364,139.14736855898775,139.31946308490265,1288
2025-08-29,139.19983322066477,139.42083669115019,138.1895967048374,139.2523235038095,2939
2025-08-30,139.76018770790185,140.21182185498216,139.6726140734908,139.96369757185946,4411
2025-08-31,140.27669940513286,141.16822170617323,140.3641879156226,140.42680527298026,1322
2025-09-01,140.53219291551807,141.26189873649534,140.42030754521215,140.90950401527584,8850
2025-09-02,141.23656320343886,141.93234032030543,141.24942984374374,141.52756937617895,3782
2025-09-03,141.84027383146025,141.71890637131298,140.85468551343726,141.57189817165965,1864
2025-09-04,141.77017865700344,142.42213356016225,141.1018859250574,141.67055602536246,5553
2025-09-05,141.21082616188585,141.8840633429609,141.1275754898347,141.3617300776453,9055
2025-09-06,140.89528409029282,141.43113154996368,141.09471456181305,141.20369364963176,1371
2025-09-07,141.38996013087495,141.51704875049737,141.33288539218572,141.51157922451733,6337
2025-09-08,141.60836650221162,142.33344288633816,141.7912550994452,142.11352144310175,2997
2025-09-09,142.08178748508854,142.8820100141833,141.2276756758118,142.04379830526125,8815
2025-09-10,142.10234511743332,142.1817216724502,141.67071792089243,141.81870367283554,3863
2025-09-11,142.52905945028155,142.44841075513526,141.69737717822528,141.81896765226384,8537
2025-09-12,141.78859340995913,142.16691172146375,141.80853857423327,142.11957102672838,6594
2025-09-13,141.6687843524468,141.80125145740385,140.93852220794412,141.39764361866162,5320
2025-09-14,140.03738970838364,140.27848622170015,140.18569953851866,140.249553142093,6460
2025-09-15,139.63574783033192,140.37666062420678,139.8215978493004,139.97428471734722,9054
2025-09-16,139.02525906573334,140.14307598277634,138.25510524403023,139.36392850439012,3531
2025-09-17,139.1520791234946,139.5050539438342,138.7208539493832,139.10985840556648,5443
2025-09-18,138.75673015904977,139.2962244944719,138.46631241012398,139.03596824615775,5794
2025-09-19,138.6272903102582,139.42731564276028,138.4670315434903,138.80934404164623,2397
2025-09-20,139.40345740966043,140.54560601614324,139.41362633458118,139.5355778088816,9604
2025-09-21,139.4769598392131,139.9930191668541,139.55743938841331,139.69895019118277,2441
2025-09-22,139.60541200517844,140.50451026314036,139.84465923917668,139.84918737098818,3880
2025-09-23,139.43154301425434,140.16391879224273,139.7252027079472,140.1602909430099,8059
2025-09-24,139.61696037115306,139.7467281803531,138.81425079077513,139.5908743841195,5377
2025-09-25,140.13073172469717,140.4412985838781,139.46133332198133,140.11043027782964,2266
2025-09-26,139.83334467964127,140.1866417790424,139.26349474303808,140.0725481345619,5294
2025-09-27,140.51590372429902,141.08034702998842,140.06607982756307,140.4077884431825,3837
2025-09-28,140.29093208628214,140.17280840712874,139.85712076915146,139.87185982666244,5322
2025-09-29,139.1020543935047,139.44953763847104,138.28761579215097,139.0949804436544,5828
2025-09-30,139.9030026064138,139.58503688111634,139.16344185471044,139.50392527266692,3916
2025-10-01,140.36356961184381,140.50977517075145,139.25652554619919,139.69213003571568,1227
2025-10-02,140.000261665273,139.70041248779845,138.940348501152,139.24110425853692,3385
2025-10-03,138.44980189194655,138.88121173466064,138.5448370844424,138.80627271789956,5705
2025-10-04,139.01407120818135,139.92513633505283,138.9879375134131,139.36899011010695,2917
2025-10-05,138.64095516465557,139.00614569245184,138.69659766956428,138.7742841636733,1113
2025-10-06,139.63423520067923,140.1793710522416,138.79469299335886,139.59562064030126,3151
2025-10-07,139.6213058729304,139.2154683870009,138.9047614402632,139.14531027297733,1427
2025-10-08,139.6526786021088,140.47340946017803,138.70595455218998,139.46450623578153,5598
2025-10-09,138.9392108590053,139.3558086653275,138.83411647047436,139.30019699790705,7120
2025-10-10,139.41829349090594,139.76545350098442,138.9932071459999,139.60179071344822,4378
2025-10-11,139.31713365000147,139.57560353276924,138.73957455389805,139.32973371239112,2944
2025-10-12,138.80158926591133,139.63003379914596,139.06118071458172,139.24833725935497,1956
2025-10-13,139.27289738431512,139.49688102079287,139.13096505618523,139.26879684705284,9336
2025-10-14,138.41117244184431,139.01899050634782,138.50222329558497,138.7677031191621,9800
2025-10-15,138.64289895180497,139.30256004020757,138.75166346000105,139.13811529187217,6683
2025-10-16,138.59741292479546,139.24117230955108,138.70038765975767,138.88150850863636,8888
2025-10-17,138.89051486743406,138.852055129952,138.0103814637352,138.76720855096636,7692
2025-10-18,138.39126857695805,138.51101777718853,138.14380958618526,138.2700338636621,3282
2025-10-19,137.01786320927067,137.3684588073482,136.96445147186023,136.98886703426444,7091
2025-10-20,137.19083725112662,137.30399634500077,136.42664251960923,136.89335315296435,6739
2025-10-21,138.36533583403482,138.5724095161005,137.3153199043501,138.0996608637708,3342
2025-10-22,138.5532774103409,138.53166119841256,138.18850615257628,138.49196300771982,9691
2025-10-23,138.50224737286035,138.62485018890231,138.1364119158482,138.48233281785264,3733
2025-10-24,138.38975141481453,138.50408511679174,138.1072174402289,138.3508874032485,6237
2025-10-25,138.31782679567337,138.81148373666133,138.36145531064133,138.3621203496545,5439
2025-10-26,137.98337708925382,138.93958489725696,138.32199357214841,138.63567990724212,6872
2025-10-27,138.38591895303364,138.11307411953814,137.96888231603756,138.0452734995877,1046
2025-10-28,138.72169119649024,138.9954307532737,137.8014839545372,138.60243434692214,7047
2025-10-29,138.59522677089464,139.54660885422487,138.85823121993437,138.96012500464275,7506
2025-10-30,139.74756285327845,139.58109751301006,139.06693760137867,139.31921786749672,8500
2025-10-31,139.36146177643778,140.51829772787954,139.2213292986659,139.5384557369016,5709
2025-11-01,139.515933364951,139.7048849125954,138.9159404296053,139.54826406574858,8147
2025-11-02,140.19176736240246,140.40615881463637,139.42254621757795,139.884694683732,8863
2025-11-03,140.24664355811956,140.36512777489767,139.5302458503067,140.18060175060268,2187
2025-11-04,140.40419414770696,140.1950810023739,139.68428906210292,140.0035813951322,8028
2025-11-05,139.61115005897088,139.9338147522753,139.3926437315974,139.7167805086837,5265
2025-11-06,140.27506061969882,139.78913678014487,139.52941658282302,139.7677086563147,1593
2025-11-07,140.30887786211255,140.57935557715737,140.0885472590318,140.5422187320623,3870
2025-11-08,140.31795189302824,140.37846188252843,139.84595459648338,139.92266519423535,1511
2025-11-09,138.5093697956893,139.68393317671732,138.5890920855388,139.18890256135913,6451
2025-11-10,138.94122536657713,139.8493466655529,138.82289535972382,139.27128298197738,6322
2025-11-11,139.38611667445218,139.8511092806079,138.9323972623885,139.2967268329054,3076
2025-11-12,139.26326403724767,139.56707783966434,138.4358942182917,139.3833976650906,4010
2025-11-13,139.48294967807408,140.30679638763385,138.9416353346789,139.50537426404486,4745
2025-11-14,139.40626841277566,139.57006968525965,139.33871934384928,139.39377313672745,9021
2025-11-15,139.78143407359036,140.48919101738048,139.570945833434,140.13870485602848,1558
2025-11-16,139.00347398232847,139.87492295522202,138.61041543806107,139.33825286679024,7243
2025-11-17,138.99364096904262,139.33134657304714,138.57334030433103,138.9240043544001,2759
2025-11-18,138.67247708877906,139.02798111891244,138.74709072978814,138.8723769743256,7200
2025-11-19,138.45309272643686,138.59630592734553,137.6381472961504,138.0507825687485,4705
2025-11-20,137.90527121990263,139.06662914936814,136.95372528986795,137.96285536653247,7626
2025-11-21,139.0092158223285,138.92501069912768,138.11137016997085,138.79359044939648,6264
2025-11-22,138.93688919433657,139.39307737782553,138.57978847811123,138.80403369354445,8009
2025-11-23,138.73903582925197,139.48146713878475,138.47023571080075,138.9193841464038,4225
2025-11-24,137.69520312773182,138.6394066875769,138.1160351904079,138.28930176381752,2404
2025-11-25,138.3366034700841,138.4561973248237,137.91101849671216,137.98112105979777,3697
2025-11-26,137.49985014662667,137.84655915782923,136.78850905826337,137.7935228696358,7182
2025-11-27,137.51353790461405,137.9885611283352,136.99962224741762,137.63466532125767,8944
2025-11-28,138.2302344862896,138.60523493717878,138.1636473705118,138.27548721875957,6646
2025-11-29,138.53902927869103,138.63957508947058,138.49462391417603,138.55433274912212,3160
2025-11-30,138.28719136941532,138.2061494390163,137.43239221565918,137.99860377065363,1650
2025-12-01,138.1236033772466,138.47443048933872,137.4981077980855,138.12185615986962,6597
2025-12-02,138.3327608070402,138.48862561836032,137.7936719103134,138.370967034118,6525
2025-12-03,139.24657834034215,138.9692953905933,138.81749830502702,138.94104155337865,9125
2025-12-04,139.91150760822885,140.5104868767338,139.22957361627073,139.73131189666282,8319
2025-12-05,139.0030936669547,139.55491787193304,138.72930334217784,139.22376480074888,7051
2025-12-06,138.47418943190007,139.16351197820686,138.13580882360853,138.81833604514372,5497
2025-12-07,137.94243718312646,138.23247906608532,137.21591874635428,138.18954711568642,4335
2025-12-08,138.05777126107648,138.11048657867278,138.05853741353565,138.07253718613293,4854
2025-12-09,137.93190024080496,138.3458761596687,137.7752742455063,138.3057163733561,2612
2025-12-10,138.82660954579939,140.0616382699544,138.18344935457233,138.79938363165064,5067
2025-12-11,138.7226486268923,138.9468340661849,138.12260570780134,138.76140811982938,5476
2025-12-12,137.83872864850878,139.61943564325435,138.53130290484154,138.60148435820196,5726
2025-12-13,138.25551079844615,138.94876284018483,138.67416719429644,138.67736335432633,3276
2025-12-14,137.39406683040608,139.22597794725922,137.6418308167567,138.2597919035113,4886
2025-12-15,139.20139034604543,139.46946039288164,139.12633337108076,139.3045612643587,6649
2025-12-16,138.82293484440348,139.49438586566288,137.816763057754,138.50073075079968,8650
2025-12-17,138.02590365361914,139.02889627578176,138.29845013727547,138.59310104024755,6587
2025-12-18,139.20821810392437,140.36526491467941,139.577607516806,139.60490414986236,4753
2025-12-19,139.5591827119604,139.8003841611261,139.41910281918362,139.60830407214235,1676
2025-12-20,139.1941586459856,139.51355423595606,138.86922918960786,139.51328455464161,4054
2025-12-21,139.01396001311636,139.48604299698576,139.18448404312502,139.3345618432364,2263
2025-12-22,139.40684423420714,139.29664169663948,139.03700206168205,139.2443660023552,8003
2025-12-23,139.7823216063216,140.62793911479568,139.77192688908866,139.93079023969347,4344
2025-12-24,138.37884181780933,139.0816199686561,138.74135029497023,138.82485928402872,3638
2025-12-25,138.96526136765974,140.5526884148116,139.1955460836372,139.59157613467687,6947
2025-12-26,139.5421198894709,139.08420384775508,138.63730928669926,138.8795975584518,2081
2025-12-27,139.0847641102034,138.9592336934934,137.81606564273636,138.7462713938346,8614
2025-12-28,138.39615917986666,139.245682771738,138.03610274538624,138.53164918368526,7407
2025-12-29,138.85228322206981,139.27995930395062,138.35790956204653,138.82592581857062,2480
2025-12-30,137.88030432399964,138.25338347091477,137.4734051161211,138.02686364262874,7681
2025-12-31,138.41108699490707,138.79450898906939,138.23639170311282,138.2579499756697,2901
2026-01-01,139.01384047699776,139.40053787467411,139.11896953083587,139.27010478731313,1421
2026-01-02,138.4255658200737,138.98846142986972,138.3230995821594,138.58851778501673,4120
2026-01-03,138.8199911208803,139.03720999083558,138.41402452808788,138.68337086882195,3490
2026-01-04,138.78853751125757,138.6056469756166,138.15686662104085,138.35237977992364,5116
2026-01-05,138.78774791141876,138.89456018065076,137.85705320752356,138.56532338302014,1396
2026-01-06,138.94507143500533,138.66185902771562,138.57355822794898,138.57489727172805,7498
2026-01-07,138.16042861595253,138.67834271914697,137.770172397475,138.2541538172059,3975
2026-01-08,138.31118683742832,138.50680443612046,138.01919828118994,138.49808995964142,2812
2026-01-09,138.8187496728102,139.56569578006827,139.2748219247436,139.4002640145348,8693
2026-01-10,139.32647162587352,140.1442040223646,139.18588315165715,139.30481211867115,3526
2026-01-11,139.7784051991522,140.31955707692907,139.42270100876215,139.66469108974525,1006
2026-01-12,138.9280529920915,139.2588084263053,138.95597530888605,139.01805461080966,5835
2026-01-13,138.3068260245707,139.28045471821244,138.1188997469421,138.53983642240064,9290
2026-01-14,139.14906059329377,139.15546344426025,138.56406891156044,138.77603956134084,2490
2026-01-15,139.7076388587678,139.93457029702134,139.1511436346765,139.5180975756088,5225
2026-01-16,140.08975188515737,139.98975170093556,139.12285826977512,139.69590425000166,6185
2026-01-17,139.2533015062352,140.18854247962778,139.30649853820134,139.53937523474008,5814
2026-01-18,139.32655069948737,140.08276002150794,139.2402895085111,139.53902093745177,4215
2026-01-19,139.2747702434424,139.60678040345203,138.4761763571493,138.9138170704669,3315
2026-01-20,139.20187060971784,139.2192418038772,139.1196170480989,139.21607473364458,7627
2026-01-21,139.4865100313027,140.73782231659214,139.45163785952087,139.6572412648063,7453
2026-01-22,139.28134159126088,140.04651900047875,138.77013712766785,139.43119609838973,7826
2026-01-23,139.1928508666697,139.8065326222577,138.93335506314645,139.19617502450998,5597
2026-01-24,139.62999968408664,139.54578941687828,138.6697242967626,139.329114139336,3051
2026-01-25,139.06260041568825,139.296139569646,137.82817724201587,139.11075427131573,5555
2026-01-26,139.31484781305613,139.11386170157812,138.88446487224377,139.0776879640028,8956
2026-01-27,140.2677621916399,140.15355918380587,140.10210903276408,140.12754885858607,7550
2026-01-28,139.74053429615878,140.0676229678102,139.5441307016376,140.00403600821306,3217
2026-01-29,139.5611271218063,140.10398198564158,138.88543747533086,139.82486593220244,8002
2026-01-30,139.36601505180542,139.5874082058891,139.41261540451495,139.50109502938486,9799
2026-01-31,139.47213971873614,140.34478766687374,138.69802145505767,139.87319101513484,6753
2026-02-01,139.62833727178594,140.00555281708841,139.1471728136973,139.78257892852577,7325
2026-02-02,139.91192243438448,139.76137413230137,138.89961027480817,139.45789240936506,3394
2026-02-03,140.10912732475336,140.7861007594036,139.9957430169726,140.11854442550157,2909
2026-02-04,140.59841012793217,141.50747442081965,140.64858434761823,140.8283459277584,1869
2026-02-05,141.10285754043517,140.57421705029978,139.31626048575004,140.52813414488904,3677
2026-02-06,139.3156789732909,140.07832286974647,139.21360887882673,139.59486416920873,7483
2026-02-07,139.81005612408558,140.46015756658326,139.80895072933927,140.0986210141272,9443
2026-02-08,140.1251518057892,139.91108392463076,139.40544242794925,139.7563061012472,4896
2026-02-09,140.35001431870867,140.42328869932808,139.98999042430427,140.15161890082857,1098
2026-02-10,139.12754933621474,139.59682892596325,138.98806474724714,139.16656699197264,2312
2026-02-11,139.86243833111905,139.6491045209193,139.25404786513647,139.6128656611223,6657
2026-02-12,139.09745969685068,139.08553161158653,139.00034366039395,139.00727969648193,5695
2026-02-13,139.01680403129353,139.64853068193133,139.09352295791118,139.3726617560152,4863
2026-02-14,138.6605228778291,140.53063571595877,139.3296368120553,139.37979828993338,6168
2026-02-15,138.73262503472287,139.2843817569578,138.15923967296004,138.90282858023505,1584
2026-02-16,139.02478787454118,139.20177557080564,138.5922815384557,138.6993104237717,7853
2026-02-17,138.91392862574602,139.2388701606906,138.4943218574069,139.04246965225002,7558
2026-02-18,139.23344603831242,139.63873497325028,138.77469221955872,139.09541687880764,5204
2026-02-19,139.44296900357742,139.43903049062143,139.31592394752712,139.3876233690439,5182
2026-02-20,139.86779357291732,140.7003903534954,139.57384485392416,140.37584366130164,6828
2026-02-21,139.4718041473342,140.05397764297896,139.18251916681004,139.59372285544612,9848
2026-02-22,140.50999294206437,141.18346169825793,140.11784695051225,140.4023291429304,7152
2026-02-23,140.2183632350407,141.92713025665955,139.74791819075912,140.454507111692,4517
2026-02-24,139.89635364042206,140.13037218940823,139.11618151739103,140.00511508753044,4340
2026-02-25,139.45748240229008,139.67150436157362,138.73775429659563,139.33995827466094,5998
2026-02-26,139.26718707901532,139.47183524266987,138.9981345370463,139.24539807927243,8919
2026-02-27,140.02029605751207,139.83932961043791,139.31261829134215,139.70622313523467,8655
2026-02-28,139.75754984899496,140.105431639972,139.54147862337817,139.6424485750459,8268
2026-03-01,140.11127104064897,141.04660818835245,139.674294911656,140.39802604016958,9599
2026-03-02,139.52917418096493,140.856605466344,138.67136683272759,139.6724381951438,2974
2026-03-03,139.67248260648864,140.09441776860854,139.43672615919448,139.66639372122077,2311
2026-03-04,139.44172152196842,139.88219900791228,138.9731726157631,139.0401969990142,4078
2026-03-05,139.079955251242,139.57652739148418,139.17479932814993,139.2220129403267,1275
2026-03-06,139.14568599465593,140.0734971574323,139.35808632731639,139.66545663537534,7892
2026-03-07,139.58724580958219,140.04324776662054,138.81810237379733,139.45507573853482,7546
2026-03-08,137.92628933571805,138.78908762383722,137.4053989809793,138.15296881022124,7845
2026-03-09,137.866852487747,138.60895580883596,137.68331181614045,138.2524428836195,3915
2026-03-10,138.47645306333402,139.44448209581722,138.22749418141385,138.47081215948626,5697
2026-03-11,138.9648198295096,138.71762746970265,138.09213584414854,138.6729595369671,6724
2026-03-12,139.11868647097987,139.84687405392978,138.6906904067795,139.29085063287818,1734
2026-03-13,138.90429595920844,139.03108165810517,138.69364639695007,138.75532379305366,8831
2026-03-14,139.3000059446916,139.84889299534788,138.56867053562087,139.09543184577888,9327
2026-03-15,139.92922455011785,139.76479300020662,139.62514338805752,139.69168560201786,2753
2026-03-16,138.58271011712904,139.10475124333237,138.45246353018575,138.80239181001463,2785
2026-03-17,138.6258931055941,139.27699690600704,138.53138587128774,138.96221772297412,3929
2026-03-18,138.41470187598267,139.15279102357928,137.6589751117978,138.71012780747026,9215
2026-03-19,138.9066588725562,139.05568491574599,138.59958489450878,138.66936647091944,2264
2026-03-20,139.04342265908986,139.85370587312673,138.21960971663216,138.84320471268862,3560
2026-03-21,138.31244525042175,138.68456278615758,138.5154693288666,138.59959043063185,6876
2026-03-22,138.90152959895414,138.34218886018934,138.00568394187675,138.26173639105104,4694
2026-03-23,137.95590340981892,138.87300493516508,138.1755585704451,138.27881259979506,4542
2026-03-24,138.03502885577385,137.83208898724718,137.660351943357,137.73518963036364,9649
2026-03-25,137.6481766976826,137.70581221624312,137.0954629404619,137.19227706592105,7141
2026-03-26,137.56489098919732,137.63974767910878,137.16808405665358,137.5319637073993,7560
2026-03-27,136.72664953674573,137.09165016473096,136.33621845018328,136.95756668981997,6662
2026-03-28,137.06635953204008,137.42737856506716,136.36702290984678,137.29072294027458,5172
2026-03-29,137.4433915265927,138.12418350029105,137.40872302743796,137.52201858670156,7165
2026-03-30,136.98337645572664,137.68740813266004,136.2409997341008,136.65911522230624,2670
2026-03-31,135.9603701523285,136.55575781119958,136.08194661963714,136.32033289613844,9715
2026-04-01,136.3657577879383,137.24544569859225,136.42996980939782,136.91738759766213,9103
2026-04-02,136.53542132926307,136.81141247070678,136.02268208559826,136.42680483209227,4524
2026-04-03,136.36908652631533,136.26440026449546,135.6912064212743,136.1946027009376,2977
2026-04-04,137.0160239816033,136.72903066009334,136.12601933223132,136.42563314756353,1099
2026-04-05,136.4026327096248,136.940238013113,136.44736653794706,136.81732840220482,4626
2026-04-06,136.6511169755939,137.40037883779627,136.56399741512084,136.69155895918257,7985
2026-04-07,136.7413550914729,136.5589402124618,136.2606531547988,136.39280386183677,5279
2026-04-08,137.14024744296682,137.41026424386305,135.91979205856833,137.103988792686,8929
2026-04-09,137.91480686786636,138.2043111452579,137.81681299468397,137.97343862458482,2170
2026-04-10,138.69983929905456,139.11486923889402,138.05729564260045,138.4628676499757,5374
2026-04-11,138.32571003199624,139.06874357963122,137.775451590225,138.5055267212582,3346
2026-04-12,138.356817113024,138.90239018774446,137.9634675031189,138.10139386043775,3327
2026-04-13,137.3101026995024,138.1751731451587,137.62662873594584,137.6861716571595,5482
2026-04-14,137.49159919880748,138.58269332186592,136.84207894609708,137.94742870979235,1224
2026-04-15,138.07455141456302,138.32894523874077,137.7997007400902,138.1566278202367,5493
2026-04-16,138.08844018064093,139.17555553420294,138.70875084529615,138.8574271167099,2440
2026-04-17,139.20806205399185,139.57194568638383,138.9164743278449,139.18265216297797,5950
2026-04-18,137.91134360928666,138.7531444735767,137.94680011924515,138.43111201209808,9346
2026-04-19,139.04181197712944,139.0706173475316,138.17790759859926,138.95708582095952,5323
2026-04-20,138.51369333873743,138.49666636310155,138.11961409722574,138.45805550730233,9493
2026-04-21,138.24568115547672,138.91364414342382,137.80912500056317,138.26606987132615,6201
2026-04-22,138.5220925747134,138.59364065135966,137.91292173653122,138.391169974452,4215
2026-04-23,139.4502629599282,139.80833253810428,138.6060755270168,139.38900371934398,3617
2026-04-24,140.85606281634728,141.28441741191452,140.78668659941798,140.94396299734666,6460
2026-04-25,141.7966266210579,141.58832117654183,140.912947467654,141.24732452691475,9618
2026-04-26,141.2737194256203,141.67659264388186,140.4526549965631,141.15572621755456,5570
2026-04-27,141.65455146798809,141.69881915792283,141.21604517930797,141.42297904179483,7680
2026-04-28,142.1887306779235,142.81525112866777,141.41431775878132,141.86680675473173,2437
2026-04-29,141.90691775566577,142.52397652481883,141.2460977078712,141.70647294195314,6201
2026-04-30,143.22292849558676,142.82459653733468,142.3475469484025,142.6040786199093,8233
2026-05-01,142.76891606495136,143.13840432924576,142.14289176545057,142.719113999505,3972
2026-05-02,142.9658971402999,143.6229792999166,142.60587488713526,142.96798554405072,5030
2026-05-03,143.10607604373598,143.4946385425853,143.11059895726964,143.30094767007796,7696
2026-05-04,143.43485879441718,143.88834769859326,143.47553840172623,143.51174097538518,4787
2026-05-05,143.71184385490463,144.84453476527597,143.42802208821809,143.93121122562,6468
2026-05-06,143.825748206247,143.83130814955194,143.2771934691062,143.62258463234653,9929
2026-05-07,143.0697388811779,143.92779515248913,143.31773777088608,143.3434337553735,1740
2026-05-08,142.8154942898571,142.91601038198158,142.6630322139402,142.79335663888767,1944
2026-05-09,143.1809713344885,143.32449181681156,142.12643023689407,143.0131072541978,8558
2026-05-10,143.44767267193242,143.81425392069244,142.75657669289083,143.40257550595385,3629
2026-05-11,143.3626874763588,144.62125907695605,143.40791364009695,143.63146193902978,2556
2026-05-12,144.67839162990535,144.6754275568918,143.69128803549043,144.46870815570355,6947
2026-05-13,144.44030823372825,144.94076033842796,144.3678555002231,144.46591014628902,7032
2026-05-14,143.93846730915132,144.93751514190356,143.78763886977455,144.80028097408527,5328
2026-05-15,143.9594250288406,144.85268806009108,143.95126976933244,144.2544305360156,8257
2026-05-16,144.48122035569924,145.2759418726421,143.34487086916798,144.06088068477843,5880
2026-05-17,144.85394611601572,144.5915399362123,144.10144182343072,144.4086495635613,5860
2026-05-18,144.99103398195246,144.86899346537984,144.74863313859692,144.8332006189329,1710
2026-05-19,144.9214378381883,145.12817862001495,144.2493257015466,144.68621714510078,6793
2026-05-20,144.41692932479438,144.72195998768575,144.46188711058073,144.65041751917175,2817
2026-05-21,143.81343732020963,144.1446740194478,143.20801106654028,143.89148064583134,4386
2026-05-22,144.08357602556595,144.04830963079118,143.7101054048785,143.71296604542806,7255
2026-05-23,144.28593219995656,145.3361170896541,144.03945165268246,144.15815762718793,3127
2026-05-24,144.46524465040733,145.10290268414528,143.94370543163816,144.44576013524122,3095
2026-05-25,144.64005043306392,144.84840432010918,143.72596584919086,144.69609299593182,1090
2026-05-26,145.0733214398927,145.00706640504103,144.68922320888208,144.7209798395223,5791
2026-05-27,145.06112106490144,144.96912842561142,144.31614098577492,144.72451141883639,8908
2026-05-28,144.5892523743303,144.630285823038,143.57958119911706,144.39435084909968,5005
2026-05-29,144.7636475790257,144.93547403018542,144.71379361450235,144.74376505920094,5049
2026-05-30,144.8472245856656,145.1180682500506,144.82400726498898,144.95425153139564,4156
2026-05-31,145.40816507129745,145.5644255896029,144.80874050174882,145.20026095539203,9454
2026-06-01,144.6066705805659,145.32134059811116,144.86555840157226,144.93724353405824,2257
2026-06-02,143.59220111984666,144.32081646799242,143.26371268298826,143.86057207412262,8944
2026-06-03,143.97382102176397,144.83416662759424,143.57378928191065,144.40914842999945,6096
2026-06-04,144.5402986353932,144.2736563210641,143.95191726224166,144.16972970199527,1215
2026-06-05,143.5221418327349,143.76086405920128,143.61128746417452,143.7383418199737,7090
2026-06-06,144.20628361195617,144.4134364758189,144.00276201020583,144.0850812759307,6464
2026-06-07,143.85140769975825,144.56684588655318,143.6520539776903,143.88907495597113,7180
2026-06-08,145.28830484503104,144.74286952618345,143.70461484104771,144.41904314799444,1902
2026-06-09,144.8601177589935,144.8925495570952,144.64869901280136,144.72754612278277,3934
2026-06-10,144.51068855660944,146.25384294017366,144.84426904773608,145.06933078438303,3367
2026-06-11,144.73898365576173,144.48503050645007,144.13270293596787,144.38635292878274,2874
2026-06-12,144.87617963239424,145.45450360548895,144.6222339591728,144.99232492147596,3092
2026-06-13,145.06267184650818,145.40655913980984,144.82059925954437,145.1229501870929,4436
2026-06-14,144.73655793856676,145.18641455534052,144.10687606818774,144.93831161746976,6228
2026-06-15,145.06868960673245,145.03347400034852,144.39454980569982,145.0100058511409,7998
2026-06-16,144.17664217599417,144.39997051940273,142.47410764470808,144.12188823469174,6057
2026-06-17,144.13257148713748,144.40059500709992,143.74783364919992,144.32621464043208,3859
2026-06-18,143.6590855301951,144.58158279821308,143.77470287321216,143.81152888634105,8471
2026-06-19,143.16557958334576,143.61944314473172,142.78110271196977,143.13519374341928,2141
2026-06-20,141.6711947043573,142.6344113031567,141.87042678245652,142.37401415031033,2103
2026-06-21,142.49790909665418,143.17680079399716,142.45579952366532,142.9303583378053,5652
2026-06-22,143.11672426978828,142.9906958374313,142.27575866857967,142.61572664095888,9584
2026-06-23,143.48093677921324,144.22602897160368,142.81902420407624,143.38259049591716,2812
2026-06-24,142.95721706836878,143.24086650538646,142.4373899338547,143.11468976439102,9066
2026-06-25,141.75218593613346,142.5528664955065,141.74082071017256,142.26101078559452,8925
2026-06-26,141.68585371613625,142.07295917264406,141.54105163808737,141.7027485656202,7889
2026-06-27,142.61621200315798,142.65559662073153,142.29560930133826,142.32065437562366,5728
2026-06-28,143.03446711805032,142.39012063126017,141.9647770608794,142.24270528665534,6075
2026-06-29,142.53617856590876,142.066424127952,141.93537671880503,141.96856163841005,4783
2026-06-30,141.78248934529788,142.31755873624968,141.39523108601404,142.04857075133643,6867
2026-07-01,142.1507222600049,142.77589263971333,142.0522416576734,142.29946211942018,6667
2026-07-02,142.41671175830044,143.28050015901806,142.35581688793397,142.85816152737144,9717
2026-07-03,143.3299146223307,143.61327848054802,143.2591039913234,143.58241114231788,5058
2026-07-04,143.3386738704859,143.48912564077773,142.81956681794486,143.40252681942334,9482
2026-07-05,142.6293618773945,143.65231056566466,142.39576466318059,142.73950297638234,4703
2026-07-06,143.14914058779453,142.76034358629548,142.35207457553676,142.5327703958207,2710
2026-07-07,142.2683035663693,143.04927483807185,142.32570824858368,142.66291064911215,6411
2026-07-08,142.16750285125048,142.21967380473998,142.09303255994314,142.18103118600683,7776
2026-07-09,141.08341779987032,142.8896888702013,141.69245506748385,141.7024557285593,8144
2026-07-10,141.97361690348058,142.21581722249186,140.9315152768066,141.87434966933426,6817
2026-07-11,141.44751189134624,142.03056707524246,140.93153191293646,141.85002349354903,9684
2026-07-12,142.19720988376966,142.06395544431842,141.34723316990454,141.8664219912548,1867
2026-07-13,141.3998665560002,141.52526812955028,140.94658008488528,141.48717432390478,8000
2026-07-14,140.95137868631704,141.53633637328505,140.48664781184075,141.3719739668019,6868
2026-07-15,140.27904686860037,141.6132626669702,140.55009763822474,140.90985739466777,6961
2026-07-16,141.06136535364723,141.6282307483484,141.0110720183318,141.35495660023014,5557
2026-07-17,141.94439553481487,141.92139161547905,141.57675756833413,141.872581267592,9687
2026-07-18,141.0759414306199,141.56377337750396,140.7829858504798,140.94948733647297,9217
2026-07-19,140.33520051202478,141.58585354306322,139.62345449243662,140.48473190637677,9957
2026-07-20,140.01420639186162,140.40420422775705,139.33820449125156,139.73646727883173,4026
2026-07-21,139.07073244375977,139.79914482646458,139.1806059538345,139.4114553116283,7173
2026-07-22,138.49161837398051,139.71764113204617,139.04853611545954,139.3697363267331,4430
2026-07-23,138.72967981210658,138.7245780056385,137.80745551792472,138.64491371688382,2902
2026-07-24,138.5710125541262,139.076263254748,137.95647943746062,138.1839838103212,5945
2026-07-25,138.07180522637776,137.76471715037138,137.13859610924598,137.68200512428044,4329
2026-07-26,137.39569601679528,138.4493925342486,137.56309714616827,137.7856387889799,1333
2026-07-27,137.65690300130157,138.07089952597457,136.7625302504387,137.82031095749804,2427
2026-07-28,137.67658818555154,137.8379701817391,136.8198542921553,137.4594421808294,6350
2026-07-29,137.35972078451147,137.89282275534714,137.18040414562992,137.5478526168991,4617
2026-07-30,137.30612803278802,137.3746209078513,136.83981398706607,137.27451257460547,1571
2026-07-31,136.92375305069936,137.48039235622247,136.26679319606976,137.13868501944245,1801
2026-08-01,137.64859443735332,139.11199716586515,137.21918320166813,137.97541106459173,2188
2026-08-02,138.37672949506486,138.69755620800325,138.2590035479313,138.6456415904869,9386
2026-08-03,138.28256852990847,138.42619368270744,137.741131499913,137.9958509720231,9318
2026-08-04,138.41485201035195,138.82714881853994,138.05932859796667,138.41071718096268,5320
2026-08-05,139.19797994973013,139.2345847264566,138.34294686723086,138.81641545820847,4294
2026-08-06,138.39841002231847,139.1755078902139,138.1523846375795,138.24228381383216,3611
2026-08-07,139.13361220515387,139.44662043311493,138.41080211941576,138.6516726357096,5651
2026-08-08,139.66605905280352,139.78071558342666,139.3826880834737,139.42063859491589,5250
2026-08-09,139.08716844086769,138.97988783072472,138.8118451899472,138.85936619179367,4732
2026-08-10,138.3644684116958,138.7025733020282,137.92722274941343,138.40061478128652,7156
2026-08-11,139.8122074876573,139.66547948927902,138.00337522105443,138.9094455147083,3452
2026-08-12,139.07900263608946,139.12214205711393,138.3134963558685,139.0451931701211,1809
2026-08-13,138.7289042970031,139.59064620463008,139.11480432072352,139.32093130774086,9416
2026-08-14,139.5716359778253,139.5777597402264,139.3028976198875,139.49122591594113,8007
2026-08-15,139.39188620343396,140.32861401467633,139.10939573332897,139.6865738764052,5399
2026-08-16,139.32844426873012,139.10842407795005,138.32929279606,139.02333781224965,1219
2026-08-17,139.76474169301463,140.0244312063524,139.47830236585196,139.54699666556036,8793
2026-08-18,140.07433756679447,140.90217056593195,139.8665945088119,140.13179166177426,9469
2026-08-19,139.75072838570728,140.62774498204286,139.134659434514,140.01709628974024,7113
2026-08-20,140.03928553284956,140.42755356353663,139.96276943137218,139.9953578148333,9720
2026-08-21,139.03743392119833,139.39011630170884,138.69658732602284,139.22980406355543,9672
2026-08-22,139.7232726393995,139.79069189652472,139.29469738521465,139.48693144156437,4173
2026-08-23,139.93976487669886,140.13094377401342,139.1206371631142,139.77296016242144,3841
2026-08-24,140.6226546316698,139.78438758402186,139.5559562484244,139.74186465392177,5774
2026-08-25,140.17050697226173,140.4237688807398,139.7718132297867,140.30404133385701,6190
2026-08-26,140.04597502982168,140.27356879022668,140.07648197233328,140.13700271836706,2982
2026-08-27,140.37287297913284,141.09396764521924,139.60882565658704,140.41930568131386,3776
2026-08-28,139.8761778516865,140.67848165289863,139.39864809443895,139.9094735119678,7895
2026-08-29,140.20582111791913,140.70270827298518,139.0095479557478,139.89769743653068,2181
2026-08-30,139.72761661406065,139.97431667315075,139.03754291861776,139.81052030757928,5648
2026-08-31,140.51488878344279,140.31160531791042,139.83400507485237,139.92317426859972,9096
2026-09-01,139.91309333710075,139.8625363611136,139.6125181813453,139.73841080418305,3097
2026-09-02,139.5269536919508,139.82731369891056,139.46155075696805,139.67267450634722,9126
2026-09-03,139.8633243865738,140.19205805053343,140.05262831604475,140.085698092068,8078
2026-09-04,140.1795776314714,139.98254591376266,138.98729409088142,139.86731597344885,7545
2026-09-05,139.07258346864558,139.40051252609547,139.0314432525379,139.06402742307952,3803
2026-09-06,139.94153739130928,140.0861077754524,139.4214853243058,139.93881937518225,3673
2026-09-07,140.45000234660026,140.95296456661129,140.23606913248014,140.62954641452748,6376
2026-09-08,139.9649813626985,140.2980148704598,139.33697820087238,139.98341506697466,9607
2026-09-09,140.13658251435643,141.0481216179063,140.24340372595452,140.32826896959727,4160
2026-09-10,140.4852950211894,140.50374173308197,139.01512132768107,140.0767815843216,3569
2026-09-11,140.42364323766375,141.18955937293637,139.956349765017,140.20852519198712,8550
2026-09-12,140.30320660470363,140.7516390435415,140.01832699431554,140.35563725649388,8644
2026-09-13,140.18159293141989,140.83512276255763,140.1531455655972,140.23843335633572,4774
2026-09-14,139.87420277401426,140.00651445446488,139.6122905589125,139.8465505235425,8401
2026-09-15,139.49961792572276,139.55646237703033,139.10442770763328,139.5012799973844,3613
2026-09-16,138.756103185851,139.14098065806837,138.80154234249497,139.04318403964376,7119
2026-09-17,138.05704069701304,139.33179591873457,137.91126809984422,138.62727293552854,2686
2026-09-18,138.35437359057156,138.86824712828303,138.52537444476508,138.59368379050386,1838
2026-09-19,138.19724854874897,138.5008002618002,137.5717662795711,138.23580379594847,7449
2026-09-20,138.35547986948956,138.7890677876007,137.8209565597607,138.5768298288048,3309
2026-09-21,139.56625431559144,139.5717461634256,138.21705044044552,139.32045290647275,5972
2026-09-22,138.96168034501753,139.46779609657787,138.9187591010707,139.03042628578774,4947
2026-09-23,139.71220060856402,139.304202350782,138.93283928557273,139.15012853605543,5164
2026-09-24,139.23152281373814,140.29654784243397,139.01428247803707,139.39997109120688,1082
2026-09-25,139.67818726627698,139.6601320660337,139.47547924203081,139.63597222666652,9961
2026-09-26,139.58729133377363,140.44246286118852,138.9442850348238,139.67394986062456,9662
2026-09-27,140.17722448712487,141.13740637068187,139.71915947793255,140.04529106980442,4623
2026-09-28,140.60614088484385,140.76924950306838,140.05712215617046,140.28641554614475,6123
2026-09-29,139.85006862265925,139.74851671765998,138.9647111970359,139.66758433498111,7730
2026-09-30,139.4929234863359,140.2312637345263,139.09072930799235,140.10216236717574,6224
2026-10-01,140.695766268951,140.69013686614875,140.41153982068684,140.54580778580913,9313
2026-10-02,139.8609012910355,140.3091799344529,139.95776781154368,140.16416473371982,2890
2026-10-03,140.09020289791874,140.39404729452406,140.03419658980053,140.18313365144363,9044
2026-10-04,140.73159690390037,141.2879061272473,140.269779060592,140.52479814784917,5784
2026-10-05,140.084212965535,140.80389577896815,140.19068865599775,140.4201412380595,7094
2026-10-06,141.303414664188,141.69588720122928,139.73288269076767,140.9566302619425,1316
2026-10-07,142.0325507393868,142.66187606329893,142.08958364320378,142.13856650925217,1504
2026-10-08,142.39685470481012,141.90425480956236,141.67563415263183,141.74557349293468,9624
2026-10-09,141.07565453909592,141.13267421738692,140.81072042272754,141.0550511913578,9783
2026-10-10,141.71856331195576,141.38250613499858,140.94538861593946,141.20696048916022,7407
2026-10-11,141.92704550908334,142.25585772704108,141.18222358465277,141.5677417417233,8268
2026-10-12,141.2689770301846,141.56270312969696,141.44842108257444,141.45230855480094,1600
2026-10-13,141.7884316681714,142.3816905697385,141.3727548274162,142.17893888646145,4479
2026-10-14,141.54372419497108,141.77662638530916,141.4379243928325,141.50963598659982,3452
2026-10-15,141.681302362559,142.74519666189855,140.92518566835477,141.85609529811563,2147
2026-10-16,142.0270805217623,141.6715909122973,140.9927555633208,141.5531648877362,5359
2026-10-17,142.33879608933805,142.47995268548254,142.07071886300943,142.41285384083983,9850
2026-10-18,143.31899032986826,143.86929082557737,142.94601857921188,143.4091115174239,7941
2026-10-19,142.6070136853111,143.5543127292105,142.6952142168632,143.02578322353222,2114
2026-10-20,142.87676975950185,143.28212481424958,142.695247543451,142.75100465557793,7515
2026-10-21,142.8285319144838,143.24873512324973,142.6762934835254,143.18079859906783,9552
2026-10-22,143.11996434803729,143.13381188683454,141.97579519555853,142.98723327417306,7906
2026-10-23,143.13855518315637,143.641253445945,142.80630982349373,142.96452766520696,4784
2026-10-24,142.75231934188585,142.9825000929186,142.58008095191065,142.97722187547816,6695
2026-10-25,142.30435927668464,142.48546209444342,141.46990051253127,142.01738529737932,6661
2026-10-26,141.92800379254484,142.36076412297078,142.0034495573913,142.0104664243322,6565
2026-10-27,141.22422942852884,141.72733131538467,141.31581118905146,141.66560253730012,8337
2026-10-28,141.88262732819436,141.96379783023696,140.520121759555,141.41904112610024,4641
2026-10-29,141.86381595561235,142.85814755828682,141.85263388153314,142.14085712783464,2054
2026-10-30,141.66472484307496,141.56585638140461,139.68506042314294,141.512603680695,8001
2026-10-31,142.04694461628318,142.19055471102033,141.6760103896736,141.919206274069,6731
2026-11-01,141.8964802110804,142.23935535474374,141.08768031289688,141.7797248089031,7510
2026-11-02,141.75140329943423,142.01277298370448,141.23994575579502,141.63984472465518,5211
2026-11-03,141.74397438171306,142.12733616989956,141.96266447322176,142.03503067268105,4595
2026-11-04,142.7124612004163,142.78391278193612,142.0280320656717,142.20505631996548,6420
2026-11-05,142.77723756363545,142.74573059337888,142.35967994751846,142.49036281857525,9513
2026-11-06,143.11697216821682,143.48342987190927,142.43551861055928,142.97445514884168,3919
2026-11-07,142.40890808659532,143.18803291871544,142.49050176849568,142.80880095725,6535
2026-11-08,142.20917222729952,142.99239045910372,142.21530912543338,142.50268258999614,3472
2026-11-09,142.15734431472399,142.0293578376872,141.8593611651506,141.96010732671724,5278
2026-11-10,140.94629682821872,142.13249822876304,140.9040026353648,141.54740206172775,4908
2026-11-11,143.12356043236423,143.02446970949387,142.86381100278666,143.0219492743821,5612
2026-11-12,143.24493602553483,143.86589841096438,143.49913743038292,143.64428906475052,4062
2026-11-13,142.70834234839361,143.73155934666914,142.01596520516026,142.9687518816465,7514
2026-11-14,141.88420262097446,142.58358519563964,141.7794408813697,142.30752290327473,8138
2026-11-15,142.62228785886865,142.93865823709828,142.50999305624438,142.54845593413395,9100
2026-11-16,143.15699676837323,142.880847142402,141.35528547973732,142.82208833282294,8521
2026-11-17,143.20093550762545,143.27363955843995,142.8937639046004,143.09653025048163,3715
2026-11-18,143.10640226838146,143.38814096350453,142.92476328899642,142.9690523537048,8482
2026-11-19,142.9567128925498,142.9849434197176,142.63307274689913,142.90632522370333,6819
2026-11-20,143.2750730390442,143.09972816304455,142.51931499928867,143.070264985783,6300
2026-11-21,143.25333717320467,143.3560850626574,142.93393763199006,143.11321148892966,3727
2026-11-22,141.18903184435675,143.0570313936875,141.9862305865273,142.0035613025559,3428
2026-11-23,142.1605535085668,142.33288495244759,141.73681739242988,141.8886614872683,4379
2026-11-24,141.70330385872643,141.50726132331246,140.87665629076665,141.46295827013816,5618
2026-11-25,141.4418701303949,141.55216297490006,141.0986896206371,141.55056397959243,9881
2026-11-26,142.4509314625743,143.30562321105631,142.90574242435298,143.0431934808941,3170
2026-11-27,143.29967652132157,143.7019321653911,142.49960216793875,143.22693431363126,7325
2026-11-28,143.16816771178603,143.34654486407823,142.71685859256692,143.07016947054507,6425
2026-11-29,143.39892517676543,143.91714470338968,143.38262723018755,143.5310702215337,3800
2026-11-30,143.8284240824423,144.09909835703624,142.59976188340238,143.7724141651383,3303
2026-12-01,144.30401348775536,144.51805883929873,143.7452658777862,143.98246141036424,1212
2026-12-02,145.00514322246062,144.95249198766209,144.03278796865075,144.28588670697206,5994
2026-12-03,145.3582295912616,145.69018168119626,144.9128461093476,145.31415848938684,2320
2026-12-04,144.84888837612985,144.7589651364077,144.46466749592838,144.74871427172388,9095
2026-12-05,144.738393647574,144.98568961586213,144.20307234804957,144.9855303101296,7871
2026-12-06,144.37192213134585,144.8009803999461,143.83615777250623,144.52233974513882,2214
2026-12-07,144.7592832791985,144.93513827398382,144.24856643624446,144.80009606830995,9082
2026-12-08,144.69406822318408,144.8847990441712,143.11489650006826,144.3407528125669,9320
2026-12-09,144.37775673257278,144.48364763689227,143.88740321803326,144.13206940576435,6563
2026-12-10,144.5633304518478,144.75122049310477,142.91789210786447,143.9845244486454,4286
2026-12-11,144.0253649556197,144.82404193574612,143.78809727405775,144.47243280831776,8660
2026-12-12,144.53453953909428,145.09384301741088,144.41891323715586,144.93166003028898,2781
2026-12-13,144.63942622263656,144.86890074278637,144.05893820557344,144.30880134206578,7333
2026-12-14,144.77092651046004,144.70296408302275,143.9173952847881,144.3362683975657,2838
2026-12-15,143.9914169066924,144.4110306072162,143.497467116853,143.98147847019112,3440
2026-12-16,142.01254485579477,143.71449214937056,143.10335344371285,143.35222601485344,2106
2026-12-17,143.02065874107163,143.40555886666186,142.58929556863976,143.24371748964126,4002
2026-12-18,143.19012419105817,143.2227497475537,143.06401723024373,143.08947609541335,6188
2026-12-19,144.03301044261278,144.62823116612034,144.19131920979353,144.3028343385861,4405
2026-12-20,144.57485209834778,144.89839616101642,144.2833919406887,144.51931425126645,4232
2026-12-21,144.40007213555091,143.944897672849,143.6917285158094,143.83050550088933,5202
2026-12-22,143.97595834468237,143.63196426623364,143.3833057332165,143.54811849880386,4051
2026-12-23,144.3014778201296,144.216958414701,143.60379692324665,144.05881014651857,4877
2026-12-24,145.08369674930208,145.6823650446242,144.9055458921083,145.10303153295354,8614
2026-12-25,144.16163945946442,144.56408373404494,144.17643386498722,144.31003987683454,8307
2026-12-26,143.59740307884826,144.1655006126944,143.02008723416336,143.37007768426503,3882
2026-12-27,144.31317866770098,144.56742415465786,143.91187270283893,144.30556027195092,1359
2026-12-28,144.5182786924481,144.80313935192916,144.1118717547896,144.50036736063637,8068
2026-12-29,143.6008563108339,144.2835884787603,143.83788719974584,144.0662209946982,3197
2026-12-30,144.11917642309166,145.081134331411,144.2975101126661,144.33353553775942,6025
2026-12-31,143.241219808446,143.01969504795653,142.32850585792386,143.01566166825097,6957
2027-01-01,142.68702936932496,143.02120374729066,142.9209573826874,143.01734942154954,1098
2027-01-02,143.26097213755185,143.7420831262377,142.91711584173376,143.1812600079711,8334
2027-01-03,143.76714615619923,144.36900468586995,143.49457380974175,143.64339507774,3703
2027-01-04,143.27771344631992,143.18022387482043,143.09720228940554,143.13644710159372,2875
2027-01-05,143.3473699472027,143.2958292783208,143.1548520655356,143.1792906822954,8407
2027-01-06,142.90489618520763,142.92521105192682,142.5699252512571,142.71657836926562,6703
2027-01-07,142.65713231949002,142.88597561447605,142.69628646057865,142.84427024710277,6536
2027-01-08,141.9563007168229,142.94798527283143,141.72659714318314,142.39659708592126,1684
2027-01-09,141.93048604262614,142.4099569727742,142.00596354709006,142.19254666634114,3239
2027-01-10,141.9136153280175,141.9613014842532,140.84101840134335,141.69463896894604,1898
2027-01-11,141.65995311171918,142.19519213003352,140.64880878767286,142.02020708985788,6067
2027-01-12,142.13724944422083,143.28541888408247,142.28574830271432,142.4494326481862,7814
2027-01-13,142.01827916298018,142.56846850206927,141.6755374696618,142.33212236320747,6446
2027-01-14,141.79744902426452,142.88632059244094,141.64884593970763,142.3512413606875,2831
2027-01-15,141.2828443435312,141.7605138016016,141.15433849724556,141.62694565337074,6584
2027-01-16,141.77722640336447,141.63652603105757,141.37809371956865,141.47710732936736,3481
2027-01-17,141.2369756250318,142.28139233338948,141.3086626109093,141.45200502084646,9212
2027-01-18,142.23772011939516,143.14190805165256,142.125146461709,142.76240156636146,7164
2027-01-19,142.052924897,142.76251120411365,141.21134416656525,142.20641805347438,5411
2027-01-20,143.0916708376187,143.71809781809176,142.51260367375926,142.9385066728506,1617
2027-01-21,142.8877042301184,143.4613241918338,143.30998557821306,143.4369360595835,2088
2027-01-22,143.86324735475836,144.20045101109812,143.52776101830844,143.57725426182856,9340
2027-01-23,144.0242702593184,145.02755753927246,144.40284462650766,144.45656450392613,6302
2027-01-24,144.52397214853357,144.81666488612325,144.31418059908287,144.64261724022958,8748
2027-01-25,144.71471730506485,145.03284678301273,144.14002731203618,144.83719683806353,8886
2027-01-26,144.64220447952812,144.85896346636386,144.33549686981064,144.81063651155478,8789
2027-01-27,145.4029804432196,146.2288110691126,145.26139735060121,145.42242095276407,5377
2027-01-28,146.20422367586255,146.32027760178406,145.77087904167115,145.97065556966953,8498
2027-01-29,145.64557645153045,145.68779835476926,145.12567898999916,145.6578169259214,1112
2027-01-30,144.81649123059404,145.70811557230854,144.76595901223325,144.99819332862202,6332
2027-01-31,145.03390761535246,145.03195974765737,144.11150708975526,144.89670300992418,3229
2027-02-01,144.55886284631214,145.2999850954044,144.44107326998366,144.49668372772538,6292
2027-02-02,144.26407037243965,144.71761594628376,143.85003067693134,144.4649214404177,8671
2027-02-03,145.09633093438507,145.66514193665148,145.02673034466795,145.08364050775975,3357
2027-02-04,144.62928692925408,145.55839344458283,144.8192230891959,144.85498968021636,8092
2027-02-05,144.5738563710415,145.24501179205956,144.22086745883124,144.83357798956058,6342
2027-02-06,145.10432972120975,146.3473441108376,143.76562678106256,144.86258935696478,7059
2027-02-07,145.42089244003816,146.02049279223124,144.50662138931497,145.2868047980674,5438
2027-02-08,144.39447402164606,144.5616664158891,143.7247928213862,144.1633601310751,7751
2027-02-09,144.05054853403792,143.87001688619327,143.56536826721367,143.86000998369246,4051
2027-02-10,143.69948605211596,144.3424739706489,143.71217748470238,143.96565182983218,6239
2027-02-11,144.86607588706565,144.95752154515898,144.41807643749289,144.56569130804561,5093
2027-02-12,144.23045795120794,144.5409082142806,143.86321549229413,144.3197400842925,5485
2027-02-13,143.66022907825172,144.00754324975463,143.19357266442918,143.38146373127157,3981
2027-02-14,143.65378447126326,143.75280392757185,143.47129412390785,143.69131945425465,9021
2027-02-15,143.4675871862056,143.55699709412983,142.3932156891077,143.3736382598418,6066
2027-02-16,142.88177330898074,142.95223692425895,142.7594356257008,142.77880493029664,4964
2027-02-17,142.71059235102535,142.8958188514261,142.2591947858955,142.46663223544004,5084
2027-02-18,141.88400572030946,142.55696007676346,142.33251462804262,142.37436955661212,5860
2027-02-19,141.59907791053016,142.2176390571881,141.8929728049147,142.071997224343,5651
2027-02-20,141.17072745532414,141.36683132042208,140.29835307411534,140.96921419579348,2123
2027-02-21,141.52465603373506,142.44327349816396,141.0298151414569,141.41774729423705,5671
2027-02-22,141.8224917204198,142.21021922681396,141.53771573329442,142.05518481487638,1815
2027-02-23,142.49023848325118,142.49023025498303,142.38065997772327,142.38094581054617,1978
2027-02-24,141.38971491230257,142.6465070159841,141.6421634846763,141.81210297533374,3858
2027-02-25,142.69064406162067,142.4756511994918,141.4380966280057,141.71135720835997,1682
2027-02-26,142.10156796679365,142.48668986693366,141.69834953910683,141.70809655074527,9140
2027-02-27,142.19418454874855,142.04519830998854,140.8564876554586,142.0074937455262,4655
2027-02-28,142.3643531010885,142.58615875521528,141.91865802067488,142.34166398988526,1780
2027-03-01,141.7889586770544,142.8125364843007,141.07061067101978,141.974577090496,2442
2027-03-02,141.62251899689903,142.2959555027056,141.48306609409548,142.0155748687028,8818
2027-03-03,142.2100682827636,142.4443992157417,141.77404897725563,142.24421507101042,5500
2027-03-04,142.71419804137525,143.09327182498495,142.75168628296504,142.97212623208378,3759
2027-03-05,143.0839469474002,143.56611856949334,142.58743985674278,143.32437950199616,6993
2027-03-06,143.29388085375157,143.73315240793912,143.71785918699246,143.71890784568393,4120
2027-03-07,143.83572007522793,144.11857754270997,143.14616214924234,143.7608211596486,3545
2027-03-08,144.35295268050348,144.4883341819631,144.36174211393143,144.46605073225035,5041
2027-03-09,144.83145360267784,145.83889747875764,144.1559660900742,144.67093213023009,6875
2027-03-10,144.37751781323976,144.4549079589271,143.90596502870895,144.24038817514332,3828
2027-03-11,145.0109125492298,145.0029417870977,144.79005261062923,144.9420731602059,2462
2027-03-12,146.08885687389167,145.45912666480882,144.8263625023546,145.29102479647543,8942
2027-03-13,145.31661443998084,145.17938182788123,144.6805499238239,145.06950278591117,1553
2027-03-14,144.4515864990166,145.5465382636943,144.79248930210045,144.82975630221156,8051
2027-03-15,145.11566500915836,145.94267907309256,144.87052616871333,144.97804407478193,6899
2027-03-16,145.19343084952519,145.26102020315952,144.49764630550524,145.20963647241572,9907
2027-03-17,144.90582343398341,145.38120482171743,145.11009174397668,145.30828260523134,5295
2027-03-18,145.03744707792978,145.9466350470192,145.27297001038707,145.46393694195277,6104
2027-03-19,146.44987650442485,146.3258888204656,145.95378486746466,146.31391562924097,4389
2027-03-20,147.05895146582196,147.54316715049504,146.45943844501448,146.8496872053584,6319
2027-03-21,146.63112784119357,147.46296310570696,146.6727344105134,146.94500500099093,4651
2027-03-22,147.70671040733305,147.84287916694493,147.10858644435578,147.41566029137465,4135
2027-03-23,146.98487265865546,147.17259781544453,146.48092031976148,146.89939833961088,6263
2027-03-24,147.45711961166705,147.2776331283656,146.43648083316666,147.0983618645843,8402
2027-03-25,148.32990115895262,148.7280966229692,147.6034469390226,148.00301503945084,4495
2027-03-26,147.84646101713375,147.99451147768798,147.7176172874419,147.89399209175465,2337
2027-03-27,147.96085504647576,147.58811085971195,147.37637055512297,147.47017512744512,6088
2027-03-28,146.80689585611248,147.66852790298424,146.6356834260298,147.1441306831486,7196
2027-03-29,147.3164025159626,146.7540093857073,146.14885628358473,146.5993141644774,4011
2027-03-30,145.94329750626775,147.0130889743653,145.89986730598014,146.20693321041352,3659
2027-03-31,146.00727834161523,146.62042343113762,145.1716430786294,146.02167916111853,3735
2027-04-01,145.14873916194537,145.54714345628125,143.8778889699452,145.3188956515292,6307
2027-04-02,145.21366752214007,146.22426941681394,144.88918247129,145.326704818504,5813
2027-04-03,146.65490950415153,146.47063102236808,145.08988919574784,145.77784340539733,5713
2027-04-04,145.18514910910056,146.00365792693924,144.69509608157205,145.32396531532387,7756
2027-04-05,146.33893978883262,146.76671307259588,145.72430807597098,146.08360727714475,7597
2027-04-06,146.2683824480226,147.09362333132228,146.15177586405784,146.33900332140854,1178
2027-04-07,147.1352587430969,147.04535219951683,146.62183707644257,146.85429361422058,2037
2027-04-08,146.36212848178323,146.60571908635734,145.85866026456972,146.52537633729452,4834
2027-04-09,147.02947857892556,147.76003057795145,146.47822301501614,146.9526389508278,5778
2027-04-10,146.59528149077198,147.07901458724547,145.91609724092976,146.40667200063015,8426
2027-04-11,146.63525231504747,147.177461227046,146.5998518153587,146.8517957510484,6784
2027-04-12,147.76503319821285,147.17432395385117,146.80117099168024,146.93771542094518,7177
2027-04-13,147.4186233439077,147.52253817620274,146.54676772510714,147.21434103093756,5805
2027-04-14,146.55875244176994,146.8265724450664,146.57619212110816,146.62654372812514,8399
2027-04-15,145.96983845193162,146.206559531853,145.02708632224284,146.17900880698684,8360
2027-04-16,146.50513982320163,146.9287814934108,146.05622157048327,146.47762291611355,7331
2027-04-17,145.6386495108174,146.1699688018709,145.87416146363287,146.00344891400144,4568
2027-04-18,146.769740639206,146.41836899938548,145.5624358340011,146.235052060051,5423
2027-04-19,145.6808592885412,145.8691358416317,144.74327037807583,145.55148315682086,4986
2027-04-20,145.94917444293077,146.04394351447843,145.0774879335699,145.9755702631542,4313
2027-04-21,145.67310196207694,145.52129903112024,145.09415551464514,145.35930860576994,7240
2027-04-22,145.41900414118393,145.8865759347857,145.3578726901204,145.63545857460971,9683
2027-04-23,145.6014861655036,146.7594343480796,145.32843882175646,145.9482740414327,9105
2027-04-24,145.5608482106993,145.65656552927157,145.58096278681288,145.59988813221793,1309
2027-04-25,145.92916451060117,145.95667723584904,145.07248749468386,145.89090141576028,8277
2027-04-26,146.1802984094049,146.1764371673455,144.59793538926365,146.02112254742707,9997
2027-04-27,145.30881824440104,145.8378979692353,145.21776350586487,145.7517016193307,7728
2027-04-28,145.11052922828682,146.04004728265753,144.9391118061616,145.2474242772926,2892
2027-04-29,143.34107199350572,144.44434998379103,143.9439833410509,144.2661114314563,2917
2027-04-30,144.0862317038343,144.76473944638968,144.40723241257572,144.44093645510614,7499
2027-05-01,143.87311352953523,143.905303716527,143.61176233973205,143.6585350694251,6221
2027-05-02,143.9945149117182,144.22557069886687,143.198996357504,143.70620716914578,3241
2027-05-03,143.23188170051074,143.6752478639959,143.30947740908394,143.57448306110464,8241
2027-05-04,143.81667308410144,144.15339503914922,143.44909114388918,143.91405444882375,2973
2027-05-05,143.7707135456172,143.84107706830724,143.15054469556392,143.76303169907882,6938
2027-05-06,143.9217408475579,143.94208316570152,143.30145809241165,143.59830780590528,6526
2027-05-07,144.4229716180045,144.75285797611548,143.92698696550124,143.9642431580494,4978
2027-05-08,144.17769684915837,144.5785626565805,143.84545291287935,144.13177217259147,2315
2027-05-09,144.21166515450818,145.0832999796994,144.12809881647038,144.28985015118286,9802
2027-05-10,144.0913758634769,145.75470185713522,144.17702654063143,144.52448394608712,7795
2027-05-11,143.78911865485188,143.82678684939626,143.50632067513823,143.75669788448357,9395
2027-05-12,144.75756897492414,144.7212297042811,143.4681089089831,144.13509222447706,7548
2027-05-13,144.82838438646507,144.48795695425477,144.15959986068327,144.44132662148388,2399
2027-05-14,143.9854425460733,144.13549059292097,143.8000602329415,143.93298505719562,2372
2027-05-15,143.90195816296855,143.87565565876616,143.64661507127235,143.81094482035851,6106
2027-05-16,143.58473626810908,143.96785126654592,143.47837184777683,143.7912911765447,4203
2027-05-17,143.61690209571088,143.73946753072232,143.49572202068987,143.72404278434385,3682
2027-05-18,143.9352525203034,144.23266328588818,143.87660842139246,143.8909727676281,8922
2027-05-19,144.65184646063923,145.16099336852156,143.41092982711766,144.6066561585437,9425
2027-05-20,145.45076450225102,145.85917198291293,144.50505514922912,145.1475395223801,3137
2027-05-21,144.7800548054868,144.55812508672022,144.19822128642014,144.49142992566442,8147
2027-05-22,144.95863495488078,145.49570963116307,144.31879773847837,144.80246492081744,3806
2027-05-23,145.16718772712537,145.72885316574184,145.39563843453735,145.46693158058514,5850
2027-05-24,145.37191124457522,145.75233017098122,145.28137432392413,145.66033584092975,2957
2027-05-25,145.93945861243733,146.4585954919743,146.1209478387543,146.2058260535227,1931
2027-05-26,147.2826173631351,147.71596788795844,146.5249330007931,147.2119612763731,1047
2027-05-27,147.11591973299977,148.10839720874768,147.22006062160997,147.7238160494266,3270
2027-05-28,147.84658782550807,148.10380841617686,147.1772404025441,147.84847034724746,6767
2027-05-29,148.7936073992261,148.8404690003096,147.7855163376877,148.37101458428984,8918
2027-05-30,148.64350631124248,148.75425552342364,147.8383139437231,148.4434585008383,5561
2027-05-31,148.35019173919702,149.12201854945624,148.1400773175369,148.45541002248075,1678
2027-06-01,148.07022628049896,149.92176200526782,148.2581829385056,148.2797029046239,2590
2027-06-02,149.30312416947297,149.4530617025843,148.75811857448042,149.06140958403995,3518
2027-06-03,148.74401186088463,148.78569713195247,147.7078856562101,148.65219525106895,8132
2027-06-04,149.34444937763317,149.8528947511734,148.91297227784932,149.41837911340798,2566
2027-06-05,149.49160191160632,149.73053949013538,149.31425510518588,149.66831117527818,7683
2027-06-06,148.99157298478337,149.40223653242728,148.56173745324693,148.9686580878772,2567
2027-06-07,149.06157170517682,149.23217933326103,149.04712749408483,149.1524827343729,1205
2027-06-08,148.33778335152212,148.1481054296309,147.6939769089755,148.10246948054711,2805
2027-06-09,148.78757421775623,148.472014423078,147.94259345001555,148.41522348896262,9671
2027-06-10,148.44766428210428,149.58152989718866,148.78051925114394,148.8578392304571,3120
2027-06-11,148.19391538087245,149.53070870232767,148.200494440706,148.5616612526311,6810
2027-06-12,149.0278519569035,149.09420206074273,148.40290804420104,148.62343510060887,7685
2027-06-13,149.65025950028323,150.28052560563933,149.3570214636546,149.60051381748403,2437
2027-06-14,149.00814527431638,149.45407040673123,149.0106682701779,149.34764046535304,2942
2027-06-15,149.11316215382294,149.29892257858,148.38548503682364,148.81818667182475,3827
2027-06-16,149.66152390302273,149.5848747683362,148.87793608709546,149.55901837305606,8380
2027-06-17,151.2012856968989,150.88419389260233,150.28534734563857,150.54031196832145,9962
2027-06-18,150.47156930106573,151.03981125451,149.59284913140147,150.5421598042454,9258
2027-06-19,151.38050252107016,151.4552566827604,150.67439330277188,151.04789132194955,8636
2027-06-20,151.28397894797519,151.87144530710785,151.6124735557248,151.718629279715,9555
2027-06-21,151.76619542849488,151.3721830772766,151.1319801280971,151.3473871634458,5495
2027-06-22,151.3879822632252,151.3086737712106,150.3668948716668,151.10473424576188,3897
2027-06-23,152.20147573247738,152.5990652143103,151.01968107749272,151.72017150233924,1259
2027-06-24,152.8958527369461,152.8479709917534,151.96550905938383,152.56267864169348,8929
2027-06-25,152.81440461601795,153.57276871557258,152.45683741958942,152.84411907178065,2068
2027-06-26,152.0528739258186,153.42438519448288,152.34523680958338,152.40421189502965,5993
2027-06-27,153.21712658077016,153.5999999932002,153.3030210621163,153.39774245087938,8707
2027-06-28,152.60391188581394,153.2246945905707,152.9971769486673,153.1322570019734,8496
2027-06-29,152.68841840203254,153.34954166100658,152.6456566067296,152.96468811138766,7458
2027-06-30,153.263615433395,153.45084204456032,152.48825894018208,153.13585702863247,2442
2027-07-01,153.8986113753423,155.04998402356148,153.90663082181374,153.91293723898985,8083
2027-07-02,154.27284818522628,154.8101100715776,153.70531446208935,154.33992522726595,1228
2027-07-03,154.30942710266268,155.32195920002084,154.35537787642951,154.54735797744692,5845
2027-07-04,154.2472825392485,155.5311086928486,154.71483272890453,154.77900224250598,2970
2027-07-05,154.8553845107989,155.39738071439842,154.35185693610507,154.80075957682772,7261
2027-07-06,155.19357739182755,155.2204355652311,154.77751947382833,155.07982933408695,8952
2027-07-07,153.5175802272258,153.96839776625472,153.54616101733754,153.81504929523982,5227
2027-07-08,153.5067134846558,153.67421760541544,153.65502950213119,153.6667455657049,2725
2027-07-09,154.25004656939012,154.77369648538678,153.35069412318964,153.7874065331633,7185
2027-07-10,153.55974887742565,153.6100445858496,152.52752222355554,153.21189949135356,3482
2027-07-11,152.95973378174062,153.47806645514717,153.15238383476344,153.40506115025931,6285
2027-07-12,153.27743462359706,153.51689820526266,153.07079427470194,153.30282553976627,2450
2027-07-13,154.6170500936357,154.89708359123293,154.01834709804976,154.180563388924,7191
2027-07-14,154.9021469523392,156.06289237905895,153.96628537896657,154.96707325153145,6161
2027-07-15,154.65348751045022,155.32495375652357,154.63593585469658,154.73417046697236,5280
2027-07-16,154.98657289921195,154.7688162049329,154.28140473603472,154.65875161118902,6941
2027-07-17,154.9178986016674,155.49212813157502,154.26232090978317,154.62177782838484,9032
2027-07-18,154.6765390939192,154.59548335992656,153.80593613325576,154.395948090305,2255
2027-07-19,154.41486515756682,154.7044449930358,153.57076341970762,154.49346058231907,1400
2027-07-20,154.3131859527578,154.52668653762646,153.70382850166683,154.11431954787528,6639
2027-07-21,153.99743553459308,153.84241280577433,153.00723878418225,153.5490118804065,6352
2027-07-22,153.8454053828161,153.9948880383007,153.02827601507116,153.86036749235666,4464
2027-07-23,154.05410939807348,154.75517354066687,153.66205117704547,154.17513228446757,6066
2027-07-24,154.14199619636443,154.45385486130766,153.26326103774974,153.77297440463755,7645
2027-07-25,154.834284060888,154.51402450038387,153.83439338217667,154.22065212001885,3414
2027-07-26,154.53936472050594,153.94322968513268,152.91767667789156,153.9048632554362,2087
2027-07-27,153.9190924245227,154.1231729876913,153.2015781937644,154.0314458744552,4874
2027-07-28,154.35940580591233,154.75129252847876,153.81347486005794,154.4416178807614,4160
2027-07-29,154.11606289846858,154.43200259653167,154.19496252717258,154.42481159840955,7499
2027-07-30,154.6875977518046,154.74728753415155,154.5320536345629,154.65218205448014,3693
2027-07-31,154.07173155309908,154.5156704699339,153.9470945914775,154.39396723253634,3903
2027-08-01,154.13774390831003,154.35335387430828,153.71640639216082,154.2957339408223,7051
2027-08-02,154.40314316483085,154.8417743221497,153.43780706316616,154.19280422538213,6376
2027-08-03,153.9365082751538,154.14255667271792,153.68802199005964,153.819515052112,1220
2027-08-04,153.18791157900398,154.0817557902758,153.4385435984495,153.7311279705541,7416
2027-08-05,153.42790651060454,153.31835398319,152.88820623284295,152.95681882112223,4012
2027-08-06,152.38514312140566,152.78814633649168,152.5665144731216,152.71124194755117,8544
2027-08-07,152.28052402370264,152.7282177226561,152.10235337031153,152.56880420086634,6366
2027-08-08,152.06903767908932,152.98330116378654,151.94256481734598,152.44071432461865,9049
2027-08-09,152.12158060011407,152.95436942984173,152.18754760342426,152.31996560168326,6689
2027-08-10,152.02004158815345,153.6805637179248,151.94106234504926,152.2890835017532,5268
2027-08-11,152.26707422843955,152.57237845696395,151.7564055876041,152.52880426079622,6447
2027-08-12,152.22678118234305,153.53651078643762,151.99211730796162,152.9660627978625,5218
2027-08-13,152.6801584020545,153.32311415125304,152.60625028594748,152.64118018443835,1635
2027-08-14,152.10919930708846,152.23946971555222,151.47026028190024,152.0395797567438,3737
2027-08-15,152.1918795719899,151.85894077391174,150.18347358393646,151.51855755062223,6350
2027-08-16,151.42085838932445,151.45935772261922,150.49881463533643,151.27495609002477,3696
2027-08-17,150.9500187252011,151.57196591143625,150.73605360025613,151.09899543111652,9692
2027-08-18,150.35378290447576,150.81302586096038,150.59344867352385,150.7139973980178,2656
2027-08-19,150.03705612795306,151.08311699983503,149.84538682370933,150.06593906589285,4358
2027-08-20,149.97249551897352,150.32609142202156,149.761157468498,149.83787865215575,7464
2027-08-21,149.77758737641705,150.41625982965712,149.83036527242868,149.92859196221275,2896
2027-08-22,150.24441150303508,150.450578054227,149.43226021101745,150.2261066951305,3108
2027-08-23,150.516601396794,150.8214629548385,149.75528514590337,149.94739516857635,1125
2027-08-24,149.6256632193929,150.58222005451128,149.19743434925437,149.74089625750463,4775
2027-08-25,148.71151443664326,149.4486696681544,148.37081517443173,149.277547103081,5287
2027-08-26,149.52387355411105,150.51344642042835,148.99844540939128,149.2618275178936,3240
2027-08-27,148.9319096345427,148.84985303572415,147.87649371314146,148.8376132007982,1588
2027-08-28,148.61147950404143,149.60551137462332,148.69236215212936,149.1241771074188,4094
2027-08-29,148.35953696463463,148.54806379440703,147.569446665445,148.23124386145173,9934
2027-08-30,147.7520699604842,149.17979157787022,147.72873668934707,148.0514290252255,7526
2027-08-31,148.3343794155307,149.005492198946,147.7100086618801,148.20198269482137,4227
2027-09-01,148.86607900574393,149.09128094750457,148.2901840517628,148.29389995298263,2703
2027-09-02,149.58732598466992,150.14817050437952,149.60255958316898,149.64041678497287,7847
2027-09-03,150.14029815696776,149.92925894144778,149.0064848949403,149.81531679725683,7217
2027-09-04,148.94474330348012,149.36109327089213,148.90688425405494,149.31328949883584,9043
2027-09-05,148.80973163138998,149.74573390136234,148.16296372521174,149.26555737529128,2505
2027-09-06,148.98264535027678,149.25498522419366,148.25824550613748,148.37743420855807,8032
2027-09-07,148.4294788379766,148.44231313579814,148.2493362665782,148.3371343339097,3244
2027-09-08,148.11160728775772,148.08114602013893,147.01416119543885,147.9206063054093,8080
2027-09-09,148.723908134043,148.5725070636838,148.1801837881548,148.3783014431894,4135
2027-09-10,147.94518686295226,148.21488933719212,148.05782112490706,148.10353130589164,7085
2027-09-11,148.2926832559228,148.759908177257,147.54974691993257,148.045148347994,8232
2027-09-12,147.92943267598443,147.87891578713766,147.52700152798363,147.7273694272918,8942
2027-09-13,148.20835365698375,148.68201660257913,148.2235347335422,148.59679510321845,9360
2027-09-14,148.8900693135833,148.79960898203197,147.30929551247914,148.4361737201595,1176
2027-09-15,149.74451039669296,149.62952370515546,148.88420308520773,149.3524522418991,2168
2027-09-16,149.37441295124694,150.06673988518216,149.28651424996343,149.75952812295824,1586
2027-09-17,150.06064741906448,150.04875004818297,149.92127813889164,150.00056148662594,1054
2027-09-18,150.1156041392108,150.4586979703692,149.87969892742078,150.18492806028468,7777
2027-09-19,150.8073189503706,150.9460023781482,149.30281720396422,150.3818267093928,9327
2027-09-20,148.99480681788444,150.04975992511828,148.88917595460262,149.41799041972,8539
2027-09-21,150.3592732299078,149.9943431752517,148.57822537921595,149.27854872264464,6142
2027-09-22,149.64878245742526,150.06251783595906,149.59125123067304,149.7011277082368,9729
2027-09-23,149.8982126663541,149.7735141256738,149.27329209864354,149.67667911649974,8927
2027-09-24,149.3903336926988,149.29522332143347,148.60107439573002,148.97408419309795,3207
2027-09-25,148.88908216485817,149.2206890459736,147.838764202653,148.94788196780922,3565
2027-09-26,149.76545216025838,150.04074164878102,149.7941583864487,149.79993472593696,2728
2027-09-27,150.27253131555875,150.5050083968504,150.29226651508742,150.42338058370433,6496
2027-09-28,150.126738891182,151.12633766784072,149.82588953167567,150.3923785790213,1707
2027-09-29,150.94966096188818,151.09768387553964,150.63829019894243,150.86810321755036,2240
2027-09-30,150.64426970331382,151.23492091550182,149.82657954942758,150.6848497073663,5359
2027-10-01,149.6801016544553,150.30251533978398,148.49641209201093,149.83291391395295,2575
2027-10-02,149.23539173547806,149.70628645745512,149.10344608196732,149.37068091988817,3989
2027-10-03,150.32499534031024,150.23276802097286,149.5292422220855,150.1521253041423,7143
2027-10-04,149.7758597044225,150.70126821995092,149.9792398501088,150.01512876322764,5979
2027-10-05,149.81934734302249,150.14162759680457,149.73062613196515,149.89343677354015,7222
2027-10-06,150.01311789293942,150.28325463518996,149.4406790690241,149.7435176754027,6586
2027-10-07,150.76975361120998,151.20304425558874,150.35083255602467,150.6955859701892,5160
2027-10-08,151.19369764796264,151.8082168221821,150.69047477734168,151.50856542787022,1568
2027-10-09,152.6107942239702,152.8152775862726,151.28729621871537,152.61795554459428,2442
2027-10-10,152.66953942573718,152.71758284686067,152.16861841515998,152.53843293939428,1946
2027-10-11,152.9830268411387,153.10779633609926,151.7758074078588,152.68624518376782,9243
2027-10-12,151.70131030903394,152.5115286518646,151.64832569201826,151.92792390905743,7969
2027-10-13,152.4988322053062,152.80718282465946,151.86114875445494,152.66639112211655,8193
2027-10-14,151.87395334986653,152.17343137937766,151.67565636296223,152.0825013464826,5487
2027-10-15,151.99723306854636,153.26949707208777,151.38771560859874,152.1908891283639,1233
2027-10-16,151.7637392792566,151.66053969282902,151.52949452924642,151.64223786454747,5527
2027-10-17,151.52615119014322,152.25493086502826,151.04301723129154,151.34780445117812,5703
2027-10-18,151.2444442835182,151.51436503470546,150.87145528195262,150.92917323565328,3551
2027-10-19,150.59788313259264,151.41184207509622,150.45995901163192,150.62523560531537,5728
2027-10-20,149.93407736730705,150.91571682000367,150.02412724307072,150.3556742537409,1615
2027-10-21,150.28238090561558,150.67610474700507,149.5966559672766,150.08153985627834,2924
2027-10-22,150.54594991569076,151.37625760701525,149.97416497988254,150.4982068121685,8344
2027-10-23,149.96376625943202,150.33686514261353,149.69047908023504,149.94577541563723,4928
2027-10-24,149.6710250826508,150.28632914402394,149.93313496580652,150.05604612914416,3345
2027-10-25,150.60627494621536,151.2495161604032,150.26781236067154,150.66502570529696,5889
2027-10-26,150.05033108720252,151.31424744659944,149.42693156921388,150.40842752304025,3772
2027-10-27,150.1940575742002,150.40867392655477,149.9441827014995,150.04946807766646,1918
2027-10-28,149.8052375564652,150.0457159165574,149.90796673649112,149.93420576507634,6195
2027-10-29,150.3682080503473,150.5293123605936,150.4175281712709,150.52406836925667,8718
2027-10-30,150.15997553980665,151.32115045331506,150.57731041160625,150.62112218473337,5855
2027-10-31,150.6636437983348,151.1754933783439,150.13958729069876,150.35551503742957,7243
2027-11-01,150.51988397365477,150.84913173204833,150.3101519022566,150.5974533630236,1273
2027-11-02,150.0724015192067,150.3131205005136,149.48154557337855,150.04630728810537,3345
2027-11-03,150.16634001611905,151.11426774594918,150.1501621546201,150.38698704332683,4073
2027-11-04,150.09611817918773,150.68655329198774,150.5159477682358,150.59129069717773,4757
2027-11-05,150.27789878515512,150.5830736897276,150.08862817629023,150.4373864616083,7352
2027-11-06,149.90663116105287,150.18163117141134,149.61043511978073,150.01809356238468,6690
2027-11-07,149.6625811075174,149.65207737286127,149.4714232519957,149.57475310124295,5792
2027-11-08,149.73565204614917,150.08942301544027,149.46442007264744,149.8421617694159,7589
2027-11-09,150.24114736275126,151.02191224867693,150.42832124945383,150.45665202066044,3888
2027-11-10,149.68699632800332,150.23668444986586,149.8234568375254,150.13799814714602,3718
2027-11-11,150.38172754754862,150.42407034066193,150.09140472951188,150.36719149892178,9788
2027-11-12,149.08470993148947,149.43951433171827,149.08017350571666,149.32367798962073,5384
2027-11-13,149.42761108442184,149.06754173295172,148.98510342842158,149.03136912429213,3239
2027-11-14,149.0608836562581,149.65244604481336,148.50292989120572,149.01583965785667,5361
2027-11-15,148.72962880137567,149.21989782542025,147.94209969745995,148.56099794936577,4844
2027-11-16,148.0181081620842,149.19987885491324,147.72408345413317,148.09274476197095,7386
2027-11-17,147.8192390706669,148.16762223865916,147.46512934630866,147.7588549837365,5773
2027-11-18,147.6377367531686,148.3187801027673,147.37592048925444,147.9049513478997,5776
2027-11-19,147.45782119099562,148.23306198430757,147.5393169552107,147.8112868386965,9892
2027-11-20,146.6967105452386,146.84556620326475,145.71534284804568,146.69217122203403,5915
2027-11-21,145.80293864227684,146.69838075457557,145.49097318880283,145.63182114571651,6559
2027-11-22,144.74464502576942,145.84174380268053,144.2651676430247,145.3283885567879,2633
2027-11-23,145.40750080257348,145.64243955861124,145.49713267802096,145.55723184981468,5681
2027-11-24,144.7361160608186,144.25123842984797,144.0540725932056,144.18347942845207,9269
2027-11-25,144.07738260587726,144.0449884469523,143.89658607205422,143.93361434037627,4745
2027-11-26,144.1317842222247,143.85494901357166,143.62440337209088,143.67049041211754,3746
2027-11-27,144.17444581568517,144.3704851550644,143.9778338452879,144.36465930122176,4285
2027-11-28,144.034776665867,144.23253362814103,143.59772426128202,144.17214839536535,4250
2027-11-29,144.65366288383916,144.6831755541518,144.11297457414537,144.3636428877358,8997
2027-11-30,144.62132756439306,144.92527695084033,143.90682109898086,144.43427145777954,8196
2027-12-01,143.34067284505804,143.58437402221614,142.14649756754272,143.36898821787594,3652
2027-12-02,143.37433708341126,144.41841636770212,143.5362353728463,143.75309182619182,7571
2027-12-03,144.20784566758803,144.24628958532932,143.68446233548792,143.86079007891996,5925
2027-12-04,144.86799284301554,144.28915749443823,143.72930975153173,144.11492439875724,2764
2027-12-05,145.60648339548638,146.57504464615982,145.51517953728862,146.0780432519754,6187
2027-12-06,145.45707252715096,145.05712078144353,144.628493054828,145.03598678222613,6581
2027-12-07,145.75784476430945,145.9914092165895,145.4598678161694,145.89833510710667,1764
2027-12-08,145.65457075209505,146.37894305978782,145.30351230392003,145.7546113474065,7597
2027-12-09,145.9791676458695,146.2910170945228,145.42201842031005,145.898275799608,5112
2027-12-10,145.51386269321537,146.20149575396906,145.68392160135318,145.87551967695737,8088
2027-12-11,145.65225997677504,145.71341543972903,145.2842071537528,145.66340151025835,5247
2027-12-12,144.89510895779833,146.11857658457993,144.93710080696954,145.378485046139,9652
2027-12-13,145.68606416085896,145.79762107945015,144.6043769819704,145.5432394139255,9791
2027-12-14,145.4547691769786,145.59877958944725,144.34717005724957,144.78465256558965,8485
2027-12-15,144.96808270260144,146.04469726752677,144.81605878434493,145.15994214935054,6197
2027-12-16,144.9012219454204,144.98400017196752,143.89631595759045,144.9518449469079,5634
2027-12-17,144.3509668245659,144.99318058482513,144.17207828262391,144.38681027738772,9487
2027-12-18,144.4577444265871,144.48607722220632,143.02387590745138,144.1618038483898,7543
2027-12-19,144.91205016753662,144.81150998930357,144.37546857307524,144.7903784568211,5533
2027-12-20,144.79881471641858,144.60540329782495,143.82619476245858,144.522710913313,2422
2027-12-21,144.5500671218571,145.05530931323898,144.59492080351228,144.7019377224178,9856
2027-12-22,144.466530286006,145.20715141220342,143.90447244535412,144.33645958456006,8211
2027-12-23,143.70507878964114,146.13671737352712,143.50267906024555,144.7154205095219,4443
2027-12-24,145.2584131505137,145.19746674079533,144.73594879996028,145.058174378917,9750
2027-12-25,145.6171409829266,146.15899841977267,145.39611820565364,145.98247879556519,3532
2027-12-26,145.7964186583656,145.94340549434773,145.69526276075,145.89469682281558,2107
2027-12-27,146.4525995577878,146.35886765691507,146.19816361985383,146.22902422519454,5761
2027-12-28,145.81723104517803,146.6940932288304,146.1915947034633,146.278057994964,7060
2027-12-29,147.2528237253621,147.46847787963574,146.8103327220496,146.9259938858955,1105
2027-12-30,146.52928624870452,147.1343763248539,145.97858779020757,146.56657769209113,4678
2027-12-31,147.37501499441595,147.14170036130434,146.5953184325773,146.93908034852979,9135
2028-01-01,146.5708784527607,147.10156893957324,146.63343467764534,146.84173170047143,1790
2028-01-02,146.2658012946131,148.09878403698747,146.75289043880431,146.8096376119172,5945
2028-01-03,146.84682983953996,147.07794296444055,146.57710647531283,146.85551385414138,9361
2028-01-04,147.1577568727089,147.00076469358677,146.54706943110574,146.9816340523547,7923
2028-01-05,147.1248006124368,147.5968560314943,146.5436341012308,146.92351953079373,5445
2028-01-06,146.69022968160084,147.2174373209245,146.84556913640506,147.030876122379,7609
2028-01-07,147.33254523012414,148.55927194931525,147.55032038276534,147.8199351511601,7104
2028-01-08,148.21896280179723,149.4274983143327,148.05952075822393,148.3126599939677,2932
2028-01-09,148.90217048735883,149.10697348238514,148.52065834337319,148.74723729021616,2751
2028-01-10,148.65920356183614,148.83202123755106,148.48793501246016,148.51946752720423,6200
2028-01-11,148.5464850140317,148.54642671359017,147.58732508572865,148.07484711309007,9640
2028-01-12,148.4404608317837,148.55693285835372,148.2506268456258,148.55249739220892,3679
2028-01-13,148.43705185700642,149.55736503752308,148.40431498455695,148.99052078847382,2392
2028-01-14,150.0858560578346,150.38927265420065,149.65428883483867,149.72685612634933,2818
2028-01-15,149.48342440759794,149.90749800555494,148.74313330527198,149.4248658133647,2683
2028-01-16,149.3947478588348,149.6705860624,149.17136723100904,149.31009148568452,3249
2028-01-17,148.7204765220538,149.4994664601374,148.3500306647651,148.4903494044218,2048
2028-01-18,148.673206928502,148.95542277202176,147.0622717894386,148.2941138513914,6690
2028-01-19,148.78549311143604,148.83912835256427,148.52708152480884,148.7923991066811,7051
2028-01-20,148.9121169070654,148.75517366900127,148.46780653372633,148.559151417067,8214
2028-01-21,149.04503219390998,149.31183937088164,148.28844308828147,148.87939131466743,8584
2028-01-22,148.58746504427612,149.4217632681295,148.67637377177147,148.7841397616685,5629
2028-01-23,148.87619673412874,149.5390944403987,148.5783639906215,148.94616827577929,5202
2028-01-24,148.55734578789102,148.78836859005844,147.77730320426795,148.37232258087147,9901
2028-01-25,148.20227987641525,148.82523104364276,148.34906876430304,148.41492730568842,6088
2028-01-26,147.18529705087897,147.40644303432416,146.9189477258061,146.91935932023804,1446
2028-01-27,146.87336629141123,147.81759804086835,146.03913962946194,146.82591124115706,3509
2028-01-28,146.12516009102944,146.12643885940824,145.39090574668236,146.0106746192995,8549
2028-01-29,147.04582347463796,146.94061818270842,146.54082317771213,146.6136718775729,2072
2028-01-30,147.109345617228,147.76593595162302,146.49951027878114,147.00237555395515,4128
2028-01-31,147.25713460111277,148.29457604644244,146.86584980169445,147.23571104493817,8175
2028-02-01,147.97143761958546,148.60849262863044,146.90632356253576,147.9962141585179,7839
2028-02-02,147.48135881017123,148.03419911448842,147.30711878666887,147.52175589810545,5118
2028-02-03,148.48912730632432,148.89282335602908,147.9412819764573,148.39543749706323,8745
2028-02-04,149.27053017442836,149.17102768061727,148.64267235321046,148.86153327919342,6890
2028-02-05,148.5597227574837,149.13763265752667,148.38429466010965,148.74325563558395,9628
2028-02-06,149.10482856757412,149.824842066013,149.10298831061894,149.3110657091754,6004
2028-02-07,149.143430921529,149.39356107752664,147.7529543207353,148.7579189529696,2092
2028-02-08,148.1758177902482,148.89089795673425,147.98792265631425,148.34566187220577,1593
2028-02-09,148.10619547049174,148.56385725815252,147.97992398959747,148.04136701058593,1276
2028-02-10,147.59933891710912,148.24585486097635,147.6407158515565,147.7768781565539,5587
2028-02-11,146.74475399766683,148.04792313196933,147.11426502696924,147.24859933517376,9274
2028-02-12,147.91960842670903,148.58856968284545,147.85310096948913,147.86014086872143,4383
2028-02-13,148.06526403674437,148.04309995992534,147.4039949832005,147.73071366853654,8553
2028-02-14,147.88834969717715,148.14646746476097,147.88093438211536,147.90696615271497,1467
2028-02-15,147.17729290053128,148.04857361185944,146.94097219541823,147.62179046950814,6260
2028-02-16,146.744209994149,146.84339836207354,146.42373075846183,146.71148881923386,1997
2028-02-17,146.61973208183596,146.96705553783124,146.5972326529275,146.8465174984296,3379
2028-02-18,145.10453848574596,145.98392714568106,145.78762651161148,145.8903900107197,6048
2028-02-19,145.83180787115992,146.27227325697226,145.3184523341963,145.85607298767698,5095
2028-02-20,145.327220726427,145.28609586458938,145.1567261300541,145.17191546826058,8821
2028-02-21,146.51886511131556,146.28132400228287,145.60986542338136,146.16555346787598,8025
2028-02-22,147.14829125095198,147.1944707677073,145.91762931822413,146.62123482896334,1093
2028-02-23,146.86939242781503,147.069454829612,146.38295528183684,146.67411172459907,8293
2028-02-24,147.5860352860081,147.6989737088335,146.93199825248743,147.3059650634264,2909
2028-02-25,146.49743743967014,147.45739687580195,146.8174142154423,146.88280707469355,8054
2028-02-26,147.64109450449246,147.41694305177924,146.53511874699942,147.1545467640286,2879
2028-02-27,147.63466003535942,147.6937013763727,146.5056380478532,147.25445198088795,2158
2028-02-28,147.27632737606484,148.02716951144382,147.1904851874655,147.3864620215548,6221
2028-02-29,148.22713680919452,148.05849194475064,147.8511563533848,148.02263877160817,1357
2028-03-01,148.56320527803265,148.84103241632388,147.9562795228212,148.38888482299808,9333
2028-03-02,148.97431070757568,148.92855551383056,148.09680717945116,148.53324665441056,3218
2028-03-03,147.66047060464848,148.1130706661441,147.51739540077605,147.70580293629644,8532
2028-03-04,147.0019099973467,148.17709290687242,146.87025061035644,147.2257797886567,8906
2028-03-05,147.01742581096042,147.57857659164728,146.8616688617409,147.16442532185883,9693
2028-03-06,147.48015030400632,147.94100484495615,147.13190339166306,147.21111150899716,7074
2028-03-07,146.07004852361752,146.87732428495667,146.20091236004905,146.64600964666022,8925
2028-03-08,146.95272595267636,148.07943581938383,147.49538877932798,147.85184798444942,1885
2028-03-09,148.8783197141666,148.7311890611654,148.39201947468823,148.6100450120762,3939
2028-03-10,148.99354581151903,149.20598379260602,148.44159923301152,148.91110417227245,9794
2028-03-11,148.95266160380527,149.59721086632086,148.70373848643692,148.9471226029143,6818
2028-03-12,148.44935412956718,149.99344670426188,148.56879745112923,148.84101811796373,2724
2028-03-13,147.85209195857402,148.98349483471173,147.57418180916386,148.3650588879526,6929
2028-03-14,148.2134404221626,148.6759432937898,147.77436386902693,148.40379914721206,1171
2028-03-15,148.64118394709433,148.5717299223398,148.3548404808641,148.53267541728343,5676
2028-03-16,147.73606841571245,148.17547679840266,147.4964672838949,147.9117951295426,2301
2028-03-17,148.34891339823764,148.8503273909346,148.03130842986562,148.07888333816504,1083
2028-03-18,147.7150360111466,148.6167430621553,147.38211220832486,148.00125381375267,7231
2028-03-19,146.89154651286609,147.05321821967493,145.94793151568334,147.04735003481397,5828
2028-03-20,146.82811784582955,146.88087685535424,146.4454798552311,146.61715752942425,7679
2028-03-21,146.29728025776805,147.215856146656,146.2935598965744,146.4103547627134,2786
2028-03-22,147.25599360328675,147.8141476766066,146.86570718755254,147.35419859138352,5309
2028-03-23,147.43942861755576,147.70656442039953,147.21144072346146,147.6324751536504,9998
2028-03-24,146.7160521468596,147.40806688644264,145.70531889164135,146.96473436910046,9502
2028-03-25,147.31400571997816,147.61554839941886,147.20638473576372,147.20775251380928,2760
2028-03-26,146.57921240773348,146.60903185087832,146.23680078597053,146.4341005193401,6491
2028-03-27,147.043590577549,147.3002367121067,146.77709320052665,146.97544604628362,3230
2028-03-28,146.55502863870865,146.91124260881375,146.64305458022778,146.73988372037468,7341
2028-03-29,146.6326180560311,147.2322787232416,146.6504775798696,146.6930656260051,2982
2028-03-30,147.83474438480255,147.85484284110586,146.92435757004566,147.3559639497762,7553
2028-03-31,146.2860571523542,147.33834329572082,146.34511755627184,146.7123821654841,7864
2028-04-01,146.57959045705618,146.97699577578814,145.18630196219323,146.01382307292758,1356
2028-04-02,145.75193936358983,146.05100247358732,145.29818743514704,145.72202340975457,5951
2028-04-03,146.1871749182713,146.8966688388003,145.54268532369076,146.24121283526424,6060
2028-04-04,145.7675532991663,146.35256676841172,145.47153818761208,145.4815397975258,5734
2028-04-05,143.44528217775303,144.603013725375,144.0511341679529,144.06546199847054,3311
2028-04-06,144.25397844163996,144.01053482659606,143.25441617620584,143.83988256926602,6610
2028-04-07,144.673070717906,144.2426078367547,143.50115549303223,144.1157529692215,9718
2028-04-08,145.04227570432863,144.79548469988424,144.44690625657887,144.7158838440909,4244
2028-04-09,143.85361755237497,144.99077460538308,143.41045154341478,144.4843031630482,7884
2028-04-10,144.50784019883034,144.36835477647816,143.59109804138427,144.27858985949018,1364
2028-04-11,145.34933979402368,146.0275671160344,144.73026791245638,144.85554022661807,8562
2028-04-12,144.38349401309108,143.98754966379747,143.68895291977995,143.92066937677035,4331
2028-04-13,143.30398221501093,144.25730137265802,143.06527324988326,143.72640898917885,1112
2028-04-14,144.12652798362228,144.22424086309357,143.20638290505275,143.82162093414138,5574
2028-04-15,144.58490141561765,144.06445395491292,143.8390968448882,144.0462302947839,3529
2028-04-16,143.80016666378225,144.08481244119866,143.23761442538807,143.79132694818844,7571
2028-04-17,143.37273708720448,143.97452941832466,143.7565447424671,143.8085474540414,8684
2028-04-18,142.81297955515237,142.81943314293852,141.54291134676737,142.56438377733488,9151
2028-04-19,142.55141696176346,142.5215525952312,142.06146575969552,142.23525957116794,9772
2028-04-20,142.4202514781474,142.5451833604205,141.981291705458,142.46201392744518,9567
2028-04-21,141.6136498735587,142.58896939944765,141.77986330759148,141.97086691031785,3977
2028-04-22,142.2949206463235,143.03533289064748,141.38746315072177,142.00035902111264,3613
2028-04-23,141.99315261182747,142.6509799316887,141.36380300634931,142.223795271514,1484
2028-04-24,142.17172468904678,142.98390051427526,141.35071083682095,142.05252067108512,7880
2028-04-25,142.60520246308727,142.45243966218663,142.05566674710659,142.1377525565834,4760
2028-04-26,141.1587468448555,142.00732739997076,141.207739683229,141.6563862739411,6632
2028-04-27,141.82540983348386,142.2223403883837,141.3401956977054,141.55308063409308,2710
2028-04-28,141.79621410979175,142.30635538537368,141.71035591284496,141.85818871888767,2160
2028-04-29,141.88247921417653,142.17947025539442,141.74489163351836,141.9366751993719,7417
2028-04-30,141.79770449494978,142.51236194550756,141.12359339993938,141.64340956458994,1230
2028-05-01,141.52410255731107,142.2430671946288,141.23726145135603,141.75551776673532,7374
2028-05-02,141.76031692097504,142.7833876783815,141.60736787938228,142.11282266205365,4186
2028-05-03,140.5525935911557,141.85184280958467,140.77900921635927,141.0878520227649,7853
2028-05-04,142.0369178680686,142.26577066773305,141.41349430983954,141.66738905524284,3562
2028-05-05,141.3877600303696,141.71532180789418,140.9559057380638,141.4992616859023,3031
2028-05-06,141.88298877622964,141.73486202984535,141.65389029387615,141.71200665252243,1111
2028-05-07,142.16512049188054,142.5298923671475,141.78083587249398,142.31063011434503,4217
2028-05-08,141.27626511471732,141.76576770263432,141.1129528411485,141.6247932657298,6907
2028-05-09,141.4657665474978,142.05997624321682,140.70813137844993,141.27007276451604,9195
2028-05-10,141.22418718869562,141.2450814796492,140.8519453199966,141.12579841657816,7252
2028-05-11,140.66285190981975,141.81740128963946,140.69361347360845,140.73392165601598,4149
2028-05-12,141.6919587629668,142.0503609367545,141.32107750174677,141.60138994393438,2720
2028-05-13,140.88485853014777,141.1828442741851,141.12158814386132,141.17300389702098,5834
2028-05-14,141.21341043964415,141.08175984110952,140.35523892246044,140.89523050727755,3096
2028-05-15,141.38514341463937,141.53999579466017,140.40129631858213,140.99742502307902,1521
2028-05-16,140.6241416314421,140.47289212654584,140.1902719824451,140.396350260041,3423
2028-05-17,140.08691417643476,140.40717455499308,139.82263812181927,140.19850990416285,6242
2028-05-18,140.37504057319296,140.61935162476396,140.3379279680136,140.35723653478794,7731
2028-05-19,140.66145726703712,141.27603242206897,139.84846588634036,140.19080633259668,1634
2028-05-20,140.52846276843007,140.3763466380085,139.2600722819534,140.14411290314672,9840
2028-05-21,140.47760757407514,140.45451524876233,139.35187807345633,139.87944684692252,8685
2028-05-22,138.88805603633818,139.15525881548163,138.3033341830631,139.12221169233214,1366
2028-05-23,139.0219446128056,140.12203609822805,139.15964419235863,139.28300829800176,7289
2028-05-24,140.20078592010003,141.35969947661943,140.05429380692135,140.1604748338254,4783
2028-05-25,140.291744376406,140.4352182147051,140.0283694542128,140.1696756492171,7026
2028-05-26,140.23962095832303,140.77863721556668,140.2564949957863,140.28230770784089,4988
2028-05-27,140.5117637570487,140.9030715967879,140.4137631239836,140.6286690853993,5307
2028-05-28,140.37422239197468,140.13497098872853,139.73053957160542,139.99400383712594,6377
2028-05-29,140.81804153902664,141.0735101838161,140.7948567390611,140.84526116619077,9816
2028-05-30,140.58186213902664,141.29563813159433,140.36079145932285,140.94642556440215,2803
2028-05-31,141.43244728786607,141.99245285456175,141.63549176239462,141.76235401394672,2234
2028-06-01,141.46995681372476,141.39932997431268,140.16646655454895,141.3958375161847,8250
2028-06-02,143.20566422293714,142.62296769806468,142.09793887762473,142.30486847746363,1761
2028-06-03,142.3996631013575,142.89301535511316,141.9877677960628,142.69244622448105,9540
2028-06-04,142.8745040468053,143.89645994614753,142.92093872432218,142.9689662674072,7331
2028-06-05,143.8074199271636,143.59594279729768,142.4886646929857,143.0859784945838,8585
2028-06-06,142.81642996659502,143.22906616036465,142.96030258578,142.96171418554655,7970
2028-06-07,143.69861826716493,144.07676347669488,143.27284075514538,143.5619800147835,1895
2028-06-08,144.1949331664849,143.81769196415794,142.88074640708274,143.63215994970753,8451
2028-06-09,142.3631814936428,142.9027576709556,141.8779462704082,142.64862509791394,1330
2028-06-10,141.997253800454,142.46392441924343,141.60229538922488,142.09003186706045,4551
2028-06-11,141.8517992108737,142.0597523023488,141.93153263827534,141.99710899096408,1922
2028-06-12,141.6967398736567,142.3631114309014,141.92677490613454,142.15210848254685,2518
2028-06-13,142.59462402180347,142.72795160842296,141.74388598556715,142.12381423809688,6428
2028-06-14,142.55767833145276,142.97096134183482,142.61533720745112,142.73329963299372,4450
2028-06-15,141.49487499822786,142.1591095590869,141.39898344277407,141.75774870097442,6113
2028-06-16,141.69621250280588,142.80083125864232,141.333407812663,141.829542669227,4338
2028-06-17,141.19920247807966,141.1462406720741,140.60405454038528,140.92055305653344,9196
2028-06-18,141.33427726537786,141.37717343290066,140.8286091778782,141.3004092042755,9097
2028-06-19,141.01567995542538,141.4788412594262,140.51047958526928,141.2531798470545,7461
2028-06-20,141.5857297865411,142.03133139252697,141.44546888349015,141.46298483306657,9238
2028-06-21,141.27482176209625,141.6487852375232,139.6373988900938,141.0310433527717,6334
2028-06-22,141.66364644222972,141.98933533880617,141.57125117729635,141.67077581860056,9490
2028-06-23,142.12120987197028,142.97083015657037,142.17542509171878,142.19163815062998,9252
2028-06-24,142.78817308365058,142.82302127074496,142.36702361378934,142.48341030213592,8141
2028-06-25,142.3648961047502,142.4682145749423,142.25048239787145,142.4186516787042,4487
2028-06-26,143.19103777323878,142.72825819884886,142.47012535755312,142.70858032135177,6758
2028-06-27,142.127843575731,142.48707828453308,141.93569860701908,142.35513403735808,2824
2028-06-28,142.54863782714023,143.51021924115705,142.19955523050294,142.78291186686846,1755
2028-06-29,143.3365132800051,143.66307050337653,142.98922796035336,143.60765231403042,9767
2028-06-30,144.071303657013,144.85618954973188,143.36791818203946,144.14295759402,8110
2028-07-01,143.7789075775262,143.95732339471476,143.32162649008615,143.7781563591163,3224
2028-07-02,143.56117424488102,145.02318958001212,143.50206510495133,143.95886501775286,7419
2028-07-03,143.3413214262478,144.23808766301883,143.10694658898478,143.31229424587355,1533
2028-07-04,143.76809565764714,144.00776375968135,143.0048791965899,143.59848940146136,2991
2028-07-05,143.38414364145473,144.09721033549005,143.5774896723415,143.82379110789265,1863
2028-07-06,142.73253151021228,143.38281197494268,142.33761945989855,142.88888293812656,5507
2028-07-07,142.47823673474107,142.94341382670814,141.9391876339319,142.30799101617038,4026
2028-07-08,141.83959578803572,142.3302346764627,141.1763233969537,142.1664215677985,6961
2028-07-09,141.92119813765405,142.45203679199497,141.93059962042798,142.0159916942281,2208
2028-07-10,141.73770829719882,141.4943742626791,141.1058342253796,141.41125322651868,2610
2028-07-11,142.14429742013257,142.94555693814476,141.58012083536826,141.60574259119477,5327
2028-07-12,141.86345395903976,142.03373632594491,141.6561852259607,141.73147939566502,2097
2028-07-13,141.58356884392748,142.50659260435572,141.5660662750742,141.63434482967577,1252
2028-07-14,141.10602967340589,141.28713209964656,141.24454722554873,141.2564490795966,1433
2028-07-15,142.05402887243633,142.60805784026124,141.31491928838176,141.78080264280487,2956
2028-07-16,142.94852811908373,142.8499305722231,142.4673973218637,142.60850619934902,3788
2028-07-17,142.01979471829046,142.52410673815334,141.66239382354647,142.36672545742576,1083
2028-07-18,142.33377004363152,142.58630290596793,141.70222869489427,142.06064199884833,9903
2028-07-19,142.1241319410365,142.76735547012171,142.24680644998443,142.30624583155435,6776
2028-07-20,141.86936440949518,142.13957996322335,140.99745448535305,142.12723114168085,4045
2028-07-21,142.0114392802841,142.23240644897322,141.67303677317676,142.05753254134922,9408
2028-07-22,142.72484308998025,143.66269075865125,141.4007818622878,142.42735911721155,8628
2028-07-23,141.5655026709098,141.9992417997198,141.13788722800882,141.47268107345792,6356
2028-07-24,142.2165317353215,142.37908122279174,141.48542759092015,142.13183223588425,5015
2028-07-25,142.27390499424882,142.83404624024803,141.9657131526972,142.16817249804893,3558
2028-07-26,142.10272333137493,142.4329592014938,141.70286060229313,141.96242592576783,3276
2028-07-27,141.88356348339917,141.92961783836634,140.81873908891737,141.9178088486571,5393
2028-07-28,142.08859015578494,142.50710641455848,141.84079753731368,141.89902352616735,3665
2028-07-29,140.8355182156524,141.2523990059348,140.04210971034516,141.0334228744449,1504
2028-07-30,141.97619428345516,141.78164923964553,141.3040444218536,141.7808919881715,5746
2028-07-31,142.058650408657,141.8779197767969,141.6855956018773,141.80155480430682,4835
2028-08-01,142.2327968479006,142.26441224980857,141.9881025423011,142.0230558695305,7583
2028-08-02,142.72413940432577,142.7055963842222,142.2198992398737,142.49883075481753,1940
2028-08-03,142.12770921810642,142.41453582041063,140.8755605475845,141.98824952603738,5257
2028-08-04,142.57701835015777,142.52994003688232,142.2217170516874,142.224985475555,7137
2028-08-05,141.40968079491202,142.1634088508278,141.88631798512927,142.0911649301056,5702
2028-08-06,142.7706741049834,142.53133414174835,141.90363286471108,142.51455031771386,5953
2028-08-07,142.04357386568546,141.9956265256154,141.08737972586871,141.4509366075381,2912
2028-08-08,141.21482081492982,141.45832776128535,140.5878884960267,141.40138945741748,8239
2028-08-09,140.87986017201675,141.1074960922964,140.46866620335098,141.0999791295255,7725
2028-08-10,141.70200630873472,141.61593536056805,141.09134806076247,141.31611060484258,1401
2028-08-11,141.2731108966829,141.7665026655176,140.7775118998001,141.5511326985267,4444
2028-08-12,140.997302457343,141.3722337074557,141.16944319936928,141.19731975111566,4347
2028-08-13,140.892217374937,141.29162038492294,140.32381976209973,140.84123281902765,2349
2028-08-14,140.54621477170306,141.0754645532524,140.1788781984623,140.78590013474897,4087
2028-08-15,140.60008637168943,140.56648750588644,139.64879035316864,140.33757902109136,7050
2028-08-16,140.5213302321403,141.15463956839017,140.00225648175368,140.75857086881743,3230
2028-08-17,140.68215727290573,140.70007377027514,140.17835368027022,140.57396726859372,5963
2028-08-18,139.20581789783185,139.57358222202924,138.64903774123806,139.1204731589329,2791
2028-08-19,139.43222855234453,139.58633916448923,138.24459526482764,138.93306213062198,8360
2028-08-20,138.7633807800887,139.2630155044001,138.16828215192538,138.41379022019999,8181
2028-08-21,137.43929405003342,137.9902946891014,137.01674381113904,137.59815231246952,5119
2028-08-22,136.60009127141655,137.61204501135734,136.7568335539012,136.97943899335823,7949
2028-08-23,137.28553388186796,137.9770374875175,136.70355273397837,137.03414322927472,5350
2028-08-24,137.50244639297284,138.47076350685165,137.36469559600178,137.69846364339884,5044
2028-08-25,137.7543528589602,138.4311812062677,137.71938629771833,137.85505588033132,8474
2028-08-26,137.23385587920436,137.59262136622908,137.424537035705,137.55180418622345,2341
2028-08-27,137.98345986304486,137.96305756872817,137.45463974069418,137.7797562838088,3814
2028-08-28,137.35626319376803,137.64290945693318,136.71281028973144,137.5502111286993,8945
2028-08-29,137.19239843762688,137.51886111369663,136.63080836478875,137.20291094411772,9613
2028-08-30,136.61987869023352,137.0779298611667,136.08425119548093,136.62572961000126,9322
2028-08-31,135.80488339259955,136.15770906920966,135.35275723933862,135.74981520662539,6544
2028-09-01,135.75334490386155,135.87965578590212,135.29498670034818,135.55485335334566,8312
2028-09-02,135.56103398673747,136.4875515751305,135.01169885623082,135.63388009830572,5314
2028-09-03,135.3631399887323,135.87768280989434,135.26891764517046,135.58556826329828,9388
2028-09-04,134.81972140919797,136.89792827640434,135.32045218429295,135.3775847993246,7738
2028-09-05,134.93550065778652,135.38871825127086,134.27302972650077,134.90471176897623,6980
2028-09-06,135.1617351526333,135.78273626069858,134.80512527362748,135.2088348648187,7926
2028-09-07,134.3371270558091,134.84324428920232,134.2750786697689,134.5502689048454,5713
2028-09-08,134.95704860041292,135.19280543416573,134.0961704630021,134.93828286176716,2635
2028-09-09,134.69396915408825,134.76435219760188,134.39267408399954,134.43717435230377,2394
2028-09-10,134.39452315911143,134.62543510121876,133.78201060367545,134.06095673362728,3436
2028-09-11,132.8670229127921,133.42769105172582,133.20138117622787,133.32756413831942,2835
2028-09-12,132.968604674572,134.071305384254,132.86908892915528,133.0768630648766,9238
2028-09-13,133.85282685783514,133.85918757640817,133.42654640606895,133.5645192941156,6277
2028-09-14,134.30114564869447,133.93944354513735,133.59281638588422,133.82233333833756,8947
2028-09-15,134.06636529840407,134.4341828604604,134.0954753375672,134.31154439435159,7565
2028-09-16,134.98611254608832,135.13359972729327,134.51181989753155,134.57261566731856,2051
2028-09-17,133.615751868383,134.16371688054292,133.2610748076162,134.02078075305337,6296
2028-09-18,134.19987150982558,133.93614289050882,133.43918540250957,133.8553861408896,9878
2028-09-19,133.38075967666927,133.68134709789558,133.13726479272938,133.46528657633087,7862
2028-09-20,134.59942100804352,135.35103601107866,133.51547797000217,134.1305740283504,3909
2028-09-21,133.39297034026063,133.951491541937,132.90931716633574,133.53217970513722,1757
2028-09-22,133.8860613318037,134.568740783902,133.49182887218112,133.97902854983178,8435
2028-09-23,134.385487696125,134.85373539146056,134.29139051721629,134.42550548488617,9245
2028-09-24,134.87920053932734,135.34724665299635,133.84094853299297,135.3403155857442,7528
2028-09-25,134.60673048820186,135.56807681635559,134.51392050050532,135.13547228942946,7666
2028-09-26,135.64467962713175,135.8757610294154,135.01699361586665,135.49163336921953,7366
2028-09-27,136.92899799169496,136.89144293709722,136.25937226063894,136.63245928748896,4638
2028-09-28,136.50591169987442,137.21650908999524,136.29070691586222,136.3236384490221,9099
2028-09-29,135.17992564100237,136.05785103815558,135.16776227982623,135.55611832525594,3333
2028-09-30,134.76016993182364,135.35735156598386,134.08115873671892,134.61611330830203,2603
2028-10-01,134.6754081306216,135.64540682432155,134.4750226552885,134.9724693227327,7967
2028-10-02,134.1531900311705,134.34012541489753,133.73192148639134,134.03089421870342,9635
2028-10-03,134.18412443579518,134.23772174166717,133.79379651471592,133.84473469223445,7910
2028-10-04,134.17363134175443,134.3578072615249,133.60287832164067,134.06339128575394,5364
2028-10-05,134.59653922484148,134.239462865836,133.78190008551962,134.1559790541689,1907
2028-10-06,134.32370524485518,135.09904165232555,134.30523688622526,134.368701486261,4451
2028-10-07,134.4148516177701,134.78522774202727,134.28575526779935,134.47984641416141,3140
2028-10-08,135.13948471015235,135.17261414850165,133.8250997390424,135.11927932081812,1594
2028-10-09,134.2403288053091,135.01665054436077,134.63466123086533,134.64312113044872,8947
2028-10-10,134.18373823853432,134.9652281771475,133.93156305492693,134.30462356121944,2539
2028-10-11,133.823753887662,135.46658828665528,133.21711251185891,133.91829383858402,9345
2028-10-12,134.24818976152926,134.34767262590412,132.86201342151261,134.33338974451533,8871
2028-10-13,134.8640763888619,134.85458376400067,134.60394952123602,134.78358903871288,8039
2028-10-14,134.56510296242513,135.6376407142096,134.14808741801554,135.00920169837212,8033
2028-10-15,135.25726433665895,136.0584261983222,135.5425100468578,135.6009485318171,1417
2028-10-16,135.35154897712044,135.0309671078271,134.9092134333823,135.0119280981289,5348
2028-10-17,135.24336568668534,135.91060487295348,134.85986482940382,135.84554015390447,7911
2028-10-18,136.79207078542245,137.3592337302346,135.77386479307282,136.6071594647606,5407
2028-10-19,136.86290255914417,137.25320335230845,136.54228297808518,136.97497046338347,7942
2028-10-20,137.91390666226803,138.12447502584848,137.57252287716267,137.865869917769,4863
2028-10-21,137.5049879495303,137.25950473345154,136.6986750308397,137.0375583139301,5530
2028-10-22,136.73597941003916,137.38591712080083,136.64283106626462,136.77533424579877,5032
2028-10-23,136.59529891710955,136.4679330445695,136.28702091380813,136.40768251545782,4425
2028-10-24,136.7859922676411,137.46206543405194,135.98930725305257,136.7684221773365,2005
2028-10-25,136.21053895660944,136.77171702292327,135.7124541383086,136.24335180753542,5360
2028-10-26,136.55214679285206,137.34014405529518,136.56819521804854,136.62209938220417,7250
2028-10-27,137.5176849587544,137.75648974063063,137.2569467804302,137.3073674542025,3979
2028-10-28,137.43548834440813,137.73678573967328,137.3548906567401,137.65496890424453,1439
2028-10-29,137.45723745950988,138.31903744201355,137.40003616624858,137.79684441607526,2837
2028-10-30,137.32525023765425,139.01736298462902,137.14427845498543,137.3029077456249,4209
2028-10-31,136.93731746363878,136.93705841978246,136.0049008616332,136.87948226256222,1894
2028-11-01,136.95704426559087,138.1601600613331,137.10954233538553,137.50429171521054,1650
2028-11-02,137.89081998858,138.18710874193928,137.36691349866535,137.8939662171632,8795
2028-11-03,137.5063933811101,138.18719445762648,136.84511611437182,137.87445645747445,8661
2028-11-04,137.85355461682585,138.46790384004055,136.75455402662848,137.6655016845915,5985
2028-11-05,136.1114922912668,136.73729928549184,136.22355422336304,136.65259774803582,3562
2028-11-06,136.6946942876525,136.30733986385152,135.75609195793274,136.11717153869358,7075
2028-11-07,136.9714215572727,137.84044195216978,136.50561191675942,137.07288108226345,5215
2028-11-08,136.17316471221602,137.08775072478937,135.5054378465039,136.43265329676223,4783
2028-11-09,136.4425014692623,136.95968560324866,135.76089241807105,136.52739320737277,1054
2028-11-10,137.19799645156053,138.1124546992276,136.55303116384502,137.03111519397035,2517
2028-11-11,136.67079488673969,136.86418042399316,135.96231444888892,136.4036538599692,9547
2028-11-12,136.41371570435228,136.84876579038988,136.02860826601193,136.49600909735975,6587
2028-11-13,136.53335974167143,137.09293905465424,136.1454008021503,136.96496686611508,5869
2028-11-14,136.60752738698207,137.83632759014145,136.43109024627967,136.97121652706872,6007
2028-11-15,138.49133436452433,138.79380500949563,137.698045385918,138.4054180549021,6841
2028-11-16,137.86731656431613,138.15452981023003,137.21660136969865,137.571118425463,3265
2028-11-17,138.43572526588017,139.10798691015847,137.93242123893214,138.10048269040493,9915
2028-11-18,138.06450959432996,138.01553939741413,137.37835497199282,138.01408182170672,7124
2028-11-19,138.6902317689795,138.79895295984645,138.33907669233406,138.40004189912506,4389
2028-11-20,139.19440024025226,139.93334826510912,138.56513911793832,138.62069547497467,5359
2028-11-21,138.61122169024057,138.33850334613865,138.09653822326206,138.25411737641969,8185
2028-11-22,138.64522694307064,139.0154921505823,138.17613008198947,138.36861557264933,2837
2028-11-23,137.1976976920225,138.2242143592968,136.93614941452392,137.4396648469502,9623
2028-11-24,138.0300744833643,138.00633339023832,137.29942694814247,137.7412885972359,2819
2028-11-25,138.02873757359777,137.9388167682483,137.67143175775647,137.89036783023116,3377
2028-11-26,138.40489160306285,138.66377488885655,137.53868024906487,138.20969791455272,5371
2028-11-27,139.11708896077965,138.94985741949867,138.72735023007235,138.7387570770963,2445
2028-11-28,139.0301343517116,139.03154245032292,138.67073161047009,138.92256699720116,8080
2028-11-29,138.96584780790184,139.11356569982271,138.6175717019516,138.99661170710027,5822
2028-11-30,138.23511779647137,139.4836368252873,138.1408249444529,138.55607753876964,2903
2028-12-01,138.11101226165152,138.3890802996609,137.7232047940268,138.19996715694512,2915
2028-12-02,138.8571901471826,139.03308974850444,138.40482935193134,138.7933344670338,6267
2028-12-03,139.5947879719415,139.7813295570593,139.16646487291501,139.51150216988677,4121
2028-12-04,139.46560984133183,139.6987601403993,138.42813005128374,139.39244695173073,9776
2028-12-05,139.7033012832857,139.4568918172948,139.16135185577141,139.41544832535737,4965
2028-12-06,139.2227505479256,139.1235143235999,138.73148327766796,138.96314113786048,3152
2028-12-07,139.53089308805724,139.63292759025336,139.36640168390235,139.54951956049422,1291
2028-12-08,139.62804934010333,140.46062994679684,139.22183127053034,139.8822279723401,7375
2028-12-09,140.96784407160524,141.41595578479016,139.88374145518344,140.85283669057196,6220
2028-12-10,141.08757641626673,140.5338743898263,140.1740813865886,140.4136751519821,7402
2028-12-11,140.3210440350567,140.60859304980704,139.8630911461455,140.224671202473,6602
2028-12-12,140.2516169780238,140.4376864952556,139.45763351927786,140.34039416373577,8779
2028-12-13,140.82438977833883,140.68057420731628,140.27381700641791,140.66363893259867,4228
2028-12-14,140.73452599145324,140.79256680460193,140.37769888876105,140.55580511382485,8047
2028-12-15,140.29471974871973,140.2101471380511,139.45793308123487,140.119324568598,5008
2028-12-16,140.9718923915735,141.23069336783462,140.0831465001239,140.5600283330598,8587
2028-12-17,141.0364239014186,140.96680658800219,140.2881489101059,140.92059601433257,8581
2028-12-18,140.8600826346738,140.53010021832688,139.8215668664934,140.4624589640507,5656
2028-12-19,141.2092505987247,141.86378925423244,141.10990645442135,141.14018036460345,2002
2028-12-20,142.17902919945442,141.8799016730181,141.53189832483594,141.72527971920175,5552
2028-12-21,142.15444852654755,141.91308541969804,141.62539328674495,141.79242796782566,2539
2028-12-22,142.10876672247954,142.24679864173538,140.9942389634797,141.83222689901368,9275
2028-12-23,142.34601150530048,142.1200884904234,142.04450392775794,142.10925578457162,2936
2028-12-24,142.36885955256463,141.89299539455732,140.5559596024643,141.6784042494435,4285
2028-12-25,142.01640526562545,141.7334179166473,141.57244088325163,141.69341998902553,4462
2028-12-26,140.3624331153336,140.6779797216304,140.02053099852202,140.61722821672095,3406
2028-12-27,141.1292262049129,141.53333321838372,141.012486303224,141.0554560394724,6492
2028-12-28,140.1952943977833,140.47406031949308,139.5100441014056,140.27470942825147,2597
2028-12-29,141.64576223750538,141.06510648384642,140.79994854589708,141.026419342466,9249
2028-12-30,141.2367905633614,141.45350901106113,139.94222442828408,140.86135929548277,7827
2028-12-31,141.3651111119035,140.88388539091503,140.700734679298,140.75552580451716,6945
2029-01-01,140.21366049300448,140.77262644143363,140.29315820434257,140.44165885147493,3921
2029-01-02,140.62814181807886,140.49714179413579,139.75746151387705,140.29763941451387,7983
2029-01-03,140.59754639217707,141.86067953174876,140.0970868012821,141.0069050870879,7229
2029-01-04,139.28536105857899,140.22135399511487,139.309137998966,139.76300075882037,8022
2029-01-05,140.28239661212223,140.67524671708227,140.18124355317084,140.40148345186446,7810
2029-01-06,141.024207733664,140.93329028015646,140.23240105662614,140.5704951924153,8546
2029-01-07,139.66919985620052,140.686961389201,139.8829809652619,139.9669843684867,7466
2029-01-08,139.4242846179151,139.9671415689709,138.69788925355837,139.42932817196208,5106
2029-01-09,140.62417754602794,140.550904876125,140.24677664245473,140.26752468556617,4939
2029-01-10,140.04869519394262,140.32909235538986,139.61212608186537,139.79477124559483,8745
2029-01-11,139.8829519639107,139.75892153842887,138.61626717734086,139.21809599029683,9454
2029-01-12,139.7877648591422,140.53788588764937,139.12344244172925,139.78675326147922,8191
2029-01-13,139.82354083623298,140.0345790249441,139.45332419188097,139.95602969962218,6003
2029-01-14,139.15872258703027,139.52140726617924,138.80118620371002,139.48706691135396,9645
2029-01-15,139.48497941702104,139.86733442581289,138.91246325466133,139.59537939905627,4671
2029-01-16,138.75142336948036,139.49542939215,138.9283458726312,139.08250305723612,7423
2029-01-17,139.09398017247455,140.56434554967305,139.24366797388825,139.63291375644744,9171
2029-01-18,140.75261701328665,140.43098536691292,139.62396039251075,140.16359923888402,1198
2029-01-19,140.4442743780776,140.6720801107338,140.40407513191496,140.42960233829498,6897
2029-01-20,141.38787293028724,141.42858376146825,139.66084020850008,140.6104328689185,4814
2029-01-21,141.2392404003504,142.23839243498682,141.06458290940878,141.49102693135217,6975
2029-01-22,141.36222751243508,142.17047072937794,140.62504133305995,141.4908700950463,8450
2029-01-23,140.66732232880875,141.19410306098973,140.75971389175282,140.8999330323359,1285
2029-01-24,140.9324431692542,141.5786598676546,140.7300587392218,141.12466998875203,2151
2029-01-25,142.42977463678343,142.49071618523496,141.7041220207528,142.1676935135206,1257
2029-01-26,141.830210956807,142.21440111517006,140.99526357552776,141.6603137669277,1775
2029-01-27,141.74220521120603,141.820826988211,141.3651186822293,141.4795823835807,9702
2029-01-28,142.09048688027698,141.83269764196052,140.95596179754764,141.6878054026314,1700
2029-01-29,141.99305949137877,142.82737075918428,141.50750662832183,141.66085297812853,5236
2029-01-30,140.8671542646073,141.37167139597403,140.9993896623258,141.1697011879399,1977
2029-01-31,141.5734845469544,141.8012510265894,141.48339687187894,141.73063011605512,7036
2029-02-01,142.92709532008521,143.31890145562343,142.19873607510144,142.89065047706373,5835
2029-02-02,144.10706621000466,143.3608378900535,142.33963463085374,142.9887162065757,7250
2029-02-03,142.7684021043471,142.94956660944177,142.44516481921085,142.5366820617077,6761
2029-02-04,141.794208441703,142.44775120613693,141.38044046522853,141.76220179918096,4966
2029-02-05,142.09317220631527,141.9001747472998,141.41125205914912,141.89118978979155,2875
2029-02-06,142.2621942451264,142.72575202343705,141.8644059852667,142.44312846144967,1212
2029-02-07,142.75943998799806,143.4378361346878,142.23958357989335,142.68071233469738,6772
2029-02-08,142.96590906968095,143.85874248534168,141.96697702666577,142.67951041423794,5483
2029-02-09,142.37617588298087,143.02431147069348,141.69980571696334,142.38487458834328,8281
2029-02-10,141.61182679577007,141.8664912278759,140.85679315399003,141.83879277198423,8705
2029-02-11,142.2328062193428,142.47369262096692,141.70024175074838,142.2561684351467,1797
2029-02-12,142.61718126326062,143.12725585671362,141.6762221581226,142.7130542458395,1037
2029-02-13,141.53305112659285,142.31775155171837,141.75508233719017,141.94018935249412,8258
2029-02-14,142.56364319352667,142.97953178649095,142.68389450954547,142.73510884158446,8376
2029-02-15,142.60430061613232,144.21444335219718,142.7584670786553,143.02214445203145,5156
2029-02-16,143.35090330745552,144.2235984310118,143.7158439913074,143.72194177460435,5353
2029-02-17,142.70859455400185,143.68363936107107,142.67780989001383,143.0508779003618,1134
2029-02-18,142.65400121212184,142.46396645778478,141.91992347371405,142.36796582265407,3383
2029-02-19,142.7402306867783,142.59358328006326,142.18655005135597,142.29348116777044,4072
2029-02-20,142.08404947810655,142.93527585700753,142.0114434603869,142.54487338121803,3773
2029-02-21,143.91710889256385,143.68719065502984,142.89562204649806,143.4430537926815,9277
2029-02-22,143.4581149977009,144.82248446617433,143.59930724401175,143.79609324958906,7810
2029-02-23,143.8988166393748,144.03721228262887,143.62717293544026,143.67475261118307,7715
2029-02-24,143.23913557857998,143.44174458538,142.69296487205926,143.1615680073501,6667
2029-02-25,143.96732375712355,143.8642473809071,143.56411258866825,143.7765682937097,9992
2029-02-26,142.94449266499103,143.360090635708,143.00358760584658,143.29421558083433,8568
2029-02-27,143.56474267341886,144.2896752925333,143.89667316020277,144.1084498582205,6956
2029-02-28,143.72538501037747,143.97372021963872,143.56024509614033,143.96625753341723,5002
2029-03-01,144.88960916471436,145.05227011289753,144.4324847069478,144.76154856972616,6586
2029-03-02,145.68808546740155,146.08269353638855,144.79178701956607,145.1010142147558,8018
2029-03-03,144.72359939072877,145.32017077423546,144.9276654168868,145.03251647003458,3222
2029-03-04,144.743167038127,145.25904360296502,143.88660001247356,144.7728182841215,6720
2029-03-05,144.37764058589556,144.83539771958775,143.91396993296988,144.60236434544845,2082
2029-03-06,144.81135483680316,145.2711663899829,144.16876890057733,144.81652269163607,6692
2029-03-07,144.27586533143605,145.3243864732749,144.4862075616,144.85510093974494,9597
2029-03-08,145.00760823632754,144.93667160377447,143.7747058120256,144.55819523571057,3534
2029-03-09,144.48259035403768,144.54214239827803,142.90703650639065,144.47537953055178,9474
2029-03-10,144.78981774460718,144.7756458281493,143.79894153501743,144.51466804541136,9928
2029-03-11,143.3806403911932,143.8238523750375,142.98746752425,143.45030099820394,5551
2029-03-12,143.73657347843638,144.43313451389918,143.02313687978577,143.6793850555983,1221
2029-03-13,143.5281861910339,143.68545129349383,142.59641331248437,143.1895244432399,3927
2029-03-14,142.6523732885653,142.700213760602,142.43276314945442,142.612858241637,8769
2029-03-15,141.81949796531632,142.3923562148921,140.9201479941219,141.76918606808167,2955
2029-03-16,140.63405750636008,141.28548550700285,140.56452019350212,140.87223981914772,9044
2029-03-17,140.03418899908783,140.62800279580784,139.12705512221106,140.19451606759156,1715
2029-03-18,139.53616089742405,139.8615178312839,139.26388889599403,139.84000558877634,2064
2029-03-19,140.59522988099573,141.35036908307495,140.6557850015728,140.81663515753962,8596
2029-03-20,140.92906405273126,140.7276900943898,140.49039684685692,140.553695319592,5875
2029-03-21,141.18515316572817,141.76883713011784,140.26838422451578,140.64257037272603,9899
2029-03-22,140.46862860059036,140.93740123355866,139.8935478608679,140.8428110659792,7393
2029-03-23,141.02689519459815,140.9864406091357,140.29099601948997,140.9083436590871,3754
2029-03-24,140.77431451166402,140.9820820441919,140.2017712312468,140.86962192872414,6727
2029-03-25,140.69106561693926,140.58570563016238,140.0962311643227,140.27197504692452,6849
2029-03-26,141.0378968865175,141.10615836142705,140.66647403869712,140.99743882106412,3051
2029-03-27,141.8987944314608,141.93410770045756,141.70559143277788,141.90103714288307,9640
2029-03-28,140.8362770021738,141.07212295288502,140.9154628736886,141.0597077958217,9702
2029-03-29,140.0881594886508,140.75401418110002,140.1681239009185,140.54769350037853,8684
2029-03-30,140.63606987401488,140.62270474076396,140.1302458669031,140.40778832919003,8041
2029-03-31,140.03141300416036,140.16881226658526,139.25503462503025,139.92551943173493,9237
2029-04-01,140.291735450619,140.86856385325558,139.9190618706102,140.17850220846287,7269
2029-04-02,139.63456797646197,140.09404381211726,139.80032379874027,139.81436610725956,8993
2029-04-03,140.85316360750986,141.31036717163428,140.51618465722416,140.89689414116287,2894
2029-04-04,141.72948973416874,142.10522073100168,141.2529157481727,141.49216843833466,2166
2029-04-05,141.89308924257008,141.86142754396315,141.19342975528824,141.59845545365076,2449
2029-04-06,141.7584071005351,142.57614292487872,141.36103532585358,142.11194858531064,3397
2029-04-07,142.47489437633888,143.4545713785244,142.11199514578288,142.6648987974893,4506
2029-04-08,141.9659600268385,142.48500198945817,142.2423531904529,142.38292505346016,9469
2029-04-09,142.03519575496722,142.06617566209636,141.56551347898525,141.9748164311892,8261
2029-04-10,142.27918945630498,142.8527300081239,141.46452587428328,142.013887962674,4956
2029-04-11,142.36109136980818,142.90852879082465,142.1075221320988,142.444706024923,7473
2029-04-12,142.31537923494977,142.82945881964628,142.50691554734803,142.5142362242497,2473
2029-04-13,141.62514742701262,141.9121350624188,140.9313553715393,141.7257379831542,1477
2029-04-14,142.01621975567173,141.4081664279034,140.69278793591582,141.32432576117878,8317
2029-04-15,141.64491775935863,141.5145050459577,140.99825751785065,141.28733932938158,8820
2029-04-16,141.46880567903756,141.758927761906,141.20339594815496,141.24950652721867,8910
2029-04-17,142.33179798428836,142.41578584823267,141.8598492436286,142.23577761561356,1509
2029-04-18,141.53896120502836,141.65685931905819,141.53972431234317,141.54278364441407,9948
2029-04-19,141.5235886161034,141.93680314735983,141.63582788212426,141.795578265332,6934
2029-04-20,142.22162769220373,142.9023274020572,142.29789269993125,142.54013481949613,5126
2029-04-21,143.5054864892536,143.96839127790585,142.9227761267653,143.67585969220755,2061
2029-04-22,143.18752701667495,144.0605819907989,142.82192476622478,143.47366098061556,5646
2029-04-23,143.5370318183697,144.24514948614575,143.550495547008,143.71937570697565,5771
2029-04-24,143.9736871977391,144.493133086096,143.6807844757809,144.004255885575,1355
2029-04-25,144.09440627478276,144.12778737995941,143.88699006133984,144.10199675135163,4008
2029-04-26,143.86645976811664,144.43851933832494,143.83690805755543,144.05257415073197,5362
2029-04-27,144.41912471187408,144.7130761616134,143.77710215386585,144.270561845482,1289
2029-04-28,142.94773689122763,143.0569767884763,142.55386263155512,143.00443880287216,8940
2029-04-29,143.40988313725694,144.09800647635532,143.08965201616869,143.34547354790348,1012
2029-04-30,143.18518538425437,143.91254361719126,143.3968602443624,143.40856249973444,7792
2029-05-01,143.50518681769833,144.32437284280715,143.18751413097954,143.29732505134533,1388
2029-05-02,144.1603023191296,144.5504936786896,143.9917627343176,144.3207561492051,2957
2029-05-03,144.4658554108314,144.35657081594476,143.61742990187875,143.9832891398098,4677
2029-05-04,143.71425373904998,143.99085868441043,143.51693608892649,143.78175114527733,4419
2029-05-05,144.7491225779313,145.06119303487299,144.35150122755843,144.77752779637967,7341
2029-05-06,144.5395736898574,144.85870435399988,143.73053765553593,144.36149714395475,4240
2029-05-07,144.32999456052298,144.15001751721485,144.06971244238574,144.08643950248648,4755
2029-05-08,144.28880489482844,144.5011756421575,143.30134665219677,144.01292679077105,3204
2029-05-09,144.96597044174,145.4525172942769,144.3835798027213,144.43329403183583,2347
2029-05-10,144.73576094253372,145.06534935075038,143.92877688980028,144.5371952855125,9142
2029-05-11,143.87078666528294,143.97281831280458,143.7141527267932,143.89088261193635,7413
2029-05-12,143.46590455575222,143.78961509677666,143.35669619010267,143.62479833037276,9253
2029-05-13,143.28097262880675,143.77701225760097,142.32219872695308,143.32112111376665,1497
2029-05-14,143.7277155382838,143.4122205867867,142.52765968156132,143.28251059115513,8824
2029-05-15,143.07934252956335,143.80735254481368,143.11313348519235,143.49543242047005,9929
2029-05-16,143.45883286347632,143.84301484552762,143.63502870788454,143.70453529841404,7260
2029-05-17,142.75083339832975,143.32891632172232,142.65219030021578,142.81652942138982,1914
2029-05-18,143.09880527430624,143.80296866361456,143.24666970380719,143.34849991517027,5963
2029-05-19,143.35215274271593,143.9733145018502,142.5674476143122,143.47478433816858,4649
2029-05-20,144.70892072346948,144.69567609297556,144.1234354157558,144.16705036196552,3374
2029-05-21,144.29972161372189,144.5947362233875,144.27053208779535,144.38914952561086,6659
2029-05-22,145.06330557402762,144.9531841550652,144.59547985690554,144.93981100447874,7876
2029-05-23,144.6756246052051,145.5020329044912,144.57812380218,145.17308366020382,8444
2029-05-24,145.51546535750964,146.366517759705,145.37774694115313,145.84619653830518,6922
2029-05-25,146.38712693920067,146.28101677716833,145.83827946315824,146.10732185631406,3533
2029-05-26,146.55877276465608,146.26140678802983,145.27901433039565,146.05836423309262,7675
2029-05-27,147.26100477250262,147.82785100778855,146.95051273128684,147.19458159331606,2222
2029-05-28,147.5472952766391,148.22274551314788,147.22938955085337,147.639100154456,7854
2029-05-29,148.07482085422484,149.33605677607855,147.80077301631854,147.9259723649582,8263
2029-05-30,146.5085898018234,147.70484788261373,146.87475583977755,147.28782015668904,9062
2029-05-31,146.7124027510127,147.11082221679266,145.70008331712165,146.64366634795726,1088
2029-06-01,146.47619090899593,147.00622468266715,146.2015424864985,146.79002408902818,8685
2029-06-02,147.10101258257953,147.49923979653605,146.29382960051004,146.86278468791232,3994
2029-06-03,145.89803373295388,146.58727218188534,146.39054167416137,146.55572340540817,8066
2029-06-04,146.4377019624414,146.6574306068779,146.15853984557683,146.6262147552142,4581
2029-06-05,147.4082354678036,147.5902926129381,147.39991784755193,147.420528219236,9715
2029-06-06,147.53969210162435,149.36151691241668,146.70472718706463,147.76822945651114,7418
2029-06-07,147.08507988157834,147.86994215567626,147.1326817335039,147.19772520163477,9656
2029-06-08,147.41330109326626,147.49253638841975,146.82171367588532,147.1419707880633,9846
2029-06-09,146.73213874328184,147.19588979093763,146.52955023624114,146.73948754763703,9644
2029-06-10,146.26646334794336,146.61743250217248,146.38366619907362,146.54563758943274,1291
2029-06-11,146.62094977642025,146.7453918035411,145.7697812095627,146.3388297566179,8161
2029-06-12,146.17530122603725,146.51106238895733,145.87598056601345,146.1000069653159,4668
2029-06-13,145.5601855232047,145.54267276719662,144.23490695974454,145.4724392793292,2833
2029-06-14,145.1408586310017,145.97087277837707,145.35290987086898,145.40861193857012,4674
2029-06-15,144.36402611834785,145.16887041185572,145.07849814525625,145.12830812014647,2917
2029-06-16,143.3917444051384,144.08829251000347,143.3616407501188,143.66358377514533,4613
2029-06-17,144.3877092139855,144.76567789806492,144.64723561821904,144.69006978739614,2209
2029-06-18,145.0504655273503,145.66399327268712,145.118925053963,145.2344546145045,9442
2029-06-19,144.7937475522443,145.06004806872238,144.90569898706403,145.04630425204198,3668
2029-06-20,145.0895233296264,145.43094870787982,145.0221199391653,145.05571377691228,2463
2029-06-21,144.7341498445672,144.49641259921606,144.16497599488986,144.4698866032535,4284
2029-06-22,145.6405964703648,145.51319217574513,144.87691547811775,145.31774804215894,9535
2029-06-23,146.5175559470546,146.36803050007424,146.0788055271277,146.2663923895455,4925
2029-06-24,146.07545176092526,146.69333056406518,145.77397042355122,146.34473925366876,8146
2029-06-25,146.87417481375738,147.4100962107023,146.1781047330157,146.85650457576142,6781
2029-06-26,147.4136977196794,147.07447604258098,146.90566569700817,146.94414796522838,6613
2029-06-27,145.80036494589854,146.9345556552991,145.8049937625567,146.27578524579042,6216
2029-06-28,146.47434257463615,146.35670204294698,146.0292867561502,146.0698735613086,5962
2029-06-29,145.83700654377768,146.16471461802817,145.09000482705952,146.13583754469457,8801
2029-06-30,145.99669327159808,146.22843243867231,145.40907976766454,145.90856368532286,1085
2029-07-01,145.92307258169603,146.02548527465666,145.52386570083905,145.79923704660533,2040
2029-07-02,145.81051117882163,146.1303378224307,145.2721948093245,145.7535372678508,3291
2029-07-03,146.38163988717884,146.72506382440955,144.9428147132474,145.71309801891806,6917
2029-07-04,145.6489776940254,146.51595533099842,145.16279416339324,145.7392272641668,8385
2029-07-05,144.71707836849137,145.71133930571008,145.01290479661992,145.20892473096848,2932
2029-07-06,144.95735077666257,145.60305624448523,144.5860558399861,144.85041665640452,7149
2029-07-07,144.15711252813722,144.40889384141414,143.91456732501905,144.20812452355455,1380
2029-07-08,144.86347266086338,144.87305712641378,144.61697685307783,144.69703229839763,1778
2029-07-09,143.9088374000396,144.14230345027548,143.2660531821328,143.64420882747748,4306
2029-07-10,144.21089709762458,144.39582887770965,143.9675603242023,144.22100399913592,4455
2029-07-11,145.04507182696003,145.01469544962563,144.22820267242776,144.91417869776734,1123
2029-07-12,144.80635978394716,145.81825973032426,144.7284215502014,144.76308840427606,2083
2029-07-13,143.9990860935848,143.77392546263033,143.1142470843833,143.4615198603624,3057
2029-07-14,143.16969605351846,144.00091963941335,142.6831613299173,143.28086457937877,7739
2029-07-15,143.0426514393314,143.4249839559265,142.69121034098686,143.24877249873435,4218
2029-07-16,143.00769265970328,143.07398432954125,142.563059184569,142.7434733887699,5552
2029-07-17,142.20711024726296,142.8854874206244,142.0761907386745,142.48586419186577,5707
2029-07-18,143.3686091329722,143.53383104352443,142.3801314593113,143.25096179129744,2806
2029-07-19,143.53254862634756,143.60134701987735,143.32662475546098,143.58342537244832,6670
2029-07-20,143.09074710989668,143.2542909934796,142.7563201142285,143.12114331525927,8666
2029-07-21,143.0535351176646,142.62083724598435,142.03081836497964,142.32234373046157,4669
2029-07-22,142.52906109513333,142.57172863428391,142.14019446264686,142.15883507165665,5645
2029-07-23,142.3585805419773,142.43182776889276,140.87810611477929,142.05210668198146,3739
2029-07-24,142.4593774678062,142.41217598781975,142.06920726381156,142.3002062756631,3958
2029-07-25,141.82509368294723,142.07258941850384,141.97422259437147,142.03254791937928,8186
2029-07-26,142.36674221308155,142.42820850503236,141.7100888213115,142.28829770706022,8330
2029-07-27,143.4308720173389,143.38851889948222,142.88082789834615,143.25587472709032,1713
2029-07-28,143.72332086735426,144.37828847379947,142.91077040712278,143.66362523831245,8950
2029-07-29,143.66800608285027,144.2827070278745,143.5552405549418,143.63958098464707,3999
2029-07-30,143.4287709594836,143.60859682507075,143.3579170553177,143.54800574912042,9434
2029-07-31,143.45170677693488,143.47099581344156,143.32275270933772,143.3696691820305,9851
2029-08-01,143.8023182328205,144.17541264084144,143.94963529641385,143.95998963825656,1996
2029-08-02,143.85735986915108,143.76460401208834,143.11196943817774,143.6463329152809,1970
2029-08-03,143.0642129094336,144.05247561452575,143.59948570129345,143.6689442697809,8944
2029-08-04,144.1021662906564,143.9635350567969,143.52034030596923,143.69454322072144,2540
2029-08-05,143.05015135375533,143.80257423881383,142.90729675393197,143.4436511243157,1650
2029-08-06,142.43724184315275,143.4329153032374,142.56775566835833,142.75741835037363,7246
2029-08-07,143.04156185786897,143.36071787666796,142.77990704130985,142.91890560218246,6978
2029-08-08,143.05038616536118,142.96864672641905,142.0264611780434,142.88840361625478,4763
2029-08-09,143.76200724389437,143.69997442901146,143.00407001286555,143.13852385097306,3195
2029-08-10,142.96060905654622,143.70562266425574,142.5928303358104,142.87172369775348,5765
2029-08-11,143.46999791736215,143.60099603383358,143.39867368036536,143.48213434716,1768
2029-08-12,143.10113727011694,143.28030116323436,142.22817119904008,143.0437474565541,5514
2029-08-13,144.37691392694936,144.76813100744525,143.85633771065622,143.89976759856302,2945
2029-08-14,143.75326934084822,143.19518589630496,142.96774222970356,143.0259493436489,9159
2029-08-15,143.18789428625465,143.31777767790422,143.17339919654097,143.24333437592733,3824
2029-08-16,143.64388144204227,144.23860718531537,143.38279375419003,143.48104971719064,4184
2029-08-17,143.06095442787154,143.30990820428678,142.48350226389624,143.0832711832202,5628
2029-08-18,143.26718824977453,143.54456411250143,142.87254622980836,143.2954681521507,9419
2029-08-19,144.49894267419023,145.28038499067515,143.92118939647273,143.9352274870308,2626
2029-08-20,142.5490985501947,143.1114986633992,141.97615551412545,142.82681806735377,4037
2029-08-21,142.37790610843416,143.29578713719806,142.6416976504279,143.07819047109916,8319
2029-08-22,141.9267883686481,142.26894317306133,141.61246450133547,141.83155506093414,5273
2029-08-23,141.70902461780113,141.9876609196935,140.65854848230555,141.34872265917252,3013
2029-08-24,142.2292748294983,142.34969373885536,141.9557989407247,142.16330584162299,5563
2029-08-25,142.0230758902894,142.23487190180973,141.66574043565186,141.87241482492698,7299
2029-08-26,141.51119285706054,141.63895234768273,140.98687465740676,141.28547484272246,7403
2029-08-27,141.21977930025304,141.87668244593672,140.50693713657913,141.18650597823014,7539
2029-08-28,142.3873514343464,142.5330144204364,141.67318615975242,142.2204591473119,6698
2029-08-29,141.46650159330497,142.1953178820093,141.08504035673548,141.30461802370888,1270
2029-08-30,140.19138168871737,141.06226698430675,140.19014173295196,140.7789630678892,8204
2029-08-31,141.561838977598,141.846628067609,140.85827930368933,141.52767890947905,1392
2029-09-01,141.98469523136006,142.89156018970164,142.14262070827124,142.4565300812479,8391
2029-09-02,142.39336301757052,143.2596684834405,142.22150834695574,142.40481446910275,5989
2029-09-03,141.6367038331876,142.39023509784897,141.39959090039426,141.78528811783943,9785
2029-09-04,143.14341324505435,143.05304472988053,142.35903281543318,142.833209868744,3609
2029-09-05,143.70375489238162,144.0823767649366,143.225793104925,143.63043106461862,6197
2029-09-06,144.1118624123262,144.4128720212323,143.07999297083802,143.96990455849974,9499
2029-09-07,143.50626816864235,143.9518501794047,143.45652727989253,143.56370338403102,5677
2029-09-08,143.8548430923939,144.04196669920387,143.1731192626266,143.539188713612,1559
2029-09-09,142.97981107093275,143.6425198824054,142.62749298398367,143.45900867308958,7002
2029-09-10,143.35578358976096,145.16571541296898,143.4195299255726,143.62443432539737,5008
2029-09-11,144.7358271809457,144.55064987414679,144.26421217273466,144.34993504446305,2395
2029-09-12,144.6589490152921,145.11157957058592,144.46908735125953,144.78964356503175,5372
2029-09-13,143.6072059249881,144.80652813414162,143.50362041644226,144.25095552653937,5557
2029-09-14,145.37499613453332,145.13430005685186,144.25526786307643,144.93920375154914,7765
2029-09-15,145.41885064296363,145.6578177689065,144.78469934426963,145.0957698215557,4480
2029-09-16,145.65259354146838,145.98110099182145,145.08985127847302,145.43930271948517,7128
2029-09-17,146.20089495121,146.6917661677043,145.67298722770147,146.17257314912447,4601
2029-09-18,146.1150071298153,146.66971119654934,145.42823566064652,145.6167830243677,9233
2029-09-19,145.9764557637332,145.98094938498042,145.34173743880703,145.59887023501446,2039
2029-09-20,145.79749977997244,145.728317463681,145.10382676068397,145.33314295933485,1646
2029-09-21,144.7578633907863,144.6340120848496,143.58163711251947,144.54921324665213,8900
2029-09-22,144.75940699082992,144.98490262573728,143.84920355219654,144.7225682354546,1606
2029-09-23,145.85859704994235,146.35894269759754,145.94926456176066,145.9783465112468,6617
2029-09-24,144.67763048625417,145.81134909419498,144.94901753694998,145.05830763899394,9849
2029-09-25,145.1927810181091,145.2510448959296,144.76681689248556,145.0421673334692,7638
2029-09-26,145.53804600144528,146.24796720217518,145.01360737800007,145.3624388010066,9138
2029-09-27,145.31904350226247,145.7758060904922,145.42049796037847,145.42397790183466,1455
2029-09-28,145.5515181840118,145.6884364215236,145.25464996191593,145.3674138755768,6196
2029-09-29,144.61815234437415,144.97050238196414,144.52186743029762,144.7178056938539,5409
2029-09-30,145.09442737272803,144.8596559130917,144.18483924782927,144.83419906532396,1922
2029-10-01,144.19118488887318,144.541017573847,143.64676116791077,144.455817076816,5057
2029-10-02,143.04432276382414,144.30378853325885,143.21659798672894,143.36085622432674,6320
2029-10-03,143.88597871641798,144.14443347486903,143.75710428233532,143.9581523345836,1326
2029-10-04,144.68598086315532,144.77802104772223,144.3388268143662,144.43734524450463,1122
2029-10-05,144.11554009353245,144.79270557818742,144.4088648339854,144.46317573293015,6127
2029-10-06,144.89261918273576,144.87750239093987,144.31646190609158,144.577713077033,9193
2029-10-07,144.62209564307523,145.54512574664344,145.0086683714817,145.1148720833908,2169
2029-10-08,145.15301814910154,145.52938233684353,144.80027775772808,145.22704191177982,3678
2029-10-09,145.2551278510297,146.72258531201524,144.91707778457882,145.67905068916048,7625
2029-10-10,144.74733977946858,145.67737117891164,145.13043951464857,145.53030958872355,2065
2029-10-11,146.2962369994431,146.73022023186732,146.00081110327784,146.18630145801052,2381
2029-10-12,146.29335098838754,146.3862957853217,145.98479992641992,146.34669432097687,2674
2029-10-13,146.02459061293067,146.91927431615105,146.07342952267734,146.4437202927798,3618
2029-10-14,145.65370559102837,145.86096087119842,145.79636896510482,145.8086897484238,7835
2029-10-15,146.08471524365345,146.02451055594582,145.90105057063315,145.95216767557466,2737
2029-10-16,145.42574531673068,146.3722111033486,145.30646002163982,145.53619021682744,7364
2029-10-17,145.15744451889265,145.46565784378976,145.075310857786,145.21704885356317,3096
2029-10-18,144.6898240683082,145.7291799756863,144.4494542639085,144.80936103940513,1951
2029-10-19,144.10155293402653,144.90868799550685,144.07538075459243,144.2762435734555,9551
2029-10-20,145.16002809254107,145.36623327946015,144.31103290366863,145.33862927496398,8621
2029-10-21,145.81688959606944,146.4692227801545,145.56687816734157,146.00429880595817,1751
2029-10-22,146.7385396942084,148.44866677214824,146.76750094516302,146.96448255703032,1639
2029-10-23,146.0478466679453,147.02780820416942,146.3305605687422,146.35303504725255,2865
2029-10-24,146.27474822689263,146.7487739306607,146.0543470431417,146.38866192220797,8965
2029-10-25,145.54992975390752,146.0023965463518,145.3935116293579,145.74190810960593,9118
2029-10-26,145.07255108185268,145.69772219374286,145.29135432239806,145.3940606710074,8195
2029-10-27,145.16480157590618,145.14883556480407,144.91508689124154,144.9349971792991,3140
2029-10-28,145.9245799740949,145.90696934463034,145.33756408269568,145.5547891825199,3738
2029-10-29,145.356643511088,145.45910299357786,144.9741941669147,145.35667434346902,7682
2029-10-30,145.9108059066953,146.35115562323426,145.84244117984014,145.89086401031602,7782
2029-10-31,145.9851552653494,146.9510686803883,145.55063003940143,146.19292445511027,6427
2029-11-01,147.66485323819998,148.1298621582036,147.04781583610395,147.34474383116267,9609
2029-11-02,147.1264760541157,147.22116363434822,146.0515949073565,146.6050217195928,2951
2029-11-03,147.1855001907785,147.25409625349485,147.18538222894634,147.2346383394862,7019
2029-11-04,147.6514248161688,148.05259227235757,147.36152656521878,147.80785877468657,1559
2029-11-05,147.4236119354595,147.4046708165209,146.58634741234383,147.32116935567305,9975
2029-11-06,147.86341533712113,148.1914100274987,147.73622129595222,147.82473602390962,4771
2029-11-07,147.84276186278555,148.67618187376993,147.88914558832593,147.99280850542274,7958
2029-11-08,148.02042912535575,148.03564188701282,147.72814742836968,147.87907037544605,7647
2029-11-09,147.748549914177,147.91245067459118,147.06079975172224,147.46710263196005,9410
2029-11-10,146.871802385838,147.13536296811836,146.63106377656925,147.10754790623545,9079
2029-11-11,148.89506414804308,149.0408505724596,147.71087876783017,148.1324539541284,3176
2029-11-12,147.6729127164778,148.80663440636346,148.02848172336434,148.13279536360716,5650
2029-11-13,148.2683531464706,148.97824210343504,147.60055882833234,148.52386036437287,1943
2029-11-14,148.1986010826298,148.5262541836003,147.64238466707715,148.1284106735391,2743
2029-11-15,148.41254613594123,148.08820924573155,147.3728777056601,147.73848420042827,4982
2029-11-16,148.11069939754907,148.85885402230818,147.85930551493985,148.27947660505325,4809
2029-11-17,147.2849646054988,147.83300289213844,147.45215072972636,147.60468849927747,2680
2029-11-18,147.56185405885347,148.07462464821236,146.78865176076036,147.39708161532485,1091
2029-11-19,147.33951699854552,147.44859707122947,147.17092838223945,147.41409532086095,5019
2029-11-20,147.6693583302673,147.87857241516983,146.94356864165965,147.46978162178098,6769
2029-11-21,147.3590008143028,147.90774535696153,146.98235744074222,147.38023497927293,5609
2029-11-22,147.3209949071819,147.93828415811484,147.20581241861342,147.57814486982087,9631
2029-11-23,148.62923553885403,149.1672297099966,147.50444686542045,147.92457274772977,9630
2029-11-24,147.40557434073523,148.35995383749736,148.0055873826569,148.29189152045944,7774
2029-11-25,148.34506124123047,147.97994353430605,147.37064368096293,147.79898961612554,6316
2029-11-26,147.93689063843132,148.26809347066325,146.75888996302803,147.65691206716113,6474
2029-11-27,148.03061671064143,149.1761699774959,147.58919874032284,148.2542934980996,8381
2029-11-28,149.26334312333665,149.11114341344594,148.06986057046996,148.70161709188653,8375
2029-11-29,147.60376160637273,148.73428515875037,147.77633550815878,148.015187366146,9820
2029-11-30,148.49336060492436,148.35806504936036,148.016986050721,148.1909273163221,4016
2029-12-01,146.57702115772057,147.5011122373569,146.37474167634804,147.2018146916347,8075
2029-12-02,146.8815186847738,147.59456516226592,146.96326463399248,147.2252821426649,4080
2029-12-03,147.8296571033435,148.469840340937,147.17150945262983,148.17416565103787,5237
2029-12-04,147.47502229427474,148.39420208439006,147.54325175624828,147.70021929240337,6961
2029-12-05,147.2865321042712,147.5994615692687,147.15442974614294,147.2830577696576,4752
2029-12-06,147.41727975121157,148.3681888400753,147.56956884329628,147.66507266044403,4483
2029-12-07,146.28274861732987,147.11482298090687,146.52621682752275,146.8936719028392,9896
2029-12-08,146.71632961850688,147.47181696501983,146.30253105068184,146.57729438789667,1923
2029-12-09,146.8902002335658,147.24951969998781,146.67997420197918,146.87551495668754,8859
2029-12-10,146.68105023511228,147.4508412992789,146.45339564102227,146.55837203284284,2555
2029-12-11,146.49196241201713,147.02202810563446,146.10446188564976,146.44038703923735,6060
2029-12-12,147.0987504789904,146.82484760479608,146.76467782111212,146.81247989439487,4627
2029-12-13,147.00060823021482,148.13742415613802,146.75886435670876,147.02325293616315,5081
2029-12-14,147.46041832475396,147.34453557517068,147.0937224706138,147.15666213431086,6819
2029-12-15,146.75439200024547,147.25568312587,146.87874999912108,146.98710099467584,3017
2029-12-16,146.95653043850865,147.91403447982697,146.88477008177267,147.1721315523103,5190
2029-12-17,147.52307703087988,147.9492481307448,146.9113089254514,147.11026521226043,9553
2029-12-18,147.74586861469152,147.3928109502716,146.72224972409623,147.33916801722333,8814
2029-12-19,147.26282464749858,147.237417705821,146.95266250189027,147.09070200466434,6725
2029-12-20,146.73268514361664,147.19912990796757,146.4047218281681,146.99941751747457,6685
2029-12-21,146.21354889060984,147.26107835577747,146.35486313471986,146.50443862119857,4665
2029-12-22,146.88535400490383,147.13920926598752,146.32786365884726,146.48693481619546,2804
2029-12-23,146.46323386265448,146.72389277681856,146.0603463311327,146.08143438438103,9861
2029-12-24,145.505337351999,145.76135259419289,145.15485183291344,145.52441115930003,6908
2029-12-25,146.35630721131866,145.66477558369616,145.56077402515874,145.65374173322772,1799
2029-12-26,145.89778164274037,146.78227685925708,145.53316223059312,145.76011162115654,1132
2029-12-27,145.81938867642148,146.8105945065286,145.59889936219338,146.15154848863082,4433
2029-12-28,145.8532963739429,146.24089196378065,145.67071654469694,145.93598570384327,7492
2029-12-29,146.14165330066328,146.32886800731856,145.69527665403578,146.14001212726166,9738
2029-12-30,146.44133050442323,147.29209851276065,145.86244318241964,146.4154109133985,9954
2029-12-31,147.01279878266982,147.3092759831299,146.35438935128326,146.6377978173143,6678
2030-01-01,145.9380843021139,146.34032646215562,145.6003532161269,146.2249709759132,6924
2030-01-02,145.90019902731515,146.53612949940546,146.28607526243758,146.29965271704882,2067
2030-01-03,146.66241996997766,146.6400245865277,146.38072286654682,146.48172286507614,2301
2030-01-04,146.33321674585235,147.51271700784943,146.23731247086243,146.4853120985301,6974
2030-01-05,146.16912510638463,146.01658061737078,145.37069747567136,145.44207326934458,8404
2030-01-06,145.80528419577402,145.6071606267602,145.13771490758253,145.52231808133132,9457
2030-01-07,146.47096466532787,146.7287809934681,146.39930727096433,146.62858360102993,2239
2030-01-08,146.8124200882867,147.17098911028134,146.3628726295146,146.44856396665145,1116
2030-01-09,146.3036486562487,146.37431434128072,145.9639959508078,146.0845254177238,8423
2030-01-10,146.46130884181846,147.05051370611451,145.6892641748073,146.27119969757948,8923
2030-01-11,146.39071562333623,147.5242127659422,146.29883849390748,146.42738880281277,9015
2030-01-12,147.14989164101252,147.25437051627037,146.40655355664012,147.02375638552098,2974
2030-01-13,145.76393493738874,146.6525397399072,145.60810488807127,146.39482230756653,3481
2030-01-14,147.15563925512063,147.63870142766802,146.57914765057103,146.76051243385402,8107
2030-01-15,146.02490474757934,147.82892280807465,146.67538259453679,147.05572346447974,5329
2030-01-16,146.8520132678017,147.00106810056013,146.65028794337326,146.98465019600948,1608
2030-01-17,146.67528068901214,147.92180934437584,146.48838386071677,147.15399385497034,1529
2030-01-18,147.51846725340005,148.56027985576577,147.3992665124642,147.6687225957695,8278
2030-01-19,148.0826451040601,148.14208362174682,147.43959586102366,148.10488028578374,2876
2030-01-20,147.174332569572,148.76933751596277,147.3160652719724,147.53337062974686,2658
2030-01-21,147.11110655033283,147.95912029945947,147.61902595281228,147.94344972312462,1408
2030-01-22,147.97322513785068,148.0183658957763,147.74179284179004,147.91110542060835,1217
2030-01-23,148.57347440422447,148.3804787639083,147.4045743094142,147.9475424696161,3531
2030-01-24,147.87875691506196,148.16103633068812,147.61125909306162,147.98414096511695,5208
2030-01-25,148.19681875758556,147.95168935861528,147.79186247641204,147.90901947071782,8619
2030-01-26,148.95618867053844,149.20959043129682,147.6610025152092,148.50487321927136,5256
2030-01-27,147.89300286198304,148.4726236654554,148.3424467671528,148.46301423934676,6189
2030-01-28,147.7660586297117,148.75075007164284,147.14478849848726,147.9032411751552,9037
2030-01-29,147.32356056366368,147.8901359410949,147.61649847258013,147.70647624717031,7242
2030-01-30,147.5539404941821,148.14397039510175,147.05155128605958,147.79582360557555,1314
2030-01-31,148.92103450806806,148.84306657637134,148.106726373886,148.41043099772406,6153
2030-02-01,148.77908218612572,149.06007319811158,148.3966321773597,148.71197834019847,1225
2030-02-02,148.52335778113851,149.02241087490822,147.21655631090667,148.28671070082495,9670
2030-02-03,149.51613592737527,149.98307180956076,148.69646611890747,149.5293056591644,9414
2030-02-04,149.29852752093274,150.20681545648245,149.29622559760261,149.6616933146534,7026
2030-02-05,150.50282339281853,150.6339370637218,150.12785071828222,150.29938868365292,5615
2030-02-06,150.59930407829714,150.62552471480956,149.62321663637445,150.2235314668643,7386
2030-02-07,150.58542335406761,151.47443673389716,149.9234812696918,150.490211089217,9279
2030-02-08,151.0566826500042,151.2542702957946,150.3716576838541,150.90994534147623,6078
2030-02-09,151.14860228144332,152.4189118432169,151.05505592864333,151.51904269735334,1479
2030-02-10,152.25978593998724,152.32240189564314,151.97205398271782,152.04772685004247,1308
2030-02-11,152.88762949695686,152.90981097260394,151.91423219340356,152.48382535007894,7798
2030-02-12,152.44765762676332,152.4743822061593,152.10267141974995,152.32628198448188,1539
2030-02-13,151.50137398974078,152.39836417156826,151.40786616445476,152.04040896350386,8309
2030-02-14,152.69740156889853,152.66258778065207,151.717730212166,152.20671271866595,1089
2030-02-15,152.38982958674336,153.15415796522308,152.63065529026676,152.67327675483648,3360
2030-02-16,152.67825245251518,152.77918645307534,152.26102610279887,152.5619164044482,9371
2030-02-17,153.38039526787364,153.43727967304713,152.18405909152565,153.09450238730537,1548
2030-02-18,154.14469625666376,154.56527188808374,153.4596837238503,153.82081076004846,1001
2030-02-19,152.82263325697778,153.82701845827813,153.29096054809176,153.36265030051175,2057
2030-02-20,152.97935512543552,153.31964013159154,152.15937269632477,152.94418994861363,8752
2030-02-21,152.88930890242574,153.1347999993372,152.53963655373332,152.87400241916095,6626
2030-02-22,153.4595172095735,153.6039155847899,152.67791738115326,153.02780875325556,6045
2030-02-23,152.90314230909522,153.50212856130966,152.2880163946023,152.76552524637202,5211
2030-02-24,153.87606188411905,153.61760712290962,153.17758626575392,153.44162658580558,3161
2030-02-25,153.8156352965304,154.2420091094503,153.28445266416338,153.65366001656483,9130
2030-02-26,153.65113367931684,153.9879262451922,153.55470948094043,153.6733835406852,1594
2030-02-27,153.01358660521237,153.2667940692528,152.91621152515214,152.95542877875093,7622
2030-02-28,152.7545999456679,152.82318537954882,152.1579019933995,152.29752087053717,7007
2030-03-01,152.04894594502773,152.83785775335187,152.0176190948982,152.4380254956781,6271
2030-03-02,151.64351403563683,151.6651889853232,151.33631072883804,151.37172768260066,8327
2030-03-03,151.68976159005646,152.03602836309904,150.85019650044458,151.8780463874227,8516
2030-03-04,151.54622573996195,152.90896400901474,151.72646630655586,151.79896946523655,7825
2030-03-05,153.72754386001876,153.89379163074565,152.83279562755598,153.42051595003392,5282
2030-03-06,154.30954789883864,154.9849283359265,153.86210112066885,154.57447407534195,7482
2030-03-07,154.5968719557958,154.48647846285886,154.24203542539448,154.4837495407182,8336
2030-03-08,154.2838986128046,155.19437151013042,154.12507386357225,154.43058103945253,5920
2030-03-09,154.2212907876846,155.53305638562094,154.52712121960687,154.92837179645355,1052
2030-03-10,155.9232728954439,156.11308979459298,155.70063437580643,155.77995810141257,1256
2030-03-11,154.9988399545816,155.18762029774484,154.75859151636433,154.96094357269456,6691
2030-03-12,153.49473168569278,155.223777868197,154.03534389063952,154.06775584001724,8755
2030-03-13,153.54716157477839,154.10855665929466,153.09257253404786,153.75673843724005,3093
2030-03-14,153.50600959381327,154.41921221004023,153.87440198997942,154.04810722882698,9206
2030-03-15,154.5160509902697,154.57759015512207,153.94383216707953,154.29654402408076,3896
2030-03-16,155.2478277123857,155.02651584801274,154.7820722254122,154.8314297515727,3675
2030-03-17,154.4864281689039,154.37258125866728,154.047140465907,154.23158098739003,5107
2030-03-18,153.37024810294565,153.26170333685022,152.99230910264583,153.07350905590562,3048
2030-03-19,153.34716703185663,153.63848644902694,153.29263129737328,153.50251615355668,3124
2030-03-20,153.25249642040717,153.11437719646207,152.75001264930088,153.08841801707405,4785
2030-03-21,152.07645349583711,152.8348156469351,151.97953797850553,152.07917408487975,3949
2030-03-22,152.20730031268607,152.80803623825906,152.12381114355117,152.15170595785943,7984
2030-03-23,152.83552324010515,153.05902285397647,152.01631587944587,152.54829380196878,2665
2030-03-24,152.8399114621023,152.8984363852519,152.2797872963417,152.48726523590813,7218
2030-03-25,152.14141412592534,152.60754060348157,151.26791411906922,152.25834104281688,3898
2030-03-26,151.75636648333742,152.73714964056398,151.99672452751227,152.17865992674393,8441
2030-03-27,151.9371471851357,152.03966824317774,151.18015316608526,151.99336854554355,6836
2030-03-28,151.2535630039793,152.2538320274869,151.11150900252517,151.31934498957347,3803
2030-03-29,151.04738401508249,150.9981509809355,150.12505568690386,150.96200465107825,2245
2030-03-30,151.4725433791244,151.71824171239746,150.72845907237812,151.22264460358517,3325
2030-03-31,150.80910928462816,151.74941347920242,151.20231664513597,151.3834838742734,8525
2030-04-01,151.26623971189937,152.088723614173,150.69553847487623,151.4675137772568,9876
2030-04-02,150.68077307953487,151.20861196555202,150.43349447847265,150.96993953633012,3365
2030-04-03,151.25445609186983,151.17749980225403,150.872985463689,150.8791879552623,4138
2030-04-04,149.72814416403514,150.9794403470044,149.50066714356223,149.79065543204086,9334
2030-04-05,149.72602869311504,150.23000471962473,149.13786348737324,149.87989376398357,9345
2030-04-06,150.75581312562434,151.7044835468928,150.20542524202966,150.59432261789036,8261
2030-04-07,149.67935464659448,150.16037514861742,149.31030307605306,149.85725655186928,4268
2030-04-08,149.55973428217138,149.66575469347754,149.13213918578467,149.56429271521043,5473
2030-04-09,150.2730674645991,149.7562193024036,149.12428461886742,149.7288461045655,6726
2030-04-10,150.8911545189452,150.5657603557858,150.1754213696207,150.35526742177922,8550
2030-04-11,150.0089398167103,150.17617590556262,149.70682463754304,150.13115511362915,9185
2030-04-12,149.73032140834832,149.80353399603283,149.3067798041592,149.7850299489962,9725
2030-04-13,148.61485982756892,149.2210925929873,148.51068843942613,148.80056837778815,7780
2030-04-14,148.27452785993017,149.69373163691614,148.45069129487868,148.85228744244222,7969
2030-04-15,150.18418226604308,150.61690258036896,149.48701396953004,149.87332546251406,1786
2030-04-16,150.73840732849794,150.37117046509354,149.97736413333183,150.0120046934964,7305
2030-04-17,149.86783037260935,150.05146401756332,149.84044225673702,150.00086520390457,1465
2030-04-18,149.91686824110127,151.11232226682094,149.52107140096155,150.16190635928805,8565
2030-04-19,150.07450631841175,150.32679265693787,150.12266323071685,150.15636035731376,1140
2030-04-20,149.7753669855323,149.92980593977532,149.46605899369132,149.7498531711837,8802
2030-04-21,149.8208340959605,150.2853467282398,150.03982334639048,150.16149312902255,2727
2030-04-22,150.1368303522832,150.2943272378383,149.7028902912557,150.27437389057843,2991
2030-04-23,150.58764969272667,150.85457586404345,150.19422738679216,150.28318051654526,3881
2030-04-24,149.8337116932463,150.17893226546508,149.57602211765672,149.79549750290613,1702
2030-04-25,150.8283672773122,151.33972345346945,149.82260300600592,150.4472514688735,9361
2030-04-26,150.8890331973985,151.2410912907271,150.11596082260098,150.77960284154005,3081
2030-04-27,150.17646724222453,150.55009566368662,149.91463222884505,150.5031424228564,6155
2030-04-28,150.83125065668145,151.15414237433964,150.90085532097712,151.00405484969738,1264
2030-04-29,150.82979304957112,151.74493427800297,150.694771713323,150.75526943050477,8465
2030-04-30,150.02749090146094,150.43287353577136,150.22935586806068,150.36426768424926,2763
2030-05-01,149.60872020563593,150.26612110092017,149.83063966664488,149.9844161255091,8746
2030-05-02,148.74122168295537,149.1803379456532,148.71962021847548,149.09888184896508,9198
2030-05-03,149.4893943555183,149.65154736206307,148.80545158512658,149.33465303917416,9204
2030-05-04,148.30920859537824,148.62516117252912,148.19796783700093,148.419080600005,6879
2030-05-05,148.1595911737,148.07524036186072,147.57978380434224,147.8048586843721,3767
2030-05-06,146.49813856494887,147.0854299593869,146.68498696308595,146.76706467983286,1947
2030-05-07,145.98680975305126,146.81094159605985,146.53621921758588,146.7240298334374,4781
2030-05-08,146.60965806766052,147.8027137171692,146.54170557022903,146.64886960330148,4346
2030-05-09,146.97978800582644,146.8573714551609,146.288704058421,146.4855214967083,2810
2030-05-10,145.97460347445758,146.1233039657037,145.96053821443283,145.964232649373,8209
2030-05-11,144.9664877997148,145.40396474234228,144.9711954873293,145.37811577265467,3712
2030-05-12,145.12301772556594,145.9539779216071,145.20095818282238,145.61030070442797,8458
2030-05-13,145.69439531275077,145.88414264033545,144.45007907062845,145.33502473857374,7879
2030-05-14,145.25097286790924,146.67864658599504,145.00652518962477,145.4932038993418,5535
2030-05-15,145.51311815457663,145.316109141469,144.51612034866065,145.05057955627967,4109
2030-05-16,145.33733896232062,145.55026779582522,145.06383151772138,145.14111092766524,5204
2030-05-17,145.56187933200184,145.93979710051758,145.74671879854998,145.79274994632326,3477
2030-05-18,146.43597389981315,146.4962523259448,145.55901453949645,146.08583284651965,7489
2030-05-19,145.60245679143242,146.10000431463078,145.84684907483626,145.8796259374114,1380
2030-05-20,145.57402428885587,146.46139704028795,145.496819100553,146.00822542258936,3621
2030-05-21,145.62786921732092,145.9932105579318,145.4500021977979,145.88789283532427,4581
2030-05-22,146.1224539231487,146.29244310757807,145.6905910862597,145.89183292767163,6662
2030-05-23,146.07041749829776,145.95712906117325,145.5064787726763,145.72902740159736,4101
2030-05-24,145.5280516197943,145.84788444879206,145.37093600833342,145.64685979865467,4649
2030-05-25,145.19241308185002,146.12549991613866,145.46338402622285,145.75290647519176,3205
2030-05-26,144.7891971870624,145.9978565678291,144.46218506787864,145.2562271254008,4439
2030-05-27,144.427994040348,146.0510760897501,144.74495546171067,144.74828771190582,2382
2030-05-28,143.66581737121518,144.10955017158804,143.95562551829886,144.05401643499022,9814
2030-05-29,143.3335099955577,144.12174785121215,142.4877896746976,143.25388088273834,3771
2030-05-30,143.22667429004545,143.866133829293,142.63724765326702,142.6452395366281,6522
2030-05-31,142.96370376223786,142.95903305692826,142.5997571813118,142.72497079003017,7792
2030-06-01,141.94010777878702,142.65176365319692,142.02281419622528,142.27857703228423,9021
2030-06-02,142.32707153469983,142.55304269419725,142.4947607262799,142.5353842643998,1133
2030-06-03,142.40295393498644,142.95428342913561,142.27808087363445,142.55274113877607,5796
2030-06-04,141.68525328215497,142.02951555564576,141.10560780682854,141.56848903205704,6796
2030-06-05,142.3673532449235,142.68881641071826,140.78536007378034,141.8959768241679,7086
2030-06-06,142.16115603312846,142.77934517705287,142.2692435827489,142.30137614696372,7291
2030-06-07,142.26607799686676,142.7762368532351,140.92281934355034,141.8044448095463,9699
2030-06-08,142.6457138685205,142.04226724857267,141.55844394539076,142.0145405809938,8965
2030-06-09,141.4813194024026,141.7302512729122,141.32388461078455,141.5862914622892,1529
2030-06-10,141.52243326434498,141.76872243349104,140.99802791044297,141.63512665066338,3238
2030-06-11,140.89469163696856,141.14641854874338,140.2910185378339,141.00287744718588,7076
2030-06-12,140.12507121662497,140.62726768715729,138.91535172921078,140.1063242209186,1405
2030-06-13,139.8074618970776,139.9569207215743,139.23527110040206,139.91491562611213,5183
2030-06-14,140.1183043913915,140.2476744504178,139.02779070143072,139.8530511529747,5702
2030-06-15,139.18956192204953,139.87516576724948,139.56811022387777,139.65421130616738,6552
2030-06-16,138.9018093984673,139.14720113654624,138.79978146633664,139.06219602705613,5369
2030-06-17,138.96099889791222,139.0060875178284,138.57885330069644,138.86224649599055,9252
2030-06-18,139.25791922442906,139.83445884212603,138.32859683450866,138.9968938722809,9273
2030-06-19,139.63303287632388,138.99330633210243,138.40141338616547,138.97444735721965,4779
2030-06-20,138.67899030422996,139.44406137394597,138.810572977655,139.06569787251925,4974
2030-06-21,138.53502754803597,139.75639500433493,138.30720540495,138.73064027229213,6440
2030-06-22,138.636577257682,139.96980776429774,139.17250207343673,139.31649922965022,8719
2030-06-23,138.39545185916694,139.30499741060024,138.17745364605213,138.7284125613728,4110
2030-06-24,138.441515120836,139.12553681767645,138.71463673270028,138.9721927099162,5994
2030-06-25,139.40674903787684,139.67795978418005,138.65902625182156,139.56313825639614,9299
2030-06-26,139.7350826249781,140.46273044878558,139.71429800335378,139.8035923027706,8906
2030-06-27,139.84316646118944,139.95178738972038,139.5914246150727,139.70233018923818,4334
2030-06-28,139.34860180681073,139.57541175471363,139.2773209798988,139.4381816659067,2021
2030-06-29,140.09720661555346,139.9679180540079,139.88498106556654,139.95622549142982,2880
2030-06-30,139.27896027892717,139.75833542292042,138.82069444939853,139.244738028799,4006
2030-07-01,138.4496789368841,139.36356330982136,138.64115528667767,138.75967589860917,7477
2030-07-02,138.05501490411103,139.37832844144347,138.16680701129073,138.5608970158633,2215
2030-07-03,139.35482849458813,139.63060623858945,138.70747396780723,139.17972389461931,1320
2030-07-04,139.8635586081441,139.40492470246573,139.1553803718596,139.36960771263975,2051
2030-07-05,139.64620033688922,138.95994962729333,138.63472667126752,138.88558483338463,4385
2030-07-06,139.01106739106257,138.97073658831647,138.2252660868939,138.73043098069218,7161
2030-07-07,138.86052397222727,139.18369502467593,138.14809261473414,138.42326940864405,4181
2030-07-08,138.20681282373891,138.11917877187224,137.64668318603188,138.06837491252725,5728
2030-07-09,138.64842250748273,138.6298351427953,137.8460041008964,138.55781969180566,7955
2030-07-10,137.90524843431135,137.88100736598682,136.9017330144197,137.87194812717388,8716
2030-07-11,138.6445956618348,139.56735061139182,138.39240698141538,138.67633855504107,2538
2030-07-12,139.27257636676217,139.27489495160194,139.07864309892608,139.0904534001334,7413
2030-07-13,139.47970511102582,139.6506380347448,139.1962470043949,139.63588423543524,7278
2030-07-14,139.36018174394647,140.13613230655312,138.9931546573318,139.40441447942263,3448
2030-07-15,138.97605423499377,139.4029495366895,139.09198418298618,139.32944411988308,2518
2030-07-16,138.75534621334018,139.18139764264345,137.82218022803497,138.6128682126207,6202
2030-07-17,138.06280774674335,138.8061770375388,137.33462523092624,138.3505370090873,2742
2030-07-18,138.60748793005294,138.70001069372313,138.51212635841802,138.59736443290888,5174
2030-07-19,139.3955432918923,139.9876129830197,139.0137557929044,139.24539596379958,2331
2030-07-20,138.8675849848093,139.02998741328014,138.30171056929825,138.69181755539836,3214
2030-07-21,138.74051714825035,138.58471410679056,138.34950091537118,138.5090645869057,9876
2030-07-22,138.36942751924505,138.5617575922352,137.5527137018214,138.43341497678946,1460
2030-07-23,137.88133950951013,138.2300976346897,137.72106707903032,137.73552037569323,4940
2030-07-24,137.88520741763875,138.23810005588336,137.37519860137638,138.03119499657242,4664
2030-07-25,137.07793771679803,137.7255181716139,137.34601599552812,137.6691998307011,3221
2030-07-26,137.73059743723505,137.59484552219357,137.54251318181818,137.5715046551126,7730
2030-07-27,137.4350764012159,137.98570597957521,136.73917243125723,137.34552996915664,7697
2030-07-28,137.25485776716658,137.72158931371297,136.50042849602232,136.95086071629683,4168
2030-07-29,136.93975160969504,137.37538065955698,136.88711679223593,136.94733822355653,9358
2030-07-30,136.3585844245573,136.89516769385628,136.66062290301258,136.83953343427254,7341
2030-07-31,136.62611525782393,136.99072864734558,136.49692017749067,136.6536044931332,8782
2030-08-01,136.55534785171497,137.04754741519264,135.99615943146352,136.28937368229305,7583
2030-08-02,136.59194646032344,136.80838116634308,136.25041903075663,136.4491360176845,1558
2030-08-03,137.23192128006218,137.4214013527268,136.77861893694504,137.27594465193064,4749
2030-08-04,136.84682049997627,137.67915953434155,136.87750455205872,137.34588826835022,2553
2030-08-05,137.5361422893346,138.18083179297392,137.83006301063512,137.84394737580578,5609
2030-08-06,137.29200807178447,137.61269355937122,136.8190494345257,137.14883641322905,8784
2030-08-07,136.72816998725366,137.32411652912907,136.29626935631902,137.22771713287594,6221
2030-08-08,136.58355949896335,137.40861347048474,136.52753754505756,136.6790329733904,6301
2030-08-09,135.95209716331738,136.04424889397146,135.43680480838017,135.94057050962445,3461
2030-08-10,135.91586595264695,135.63560812716867,134.76445933851284,135.57088480589493,3538
2030-08-11,136.3511816384409,136.28809269786473,135.16035654838473,136.16683447310172,8383
2030-08-12,136.93068575728375,137.79877213524,136.33899928187196,136.64184238743655,6891
2030-08-13,136.8539007456735,136.77363983708108,136.73854249288433,136.76334474846374,4590
2030-08-14,135.74337117385534,136.14789043384522,135.9146464447898,135.99699446851878,2756
2030-08-15,135.71475600245225,136.15510083826524,135.3452542438953,135.8988541428248,7896
2030-08-16,135.76990625550332,136.62702262171806,135.6390607494156,136.0497041472757,3731
2030-08-17,136.31470651464286,136.5777754919558,135.18225444599827,136.137472262065,9172
2030-08-18,135.00739880464783,135.5976692783924,134.7210732511816,135.2155754703246,8372
2030-08-19,134.65221645240612,135.75667893283813,134.2662826673815,134.77041654631466,9679
2030-08-20,134.74512503569636,135.42959433469304,134.38726742120252,134.73837766424032,2948
2030-08-21,135.49891685297328,135.67869612141416,134.40743274251827,135.0065231189989,1368
2030-08-22,134.1055993808319,134.3357728637243,133.90080592102618,133.90845920844893,1958
2030-08-23,133.59554119332867,134.15897840861365,133.2829419643764,133.827397220709,9449
2030-08-24,133.94447590281834,134.19005513690286,133.59367544251245,133.89892160564847,7863
2030-08-25,134.81912112805534,134.55471539889223,133.63706546002618,134.3237275999066,8271
2030-08-26,134.85471019055396,135.023189866953,134.52422573551797,134.6701563920253,9168
2030-08-27,134.48196634357996,135.4410687396542,134.9335548825898,134.96144205142969,9670
2030-08-28,134.28689996948742,134.61048733371862,134.06010952303794,134.56147179807874,5335
2030-08-29,133.30989007876613,133.6480061000211,133.38021657986593,133.60747072951708,3415
2030-08-30,133.84316329859436,133.64307622260426,133.28086596117302,133.41094435098637,8458
2030-08-31,134.28864463434977,134.1957575333528,133.83699508131903,133.91176026359068,4569
2030-09-01,134.4209764340172,135.19660038073215,134.56398547207613,134.60848752735288,9479
2030-09-02,134.76978801255956,135.60594806625636,134.76748123982296,134.96376207850176,5229
2030-09-03,135.19184002470132,135.18844615980464,134.90111043587962,135.17843248990263,6916
2030-09-04,135.39065302792366,135.90226450204122,134.4430634716547,135.36825231409563,6950
2030-09-05,134.80149516191835,135.11566408024694,134.8074993361552,135.09019294071524,5320
2030-09-06,134.95042359146885,135.1382504377788,134.66755115989756,135.02516279393842,3684
2030-09-07,135.42361657589564,135.88307228380293,135.43457479716713,135.8596975568516,3031
2030-09-08,135.77011476542896,135.78828999801092,135.15286204216,135.38841855395566,3896
2030-09-09,135.66770879546107,136.93945284591427,135.5460649502197,136.19580794931056,1899
2030-09-10,135.50336204549671,137.082012635422,136.02044183621436,136.03479387206454,5921
2030-09-11,136.82802176296565,136.76310000374448,136.0285867407041,136.69750992661207,7046
2030-09-12,135.6230395505131,136.20960297477978,135.1679103936362,135.99410242186332,8061
2030-09-13,136.13676503500525,136.62502335484754,135.67792556113577,136.28705452244563,1410
2030-09-14,135.9376213128026,136.57994368588766,135.7321675918413,135.91866945447183,9565
2030-09-15,135.41362610746978,135.64075495190738,134.60400359697343,135.21103585850972,5179
2030-09-16,135.25397824433054,136.0287199207846,134.19066479399743,135.3203028797152,1481
2030-09-17,136.35879031319712,136.63696064614783,135.62718071857563,135.8250387740132,8510
2030-09-18,135.40243635811848,136.37801828811115,135.20019262521828,135.40256805471645,9171
2030-09-19,135.01029848696487,134.69925080398673,134.30421450246416,134.65306007448726,1271
2030-09-20,134.69070442642973,134.80698593773778,134.08051511225284,134.60713769231978,4535
2030-09-21,135.2027829553334,136.01932200028983,134.2887321436278,134.5634200279312,5614
2030-09-22,135.1550888928857,135.55990046824263,134.215983832136,134.83757984170842,4074
2030-09-23,135.32541806003246,135.69984518094492,134.61588631855307,135.31237712739068,9179
2030-09-24,135.4713187518267,136.29226916311006,134.9618190215432,135.28266953675444,1796
2030-09-25,136.1321764374923,136.6617602655012,135.60504232434278,136.21042119415156,9166
2030-09-26,136.24126861491268,136.4843548026757,136.07545042170733,136.3225385664192,8555
2030-09-27,135.7583020650051,136.15999150423133,136.0597614065263,136.14932531341577,3534
2030-09-28,135.1010631531242,136.1848730911884,135.01931856615622,135.34354163386433,2191
2030-09-29,135.830503289253,136.2863314746851,135.19695946645606,135.21221187370628,1936
2030-09-30,134.68280898961712,135.3374397407628,134.77510386677406,135.0440184010007,7097
2030-10-01,135.32752298530636,136.52416407929658,135.09447773360606,135.52417079914144,1022
2030-10-02,135.7272970080871,136.80450634281044,135.215383873524,135.75541261117485,4203
2030-10-03,135.14760526193277,135.82666854643844,134.7736802521723,135.16572805035855,1451
2030-10-04,135.36697298948337,135.27538451395128,135.221652177456,135.25185524356408,1273
2030-10-05,135.4468846169944,135.67924178465796,135.43036395752725,135.5876208294286,2024
2030-10-06,136.48524941922142,137.2469620056009,136.2757999162218,136.35163650912253,9357
2030-10-07,137.13810412517356,137.17198294922377,136.57492907892538,136.79538849282955,7553
2030-10-08,137.55580152317972,137.32355222693567,137.04845242499235,137.17581181998528,9488
2030-10-09,137.12560127710182,137.3097740089749,136.9650260917656,137.20585481729287,8856
2030-10-10,137.58341384867546,137.59930683946146,136.99237065530903,137.40001082000458,9020
2030-10-11,137.68092318371532,138.54342636950835,137.3177787036541,138.02476327035768,8796
2030-10-12,137.14185975803613,137.75065806791912,136.7973579863064,137.35837457161784,9287
2030-10-13,136.83153488840222,137.787816550983,137.00094604745925,137.18365490800937,1570
2030-10-14,136.78364712700335,136.91976284343298,135.9958507914135,136.79737053363124,9332
2030-10-15,136.72918131008632,137.2930254964721,136.2958041409263,136.9869470929943,6436
2030-10-16,137.14585011317828,138.05149508625837,137.08098823450212,137.6020581808197,7706
2030-10-17,137.18776947068483,138.78048278015947,137.19148129503228,137.30357103745916,1766
2030-10-18,135.58984372099016,136.3699710071667,135.8825004896227,136.10841885372446,2626
2030-10-19,136.30046641230606,136.33559375842498,134.76652125175994,135.90230848121223,7320
2030-10-20,136.19178842884796,136.53355148153497,135.5349204878644,136.35904534722093,5710
2030-10-21,136.92345512078728,138.27072215553676,136.14005466046493,136.62786029869585,1653
2030-10-22,136.69433317559066,137.18953643141026,136.78622038121142,136.84195342260114,9333
2030-10-23,136.34347542387871,138.06993685135564,136.3094332602075,136.7019567716639,6834
2030-10-24,136.41509859496077,136.34682625122372,136.0079645449186,136.062441403554,6624
2030-10-25,136.34669963929858,136.6350316831526,135.3839660332436,136.32008856436624,7042
2030-10-26,136.46902044512262,136.07690569840938,135.85521742556952,135.90294765934894,3877
2030-10-27,136.8550391481692,137.885315325778,136.82721809871936,136.99499602603916,5606
2030-10-28,137.1467705403465,138.19503092837704,136.18425698095422,137.28024963021642,4525
2030-10-29,137.29136273160515,137.27759416296095,136.0179013320385,136.98992547893943,6394
2030-10-30,136.98775865039482,136.81082470309477,136.5286290581587,136.6842328552451,5555
2030-10-31,136.68378986789273,137.35239419177393,136.3017668818701,136.63776075193834,8155
2030-11-01,137.5185902478699,136.93034410327317,135.9352450961393,136.51800979092747,1383
2030-11-02,136.99225844099632,137.85310402822037,136.73111791761963,137.07642667869243,3198
2030-11-03,136.78879579247376,137.18953449062246,136.62488253378294,137.16963476356446,6367
2030-11-04,136.50305238193596,137.13751092129024,136.67703478004125,136.80381889411018,1570
2030-11-05,137.66661738988032,137.92910471232685,137.7443534574277,137.74903923668808,3642
2030-11-06,138.2293259040957,137.9824229181298,137.326899339999,137.7736934024482,6221
2030-11-07,138.10221008178863,138.19868515635744,138.05000978154098,138.15811324043264,4731
2030-11-08,138.32381561622012,137.94335754887825,137.59798522958064,137.85399998671028,3988
2030-11-09,138.16588533519595,138.12246522581722,137.7495599818862,138.03555780058252,7474
2030-11-10,138.51612358506227,138.68909026026733,137.76617483359541,138.19111279615413,1761
2030-11-11,137.36243873809408,137.6144018726886,136.96396278935427,137.24628815010604,8402
2030-11-12,138.36770010732295,138.74547727890845,137.83443292397155,138.25392570533637,1927
2030-11-13,139.12506111612944,139.40454323737694,138.76807165871762,138.89924793579763,3144
2030-11-14,138.53063773309893,138.82783748623794,138.39262807921824,138.70065027772466,2798
2030-11-15,137.98280134413247,138.51793396954932,137.7976170475037,138.14951540749672,8518
2030-11-16,138.42816031024788,138.3973249213439,137.9980279699097,138.3232962143985,8597
2030-11-17,138.9489785067575,138.688220269167,138.09014798527,138.36664506410568,5247
2030-11-18,138.08225357080724,138.67523883675022,138.40900420169885,138.54447953838732,1450
2030-11-19,138.03151255065237,138.8056734962455,138.05937663580647,138.64026823648436,7391
2030-11-20,138.81426558026874,139.33363196124938,138.85449656014876,138.89338873113732,5580
2030-11-21,139.92629570498133,139.78357079836675,139.06590331754055,139.61704158083322,7585
2030-11-22,139.91650600910162,140.05873227712362,139.00436072095897,139.90109318339756,4885
2030-11-23,139.02546647989809,139.49202481996582,139.25561492309194,139.3762654339426,3547
2030-11-24,140.0812749093587,140.7150708900609,139.7350693682851,140.0575468602988,4032
2030-11-25,140.357962178178,141.16266918031616,140.55907017938154,140.87785414204296,4739
2030-11-26,142.64255762756122,142.65521100012256,141.93747530454488,142.45388250929898,2209
2030-11-27,141.79940308774326,141.9273656629122,141.79440566398597,141.8921354926792,5022
2030-11-28,141.9889667493907,142.22706834118537,141.3322763593796,142.01357649925433,8667
2030-11-29,141.10068278881317,141.2998096184577,140.50372325783619,140.97252714765983,1984
2030-11-30,141.31080840106227,141.30426944242913,140.9533854261889,141.24910172584944,5644
2030-12-01,140.81262370464674,141.52891321797446,140.71817706904164,140.97500157676606,6928
2030-12-02,142.24680832547247,142.40522796480158,141.5814674306176,141.93672447417853,7354
2030-12-03,141.78849675856094,142.21411954083177,141.39971102016048,141.54941698916923,6205
2030-12-04,140.17254021251833,141.35055325242908,139.77924843917603,140.7048254701856,6624
2030-12-05,140.40012079839255,141.05452486493442,140.20702495704631,140.46919359983434,7351
2030-12-06,139.15736367611692,139.77911135817212,138.92434067908613,139.4814497142258,5867
2030-12-07,139.4765820117208,140.5599292844122,139.65605710991568,139.85699944147945,3672
2030-12-08,138.98499800540475,138.97340559072305,138.66876116781222,138.82445791835127,8771
2030-12-09,138.7129083247433,139.14783136059822,138.25632018788622,138.83868670894287,6877
2030-12-10,137.75694930433085,138.00811032928905,137.46538206608213,137.79978079901477,3906
2030-12-11,137.43872641661332,137.83241138672767,137.53460009026773,137.63963189674644,3051
2030-12-12,138.57237361049465,138.55678284052627,138.35849364168385,138.46132097464871,9687
2030-12-13,138.84514898596234,138.6952175852354,138.3725302644514,138.64164492036662,7522
2030-12-14,138.86097457677704,138.32201859565822,137.87421135815418,138.20989811788414,5451
2030-12-15,138.14000409406515,138.29971373274188,137.83739664034525,138.1942963734146,5563
2030-12-16,137.76877956700417,139.3210185268153,137.49060184325035,138.20330480943682,5533
2030-12-17,138.28845187522907,138.84427543432417,137.50741315042853,138.43961998235852,5059
2030-12-18,138.01030877713262,138.9965162594742,137.29174957151304,137.75619080071812,8708
2030-12-19,137.82068088060268,138.300956004102,137.7179772214219,138.05247443764176,5796
2030-12-20,136.25564034200391,136.74276192028447,136.1290172120883,136.7002786218404,8155
2030-12-21,136.15979103977207,137.05139922829682,136.11857634908728,136.3853363456585,5141
2030-12-22,135.98118964910793,136.54598282547752,135.80298537177228,136.14119942443273,5704
2030-12-23,136.13306197307892,137.40881941179958,136.0095621900418,136.45786283746833,5144
2030-12-24,136.5344212180417,136.73019540872767,136.34881218293475,136.46917826380678,3167
2030-12-25,135.7426900525166,136.72603738695085,135.60141177438354,135.76639673687862,4145
2030-12-26,135.51081174621575,135.89558130431004,135.14780409862107,135.2739001739701,8274
2030-12-27,135.23948222826616,135.89997469578046,134.94399437862108,135.37324017874383,6651
2030-12-28,135.5011259383821,135.50432211832324,135.1761610362037,135.33370650781154,2362
2030-12-29,134.89646321478656,135.07601941383325,134.42528910491882,135.04414445299366,1458
2030-12-30,134.46484384969506,135.26527120446275,134.636660938816,134.80372755823768,5785
2030-12-31,134.98890581624354,135.37719676541047,135.07552693244688,135.15181155681734,4701
2031-01-01,134.40748511366763,135.10112289905473,134.78961081237728,134.89296527038272,8054
2031-01-02,135.3853843403631,134.91557755162725,134.70658737315057,134.8489196483682,4742
2031-01-03,135.97663786674426,136.0934194023008,135.59543732356127,135.93388794240846,4127
2031-01-04,134.98342455686736,135.67937349162935,134.882013808339,135.2220466239665,3042
2031-01-05,134.18283200949455,134.74010672647998,133.6298024988312,134.29612525817916,1239
2031-01-06,133.95278089560645,135.20186203629518,134.37481730976236,134.68792009057847,5933
2031-01-07,134.77890452745297,135.262681023895,133.88021425959496,134.34859855993142,5763
2031-01-08,134.59044420932437,134.99815914478265,133.340474953617,134.1894797960601,4663
2031-01-09,133.83116417824257,133.97039871979567,133.71485087636376,133.79890160699455,8712
2031-01-10,133.7648402254298,134.05525583980685,133.30752777799324,133.66900153661078,2000
2031-01-11,134.08796755958127,134.83815023800761,133.91599333016336,134.46827059265897,2455
2031-01-12,134.51084385338984,135.61194311404157,134.621999062244,134.869334821968,6621
2031-01-13,134.7912577331552,135.8592627987135,134.41446672579448,135.30044657791152,6694
2031-01-14,134.5440126242831,134.84325907469514,134.32950289139325,134.59233305001518,5700
2031-01-15,134.33506680319852,134.56018792659967,133.87720751312796,134.01675618173874,5295
2031-01-16,132.48225246338535,133.45546564056798,131.51743351317472,132.59721685199605,8786
2031-01-17,132.29683519050795,132.45344171219875,132.149991398761,132.19252644145467,6366
2031-01-18,132.96452820311558,133.12646306465993,132.59188834829487,132.6708780346475,2907
2031-01-19,132.44212108912828,133.54167065812928,132.33760535133376,132.9293512925217,4588
2031-01-20,133.37226428865938,133.01033367050755,132.68327221791563,132.8185946610456,8983
2031-01-21,133.15464063541597,133.23014779757762,132.80371259962408,132.8074445191866,9656
2031-01-22,132.617169563227,132.7309302191432,131.8673546949564,132.4630017478989,2257
2031-01-23,132.8426095482606,132.99653465718163,132.10560091566836,132.56538118909978,3207
2031-01-24,133.2396432198226,133.24179943382822,132.52939343145619,132.94832032884008,9971
2031-01-25,132.2281689011118,132.7872857805422,131.99550839170865,132.14037693513484,8267
2031-01-26,132.71868416492129,132.67794210339574,132.19091011735762,132.29020077905352,1555
2031-01-27,132.62062010994563,132.8188520196286,132.3932862457332,132.75641821453087,9160
2031-01-28,132.68741143160779,132.94013871321238,132.44853649849327,132.54886807004917,7825
2031-01-29,133.29571121648448,133.05619446956737,131.93376427584937,132.89921837610945,4092
2031-01-30,133.49918567152798,134.32962657033073,134.06307731964577,134.30654559834574,2273
2031-01-31,134.3857632056445,134.645807457001,133.84774454148302,134.25437420185227,2212
2031-02-01,134.66840922038793,134.93125120384687,134.25610619964613,134.45102772685493,9985
2031-02-02,133.56946677525892,134.22513585341298,133.3530639010485,134.08199918502424,3719
2031-02-03,134.25717079213024,134.59499347072085,134.10563552932086,134.17262476632527,7659
2031-02-04,134.16464878470853,134.80808935666576,134.40189311087948,134.4027605788164,2062
2031-02-05,134.61922363342887,134.96970832080248,134.2453481112197,134.5001817489515,8163
2031-02-06,133.96183430017385,134.02928811226275,133.73766711716007,133.99033408909708,1700
2031-02-07,133.8096165240087,134.5653657919597,133.6339160910709,134.09351497475978,7489
2031-02-08,135.15751204319903,135.57787726227474,134.7944636863514,134.8246129441186,9494
2031-02-09,134.92342131917903,135.41188986937277,135.03085456241297,135.04893082637588,6249
2031-02-10,135.61091355911825,136.60507981757738,135.39391097259738,135.52992442091178,7611
2031-02-11,135.80563272295072,135.9137708662589,135.2668074654472,135.4114184359055,7977
2031-02-12,135.5113602073024,136.32814281728128,134.49264794122863,135.78636855561734,9367
2031-02-13,135.92841724911742,136.2868507017333,135.33807258943196,135.92600247472558,7337
2031-02-14,135.30194896636897,135.88600874481696,134.96050129978298,135.45054710988197,3991
2031-02-15,135.5281537189201,135.9821856906736,135.01811970936487,135.6098076122814,4857
2031-02-16,135.7607848429332,135.14018313038582,134.8675672935995,135.11395928056126,6871
2031-02-17,134.93455190833993,135.08750522863565,134.4723614456823,134.79751914311885,3691
2031-02-18,134.98626109975172,135.22711731571746,134.05984928163122,134.89218329676504,5176
2031-02-19,135.19803163363454,135.51279794112904,133.94481400108498,135.0408054334551,5502
2031-02-20,134.57526708919127,134.94101884467216,134.1045558523076,134.44618920091654,2204
2031-02-21,134.42543802481242,135.43150143318977,134.38734098789658,134.973182086508,2292
2031-02-22,135.94821347181488,135.314862426851,135.07412942394697,135.25918522565823,2593
2031-02-23,134.4675101503112,135.01189880994824,134.1085887454527,134.90682100785278,3238
2031-02-24,134.65780688943607,134.61311634066308,133.382126237289,134.13802860962818,1553
2031-02-25,134.25098092959414,134.20037816711908,133.50952537311346,134.06557632008747,7499
2031-02-26,133.89683816859724,134.97388886732458,133.5767853780934,133.8426044631569,4933
2031-02-27,133.8075291988604,134.15153242260098,133.69047505291516,133.8991746916834,4173
2031-02-28,134.49916452643362,133.9343722717074,133.6066062859156,133.71761636110563,8119
2031-03-01,132.89523479878542,132.99371871589528,132.4686883044519,132.7138879307331,9864
2031-03-02,132.52502088105805,132.79912260745093,131.80951624603327,132.51971446158254,3414
2031-03-03,132.20632609469527,132.70138714690748,131.6101824183538,132.36690490604838,6831
2031-03-04,132.4871909378113,133.04300677182493,132.47654553558164,132.68373541843542,6504
2031-03-05,132.34981883528152,133.25069538491852,131.47975167746503,132.33463558112987,2689
2031-03-06,132.8947920083178,133.34636040411232,132.0952310032225,133.17397291781617,9143
2031-03-07,132.4220479568737,132.52816411702864,132.0985075851001,132.21815264249028,4952
2031-03-08,132.68004368122072,133.16808224112626,132.5457585802822,132.87373639139162,7182
2031-03-09,133.0630635602863,133.01847678230658,132.73007801316328,132.76157690595255,2133
2031-03-10,133.48614555651773,133.87774417524878,133.15591528858397,133.19136934212435,5281
2031-03-11,133.21463938041646,133.86564558795436,132.82899877680669,133.23127008415372,7102
2031-03-12,133.97513852112294,134.1350186873962,133.47355795520954,133.80104785216645,2344
2031-03-13,133.79647604274808,133.88819714835273,132.76827418044059,133.60736686989003,2980
2031-03-14,132.6193571745577,133.06590064067962,131.94961781863336,133.05805665730114,9252
2031-03-15,134.28781669753275,133.90386364726007,133.7295582065428,133.76830880093667,9040
2031-03-16,133.63484536370945,134.45718239369083,133.2263943032888,133.7115684779956,4413
2031-03-17,134.0310197688324,134.02225905660544,133.07711471778077,133.8223477148077,2891
2031-03-18,134.65681072514596,134.4894990134226,133.8747357364379,134.4397236718301,6248
2031-03-19,133.17688492332226,134.23779496832276,133.73390962294067,133.92374605078288,8742
2031-03-20,134.02441274117766,134.56487924412633,134.01901040080693,134.2214914996025,4356
2031-03-21,134.17865476749887,134.38624833574787,133.19640024078365,133.92654412137105,2938
2031-03-22,133.87913518137944,133.89965279341357,133.85606866997614,133.86045944354888,8722
2031-03-23,134.10328972714242,134.01186971966638,133.01748811130622,133.896598926241,8423
2031-03-24,133.1741979639511,134.22701599419216,133.02740322432953,133.14648799551753,6142
2031-03-25,133.12588401224826,132.96762086018822,132.06387993799942,132.7570694741073,1768
2031-03-26,133.46681608684722,133.93501676619286,132.8292079771029,133.4326059203139,2084
2031-03-27,134.30292824364045,134.08741980619595,133.58542198540306,133.8757015146063,9398
2031-03-28,133.55037315277906,134.21301256413864,133.74729127314546,133.84438172594267,5888
2031-03-29,133.92765143435545,135.10478791821458,133.67216065748147,133.96594345519912,8299
2031-03-30,133.64080233180627,134.72836079747879,133.64007577874503,133.8188222023809,5972
2031-03-31,134.61370471451357,134.73090135153598,134.1018491135822,134.4971138952949,1758
2031-04-01,134.31333722293303,134.96639291213785,134.19023615725277,134.3969376063978,6257
2031-04-02,134.44400439633716,135.62582636144427,133.95451723609412,134.51285865246524,7465
2031-04-03,134.8744438155612,135.47964944485062,134.9135542548005,135.08587372453627,8052
2031-04-04,134.55896732703476,134.9321669186999,134.59368954687102,134.69718798211332,2626
2031-04-05,135.47349945518675,135.59457262379524,135.37053605227374,135.47658257436177,6096
2031-04-06,134.1049483241351,134.95632387997705,134.70242151900263,134.71135186949007,1125
2031-04-07,134.8356437782371,136.80118608080465,134.72811967739003,135.52617293504647,8408
2031-04-08,135.3575789257627,135.53284745242476,135.21711633178109,135.33983514307047,7281
2031-04-09,134.38773279958778,135.49031283329813,135.21767943296058,135.21848576915784,4317
2031-04-10,134.21553800052394,135.07443007936135,134.15423525504096,134.27348068356636,6357
2031-04-11,133.93293419652014,134.440237957265,133.624491215255,134.04608332487751,6422
2031-04-12,133.68879142032236,133.96126163825406,133.17222338983734,133.5261800593641,3568
2031-04-13,133.02075137296177,134.5623491296596,133.08543607152103,133.22235688667735,2069
2031-04-14,133.62455583457051,133.30048482207837,132.57588064647152,133.15370140378292,4195
2031-04-15,133.88704607298848,134.08315310155044,133.18161314183016,133.63259721101934,8235
2031-04-16,133.2827106772242,134.04228281781602,133.64431761694857,133.73639888671966,6443
2031-04-17,133.80493330617793,134.96195962269204,133.21577346036068,133.89023721342022,1643
2031-04-18,133.80063306225261,133.4707749368922,133.21738920437397,133.34247751899744,8528
2031-04-19,132.69281090257624,132.97559661634037,132.60503866921331,132.9021004741961,1748
2031-04-20,133.7855952858641,134.48301452366252,132.92110332674739,133.80146298337172,4796
2031-04-21,133.85510073874653,133.57747263857775,132.67709174818896,133.4338624659901,6000
2031-04-22,134.09978790719993,135.2516264894451,133.97745251902802,134.26196659201875,2773
2031-04-23,134.47732997460318,134.4872849700849,133.7424310075754,134.14043599257832,8577
2031-04-24,133.86858007986598,134.50379404876776,133.66073593468536,134.14157996065006,5919
2031-04-25,133.81047838572118,135.35640825293328,134.59439742638554,134.67676254076503,3748
2031-04-26,135.68126754666656,135.8226931111182,135.2704134348606,135.31270875173436,1520
2031-04-27,135.38892298361205,135.33758353074353,134.51300150061883,135.2573024715948,5489
2031-04-28,135.21455022743442,135.34508922452733,134.9733905001745,135.06318094483407,5191
2031-04-29,134.70733188318138,135.25636153973812,134.74145807554098,135.03522072057297,9276
2031-04-30,134.90019369973996,135.63684912225645,134.76892412608876,135.204199484689,2059
2031-05-01,135.99498228404474,136.84584227290196,135.3283856619126,135.6498513281239,1415
2031-05-02,135.72492844984225,135.82544640606324,135.58788167248773,135.65196625762098,7087
2031-05-03,135.92617258943122,136.03765924578752,135.9444674852256,135.96140940663255,5316
2031-05-04,136.8468672714023,137.06392456924874,136.39176905378005,136.78058927276803,4901
2031-05-05,137.4237957379041,137.35321676075816,136.58324264893304,136.9712440789004,2342
2031-05-06,137.34417697501857,137.14953027598003,136.54295420739308,137.1270705069028,3492
2031-05-07,136.22522153514223,137.02721262074166,136.09206660270286,136.36761509435777,5414
2031-05-08,134.63120366760722,136.01797617049135,134.75394721914722,135.05225002594324,5611
2031-05-09,135.42285401910667,135.8109195231249,135.0233212071661,135.24643789055833,2079
2031-05-10,134.9218353717276,136.39553192230127,134.90845101938194,135.19902577491789,9761
2031-05-11,134.58692135617488,135.3030228244269,134.5513191002848,134.94163443746052,5857
2031-05-12,135.45812429561593,135.1577057105412,134.7763070055455,135.0633995395537,9500
2031-05-13,135.29491939898267,135.12402813854814,135.0228471733968,135.03319767495523,5113
2031-05-14,135.71279357827635,135.7207842702459,134.90757617978656,135.5970878002722,3872
2031-05-15,135.2686241161205,136.22374122608122,135.02985808822913,135.64014323440168,5947
2031-05-16,135.8034614100967,135.5119794628183,135.115787176468,135.2666815918666,9345
2031-05-17,136.070425205761,136.0502249166884,135.61369492142938,135.76176471134625,9301
2031-05-18,135.5620634935544,135.82741314901892,135.5915097187014,135.65319917387313,9529
2031-05-19,135.76188349826103,136.88654583162682,135.48263744518147,135.9164675157093,7060
2031-05-20,135.70130908500556,136.04890641640202,135.6595125238898,135.67776216261288,1506
2031-05-21,135.20932311990256,135.975627127206,135.07370752335905,135.35284871986417,4065
2031-05-22,136.05848902199256,135.68713772230115,134.78704545675302,135.39493283495702,9163
2031-05-23,135.2856886443174,135.93041521301257,135.31054708716422,135.40134715672886,4217
2031-05-24,135.3208958129502,135.79754938710963,135.3526327639164,135.64126067441228,5894
2031-05-25,135.98346255525735,135.56195520972383,135.2674677032911,135.50693779775742,1988
2031-05-26,134.4180393558861,135.40628174118197,134.10314869927598,134.58875790587223,6368
2031-05-27,134.60829999651304,134.89375849245621,133.86853443168414,134.37237096407802,8744
2031-05-28,134.97189647947576,134.87090406330265,134.66905324097348,134.76928019764995,9676
2031-05-29,134.60302354286486,134.83959478728775,134.4972504742342,134.6205921580284,1173
2031-05-30,134.2055014274143,134.75740264717152,134.27125687387937,134.49740045677112,8055
2031-05-31,134.97613383163056,135.2159809562708,134.67458454829415,134.99058870972408,2462
2031-06-01,134.28364376419495,135.67773414649866,134.3588651404549,134.63460209609462,8644
2031-06-02,133.8560851582121,134.5106664296433,133.11682489902014,133.86320048697317,1784
2031-06-03,134.01471936714833,134.51232762152668,133.26698554991074,133.78288492721043,6657
2031-06-04,134.05613197144365,134.14833075438187,132.98082531629746,133.54079795158606,6237
2031-06-05,132.73132005692614,134.00811918651127,132.92208268918748,133.05767479170942,6476
2031-06-06,132.8948479825613,133.76409911311399,132.90399511439475,132.96998556376008,9439
2031-06-07,133.05829506211586,133.65015413132832,133.1345164347814,133.21573838738345,2630
2031-06-08,133.2932159198518,133.95706563618037,132.38547712074612,133.21109410659955,1725
2031-06-09,132.90804213004944,134.30310422025784,131.84544383613175,133.36458464294267,8149
2031-06-10,133.9926896890629,135.0745179427206,133.45456978650108,134.2712884922004,8298
2031-06-11,133.592244094001,134.34400295477735,133.60789598375513,134.0998490614216,4483
2031-06-12,133.80753201654443,134.33502027305508,134.16089949240512,134.23902337874395,3691
2031-06-13,133.78628535927075,134.78052923426876,133.4604894405881,133.98441669744437,8079
2031-06-14,134.06250162134864,133.65386979496606,133.08260529941128,133.56123683750087,5152
2031-06-15,133.37306315387178,133.57290258482425,132.56391060719292,133.268783010792,5526
2031-06-16,133.0489024871111,133.18509869387938,132.88692126744982,133.02940372503116,3511
2031-06-17,133.61320742501326,133.44393986545194,132.76435338132723,133.20914162380473,5257
2031-06-18,134.4987588815101,134.6042994282402,133.91985477280028,134.3836795171551,2964
2031-06-19,134.16893063243626,134.11465090299282,133.9666590109451,134.02565779901715,3079
2031-06-20,133.6754378066555,134.7948882031685,133.70042353864238,133.81734514620945,6101
2031-06-21,133.59458513297108,134.24459163420696,133.54767169930133,133.7857836396538,9330
2031-06-22,133.59034497908925,134.69381860664242,133.4805152794561,133.9836830640087,4027
2031-06-23,133.93513160017366,134.20899293897438,133.31377372398237,134.11545846998607,9389
2031-06-24,134.6733493427304,134.91876742651365,134.1598300876103,134.75750636696011,2444
2031-06-25,133.6477260159476,134.10339460587952,133.23333421045305,133.54431033169251,7275
2031-06-26,132.33981787208126,132.91590371277914,132.16465180388334,132.35084539659468,5633
2031-06-27,131.9933854708293,132.21558037744612,131.36927011149356,132.10290631058962,7215
2031-06-28,132.37805337879243,132.72043560694848,132.57770349397995,132.65155640436146,5018
2031-06-29,131.98847043094523,132.08942114020599,131.45216349846388,131.86873238855867,9494
2031-06-30,130.21558639260164,130.41529763016257,129.57603960481168,130.36491621871178,8584
2031-07-01,130.75664487421898,130.74435288753227,130.2596356857091,130.65050592182138,3026
2031-07-02,130.19835290079467,131.47200605756566,130.2584475747158,130.77233453367273,8375
2031-07-03,130.328156679164,130.31796927121258,129.90388690374135,130.22723033027304,5310
2031-07-04,129.95853260075145,130.39863642566903,129.07151849143574,129.73446052991258,6235
2031-07-05,129.43544792790436,129.33239623264362,129.05201861578215,129.24958867009525,9335
2031-07-06,129.245840201227,129.99192424090728,128.94823176479022,129.30485632883222,8479
2031-07-07,129.266294185368,129.13221028937872,128.80389175216786,128.9916986907407,4619
2031-07-08,128.8568429853417,129.82447221521394,128.9419611570293,129.23873065022846,7379
2031-07-09,127.78465549921431,127.87491122537875,127.68134303038704,127.81141731877626,2887
2031-07-10,127.32497264586416,127.79897694025163,127.26526915727561,127.38299138621237,7991
2031-07-11,127.13088431246916,127.11721890707257,126.68875060791068,126.81996440575683,7839
2031-07-12,126.08564611541323,126.76578844033202,126.27325657286491,126.6917940665706,3012
2031-07-13,126.10533127194734,127.27765181315782,126.01627285762056,126.42277018732553,2327
2031-07-14,127.34586731986256,127.40318687511208,126.46989014323404,126.82169207727341,6612
2031-07-15,125.16285385428988,125.96856394368407,125.01217239211813,125.89202369144337,3830
2031-07-16,126.159096621115,126.27257396359529,125.87440696045228,125.91476942960875,7030
2031-07-17,125.98383949230646,126.39055584579603,126.032173110434,126.1939376412146,7292
2031-07-18,127.19867214058941,127.13923980207817,126.82269530880814,127.12226135949558,7612
2031-07-19,127.30551309510666,127.062095472124,126.16887238223768,126.88137837394885,9326
2031-07-20,127.13156973744876,127.42683565604996,127.03736732338214,127.0436076761251,5915
2031-07-21,126.57203629287223,126.85817041819871,125.97018410916436,126.14167627984392,5114
2031-07-22,124.79799342345136,125.34502228128298,123.99333256837541,124.9456981776874,3645
2031-07-23,125.26003248882537,125.82905366622093,124.83092137914738,125.36808536557825,5236
2031-07-24,125.60135789340855,125.82682193737209,125.31941029534784,125.36530521875423,1034
2031-07-25,125.82273242556874,126.2301895248208,125.69748810983629,125.95456156365344,8810
2031-07-26,125.44706403347996,125.83750319877369,125.1766104636122,125.26786011916856,8534
2031-07-27,125.88295245390623,126.37829694864118,125.24758406245803,125.52781118893293,5751
2031-07-28,126.72272117749108,127.36442552255407,125.92253385288454,126.46222010920486,5751
2031-07-29,126.19839944374952,126.78901271504019,125.87769773851949,126.6720729133835,4777
2031-07-30,126.70794943306417,126.99571262378711,126.76811076330064,126.81036366617903,9016
2031-07-31,126.89919145180765,127.12084753304889,126.19996508748414,126.8146417065912,4749
2031-08-01,125.95603291613942,126.30460739562,125.59653981500433,126.02920097802824,4029
2031-08-02,126.73079724990087,126.80796048025992,126.24084826847023,126.70698744588341,5529
2031-08-03,126.49007984926166,127.02657145377468,126.30700884759746,126.40155862598088,3262
2031-08-04,126.49582981795712,126.80665084954727,126.36972780154467,126.65380025417238,1363
2031-08-05,125.81425143675,126.14800136997454,125.52326734856628,125.87228310088676,3514
2031-08-06,124.92824285023082,125.64546384265226,124.97209249018829,125.28255326863287,1824
2031-08-07,125.85674443217178,126.17474335442108,125.89411150041899,126.00009696824398,7379
2031-08-08,125.36844224293533,125.96200339794602,125.21916750260372,125.82644582376507,2146
2031-08-09,126.58803257049415,127.05008458153948,125.57917169523586,126.55308356178634,1597
2031-08-10,126.45600157094951,126.54689248104003,125.573067315937,126.51396823225707,8245
2031-08-11,125.31828078216355,125.82548085296051,124.98177973311937,125.59301934577815,9795
2031-08-12,126.57463108829266,126.12937983666687,125.77520489399394,126.039053145644,4685
2031-08-13,125.67048354185216,126.6170915030037,124.98876052059713,125.74410698676621,6456
2031-08-14,126.17941727674862,126.184572305614,126.01965260910815,126.09345139352473,3120
2031-08-15,125.91446687784112,126.4502750872321,125.80583848906116,126.10605682729476,7973
2031-08-16,125.21019330710214,125.50438922439295,124.62147319247548,125.33449771332333,8693
2031-08-17,125.51396913726319,126.17697718249921,124.69663982784861,125.41664509600862,1233
2031-08-18,126.41508135214295,126.64624412409286,126.32640924274682,126.51475666708501,2300
2031-08-19,126.76224090340872,127.00490647786891,126.03576173486725,126.76124989634225,3466
2031-08-20,126.97453840444555,127.1288611079924,126.53476147148724,126.73249101983951,3000
2031-08-21,127.11475486696231,128.44159122496166,126.99230248974328,127.27016272081796,9614
2031-08-22,126.97584859844815,127.44787969897834,127.02675640801392,127.37549695341951,3072
2031-08-23,127.0223847816474,128.00235765798294,127.13729044159855,127.48026406855092,2451
2031-08-24,127.36598319338742,127.358415859149,126.79721002865715,126.93445148247136,6306
2031-08-25,127.33071950553882,127.98423917335039,127.03047477032341,127.05137549536616,5003
2031-08-26,127.76583710373096,127.73037155868795,127.36436317428561,127.56909720357464,7255
2031-08-27,127.02025028576303,127.57160689682783,127.14329704815637,127.15106612752463,5736
2031-08-28,127.46339003485176,128.47767806576257,126.98173798082311,127.8633140381481,1529
2031-08-29,127.73277054202669,128.3259937980606,127.51519455402506,127.81746102607553,1931
2031-08-30,127.34556995892046,127.43635553154306,126.82732586817828,127.37357627030627,8813
2031-08-31,127.5329268087422,128.22162918787296,127.41304512830636,127.8723923087664,4786
2031-09-01,127.28809829698267,127.76963496490404,127.18102711709346,127.72899519089725,6035
2031-09-02,127.58965885271911,128.33805286157911,127.7892423969058,128.1087526346403,4101
2031-09-03,128.1600912747742,128.4169845805569,127.21307527023136,127.96287331851104,2465
2031-09-04,127.57135275218519,128.09993277074562,127.66306488006055,127.93296024674609,4510
2031-09-05,128.27256344512801,128.36969433218354,127.9231032805159,128.17974034891324,7307
2031-09-06,128.20584892168606,128.60287870578313,127.55228703954542,128.32518887770823,5430
2031-09-07,127.50431436011522,127.7574655213538,127.26253512131856,127.32742298748238,1589
2031-09-08,126.86754847102588,126.95660614564243,126.49727982190387,126.76680111743518,6462
2031-09-09,127.16192488446319,127.64959966709974,127.1557020755083,127.23150610983058,8952
2031-09-10,127.20457384294258,127.25614083273841,127.11086852295693,127.16543781537982,3330
2031-09-11,126.87047133148108,127.37748255220033,126.73827949476494,126.9035721639941,4469
2031-09-12,126.03968101117545,126.91579406073761,124.99099115169459,126.22428515636537,1170
2031-09-13,125.9784418313648,126.73100600692302,125.09313230146313,125.68441699572745,5298
2031-09-14,124.54659554977387,125.42755910081847,124.23705668456786,124.67351767574647,6760
2031-09-15,124.59682227252026,124.87858494390665,124.61516583095121,124.6228773163957,5375
2031-09-16,123.89912099620793,124.62702352736522,123.89642527297165,124.32365852610518,1403
2031-09-17,123.92257796176595,124.37877306742604,123.81616505529823,123.84036458061252,4527
2031-09-18,123.6231283888849,124.1750668997618,123.10983654923423,123.80630286802854,3065
2031-09-19,123.84523358570755,124.1259125272391,123.69054298005149,123.98828818345491,8669
2031-09-20,124.78301889129455,125.82705093848408,125.01141998664208,125.03488714955988,2902
2031-09-21,124.24174650541178,124.9910871469152,123.50338691047872,124.27894543977828,5690
2031-09-22,124.25669417691743,124.9379776232379,124.6054446921845,124.85863596142853,6516
2031-09-23,125.54989384581005,125.5432287249757,124.86330622148031,125.34518674193608,5584
2031-09-24,124.94404093984396,125.14463524524034,124.22977989324096,124.95564037224773,7331
2031-09-25,124.91707266918009,126.06486930225694,124.51704948162656,125.05725834954075,6273
2031-09-26,124.36397252513466,125.12511002468761,123.7404646439542,124.82844172487194,1123
2031-09-27,125.0512060210253,125.05221461870417,123.9322539441469,124.92128601508131,8476
2031-09-28,125.48555325369504,125.77289158795011,125.45778997739868,125.67585152178357,9798
2031-09-29,126.37048069917373,126.61789724182506,125.60283650258958,125.97865463809923,3921
2031-09-30,126.37885451341488,126.92488833421388,126.05789473895717,126.23295882471595,3151
2031-10-01,126.47820087134477,126.31619040292244,125.71583870039846,126.01780416473864,3713
2031-10-02,125.31686684451303,125.70077995965664,124.998366474857,125.27577583227645,8923
2031-10-03,125.4948885553549,125.31093921689204,124.83119351742536,125.17154172700626,2715
2031-10-04,125.91367711802768,125.80858081706683,125.09593380112156,125.77484580443821,4459
2031-10-05,124.87596745248224,125.22626863804906,124.70019138929305,125.01126187614338,7894
2031-10-06,124.53988019760028,124.65720391860759,124.20752859555037,124.48371719205504,2889
2031-10-07,124.2966551802344,124.98552892774953,124.40436630577798,124.54685106017207,5656
2031-10-08,124.67515749764075,124.89752714263366,123.83355147584425,124.05452366774844,2895
2031-10-09,123.6280024112792,124.86408204008511,123.43534720370306,123.65826194419083,3927
2031-10-10,123.45432574078234,123.51810598926777,123.03294387080935,123.44646265332675,3693
2031-10-11,122.88064970972172,123.14204413474211,122.76167286067114,122.76365395123167,6252
2031-10-12,121.95050943082846,123.01432009364463,122.01707665757773,122.27659302812349,5241
2031-10-13,123.02471831821711,123.35168553968138,122.47368185174093,122.62830698651715,6250
2031-10-14,121.66702323017124,122.14200875775407,121.72004075536331,121.97462209540166,3561
2031-10-15,120.80024485944583,121.5237445538274,120.79539659150969,121.17568602815425,2826
2031-10-16,120.81071633457638,121.44044131361254,120.06973297600817,120.86067353838729,4506
2031-10-17,120.84286204030535,121.3666634061031,121.0554608619729,121.22665128964222,5931
2031-10-18,121.59677254650119,121.56027642523075,121.06873255990548,121.12819038564378,8202
2031-10-19,120.82668886568105,120.90222707866029,120.23657189197702,120.89589984658596,3475
2031-10-20,119.95172899599163,120.93166782918,120.82115166719512,120.91807924534376,7477
2031-10-21,120.10521008435144,120.35589139067493,119.77910666048817,120.04522552891393,6417
2031-10-22,120.45863015185766,120.47783503409839,119.91132304945512,120.29257835580145,4184
2031-10-23,120.35786619698621,120.59972035545513,119.70332550290989,120.48429587150328,5721
2031-10-24,119.87287372672705,120.68456466501513,120.01952418654268,120.27964163445542,5152
2031-10-25,120.75161178535367,120.85681859088572,120.64414729245378,120.78260389035363,4244
2031-10-26,120.07434420070905,120.63120671127015,119.99570828511993,120.2188558408771,1693
2031-10-27,120.49013876154618,121.07571682928122,120.45194013338738,120.78281033750389,4073
2031-10-28,120.54090964927309,121.14582251875188,120.37493291296744,120.86005717030152,7599
2031-10-29,120.73865160004364,121.38570386053541,120.21624569949297,120.69178087536243,4540
2031-10-30,120.95275059779517,121.24153949755123,120.14333770725389,120.68184405767828,2619
2031-10-31,120.76667482617192,120.86480322792636,120.26666373119606,120.6282116747728,4914
2031-11-01,120.71995376540515,122.12000252313145,120.91316127728375,121.23835312298166,4873
2031-11-02,120.88465696061296,120.8286718095408,120.14310911673905,120.70001355924616,1564
2031-11-03,120.55049614328098,121.72631578462578,120.04852553727827,120.31875393967286,9687
2031-11-04,121.25501441096341,120.93838955728303,120.31213215596819,120.83690538570909,9992
2031-11-05,120.25417159128959,120.60660768319879,119.32449143428042,120.53913791811716,1640
2031-11-06,120.97242366497358,122.29796101549857,120.90935324993694,120.98940445678296,1162
2031-11-07,122.00937972337847,122.5060902682313,121.71021509565983,121.83912244828733,5346
2031-11-08,121.47995882537462,121.9950811667493,121.58068953237495,121.6382249348165,8704
2031-11-09,122.14447905320813,122.1431876556979,120.54535268951015,121.97890609810415,9835
2031-11-10,121.39485205956886,121.51505073010627,121.21263434281674,121.40205995743423,5424
2031-11-11,121.52549016147147,122.42360231607016,121.70585569681879,121.77942660646814,5464
2031-11-12,121.65076592785435,122.41439266677922,121.66434294780447,121.87913859946151,4708
2031-11-13,122.49044454742408,122.58319915875539,121.89499823834157,122.11565774054162,7749
2031-11-14,121.49394610580494,122.33570765911576,121.32813217347716,121.79287170452393,1137
2031-11-15,120.61192991148947,121.03609909079043,120.7818290236518,120.96232999674035,8106
2031-11-16,121.31726968853464,121.47488878739097,121.05637017716884,121.2139560291151,8242
2031-11-17,120.17308261757262,120.64955890917048,119.8701943414419,120.18225445287537,5251
2031-11-18,119.63009279352609,120.62165431751717,119.24141404352956,120.0235792067541,2058
2031-11-19,120.33834408773723,121.22627077622587,120.24347709542543,120.49417013996408,5614
2031-11-20,120.34508456442244,121.18249095725393,120.44880207977064,120.5901190079006,5277
2031-11-21,121.37179006642144,121.8105089998726,121.34194059042304,121.5642903302955,9361
2031-11-22,122.83433602562837,122.22175992752175,121.9309813230527,122.07684490658639,6413
2031-11-23,121.6591217410214,122.35786462141157,121.63371477399545,121.74989571242361,6842
2031-11-24,121.49917711909768,121.88646196570485,121.54826266003606,121.76355240234932,4903
2031-11-25,122.34640329831701,122.08179715275033,121.25145498813946,121.73986705107711,8224
2031-11-26,121.21525510886177,121.8615347238964,120.85233366346151,120.94877866940405,4051
2031-11-27,120.6960268793375,121.00710092074455,120.15810213798618,120.47857921116187,4666
2031-11-28,119.94827046938154,120.54611373086809,119.42905728660662,120.19819875767195,3760
2031-11-29,119.53753351354993,119.77805945996163,119.09751144472979,119.18008850624398,4835
2031-11-30,119.44871761683963,119.6447084407498,118.43567645346076,119.20383524036978,2360
2031-12-01,119.12342619259468,119.35765830635998,118.35001111412028,119.07929931804327,9614
2031-12-02,117.72796143052581,118.54929440326907,118.18315624219038,118.24285236738748,4973
2031-12-03,118.4389827992828,118.752615741063,118.04617026839404,118.44495880002614,3829
2031-12-04,119.32187438662125,119.73182024801697,117.6528798297994,118.80289517237163,1145
2031-12-05,118.98252725772669,118.9379751272806,118.66994592058073,118.91641241180407,3373
2031-12-06,118.64143836607504,118.90534416675895,118.43837802189744,118.75437832419959,1229
2031-12-07,118.9815621971489,119.37463756685882,118.46675330210587,119.05009940007551,6388
2031-12-08,119.34243388826972,119.85579221070235,118.81995141289076,119.39020958031386,5680
2031-12-09,119.30402710104062,119.78255936957841,119.11020420055416,119.5439113651737,9049
2031-12-10,119.11923179114748,119.24036198792572,118.94630702406866,119.13160523995633,3665
2031-12-11,119.70272598157558,119.6645818056632,118.3454366840263,119.26990562271192,4593
2031-12-12,120.26648241179795,120.58685930751237,119.4256600267854,119.86764594812466,3829
2031-12-13,119.34303064572157,120.20429296248257,118.99020227842978,119.56933141881879,4336
2031-12-14,121.00107030375023,121.21636794693056,120.19541355659283,120.61830108838501,8816
2031-12-15,120.58382801518815,120.66211252871736,119.55282298071546,120.35548562139232,2241
2031-12-16,120.56169068934588,120.5411434009003,120.06811360767273,120.37168912806239,6048
2031-12-17,120.16501989455125,120.76061645943875,119.19911113769722,120.03544633005922,4295
2031-12-18,119.86796883438551,120.70815702876256,120.11806159698723,120.14708174801935,4362
2031-12-19,119.15429744621456,119.63946831456022,119.1734321117098,119.2759709017017,2388
2031-12-20,119.25282552322975,119.3873334165737,118.8478583932392,119.00295000229335,9297
2031-12-21,118.09482829895657,119.26592364270208,118.18957113580032,118.45688940211906,6752
2031-12-22,118.21232604444644,119.52125032635641,118.52054177428556,118.5245585760652,2821
2031-12-23,119.11364149124942,119.39756387652075,118.04056750745538,119.02178226381966,9476
2031-12-24,119.10792555917921,119.73647771945406,119.07722485297717,119.34478535737694,1595
2031-12-25,118.40612398305771,118.44913317837386,118.11015160638361,118.15895567694749,7655
2031-12-26,118.95372511653447,120.15365474686357,118.72868060772582,119.17999050341143,9743
2031-12-27,119.4009445171808,119.46147860090119,118.54293176315355,119.32763047372185,8877
2031-12-28,119.03780237287057,119.36593603570023,118.16936981051317,118.93938090347535,6784
2031-12-29,118.8733164596016,119.0707073323563,118.40229459382549,119.01794486297084,7884
2031-12-30,119.0341457853258,119.24005606788599,118.75306107056845,119.10603977422218,7049
2031-12-31,118.56861197173441,119.60413654554446,118.43446546012905,118.7726154157464,4605
2032-01-01,118.86599233772176,119.14143558928659,117.61307597331168,118.87157374941744,8287
2032-01-02,118.27933143358091,119.29352533614247,118.18549801788966,118.56783760560728,1695
2032-01-03,118.29860428381316,118.4933206951348,118.18231322233474,118.36565660926227,4044
2032-01-04,118.2470643437233,118.44670030959628,117.83518588684865,118.02251704138473,2946
2032-01-05,116.9651560727967,117.59785286295414,116.74377824316596,117.3061813965149,3722
2032-01-06,117.23297880802923,117.4305822528549,116.95510086464117,117.3790996316226,2806
2032-01-07,117.82722807287625,117.98499945790243,117.58370160576534,117.67174934988077,9141
2032-01-08,117.30589771341474,118.48292185223279,117.91166193898339,117.92919114791894,9301
2032-01-09,118.89582898515637,118.93986229013008,118.31366991543672,118.33915377423656,9983
2032-01-10,118.81490125345327,118.77375891465576,118.16135394282662,118.501323879244,9125
2032-01-11,117.77346045606436,118.3040575040312,117.80622295686405,118.23496113013555,3639
2032-01-12,118.02353432237162,118.80285985729395,118.44180150145863,118.65479306235115,4883
2032-01-13,117.98491956863039,118.27011085509045,117.51573882019538,117.97603429243017,4725
2032-01-14,117.18962534240329,118.2510983343283,116.85742101529782,117.52569860117393,9264
2032-01-15,117.33204655252185,117.60216944606462,116.7775342796747,117.04359856546232,5973
2032-01-16,117.70182724367147,117.71443922682236,117.23951246421251,117.58362659503197,3764
2032-01-17,118.09203455700319,118.1780797052903,118.01472294008713,118.055020852102,4989
2032-01-18,118.12759655511742,118.32580077205658,117.87178028061048,118.29867347062451,1591
2032-01-19,119.3146406951672,119.48309470986639,118.08258198438,118.8346384032304,9216
2032-01-20,118.6210326422409,118.83040578795614,117.5835590197888,118.3949970120244,7320
2032-01-21,118.75024431466109,118.94104990712219,118.22118273067348,118.5692945719549,6398
2032-01-22,118.86672414715154,118.84449162205892,117.72837907393603,118.50670735776332,6339
2032-01-23,118.62449015065792,119.28389201330846,118.85425043526953,118.93014840970578,4899
2032-01-24,119.2579576541414,119.05999013658007,118.49078000984228,118.87253629342968,7837
2032-01-25,118.60068236031584,119.3203709219052,118.06770258826975,118.68006484922464,8320
2032-01-26,119.05093801748586,119.37748356579081,118.94764731074717,118.95051910850513,2876
2032-01-27,119.34166478919917,119.95774441454553,119.35305176344207,119.38860369210074,8670
2032-01-28,118.49107141276527,119.20913918724837,118.58760279396289,119.05443109467734,1158
2032-01-29,119.31109773729283,119.30604473190647,118.70064427620316,119.02389325900116,1733
2032-01-30,117.94732794530809,118.92391088776665,118.1169425820798,118.49467294218033,5454
2032-01-31,116.95568625343009,117.50333933249156,116.15222774779812,117.24564243343386,3028
2032-02-01,117.21002486001228,117.56811201407957,117.2581082178422,117.34587224914073,7843
2032-02-02,117.06424026346527,118.07330644358267,116.60186783765546,117.65032492726804,1764
2032-02-03,117.4511715449703,118.65224038800305,117.28584966375863,117.7813583318114,1191
2032-02-04,116.88002350016943,117.37658411613461,116.36943399433403,116.80657747293422,9435
2032-02-05,116.52715740043533,117.11646959420172,116.34683160242592,116.63115275789599,8137
2032-02-06,115.4427330157529,116.15860660377388,115.11175980578868,115.52197887787045,2100
2032-02-07,115.93232749640096,116.27498507947938,115.68798966133241,116.20682943169754,9924
2032-02-08,115.67765653776586,116.11492124199587,115.40943178073489,115.6638021406385,5052
2032-02-09,116.19392953780947,116.42228755698171,115.97525045733754,116.29150394536845,9972
2032-02-10,116.27214914690501,116.93682205714735,116.4363785390262,116.76443876721052,1793
2032-02-11,116.2538679900712,116.52806069880141,115.06572859533202,116.31414359094248,6098
2032-02-12,115.37517756723318,116.74922465734676,115.74265227430506,115.74775111530862,9282
2032-02-13,116.19224535708454,116.14309906583988,115.02470686291677,115.92293622350178,7711
2032-02-14,115.38332218450066,115.9049061174437,115.24620446707448,115.50077420491024,2641
2032-02-15,116.30847385520858,115.93330724073788,114.5054624523295,115.55201652598934,4358
2032-02-16,115.60067349154232,115.83249120878676,115.22038346291053,115.31060273058588,4856
2032-02-17,114.38094277076694,115.24607468919955,114.14613863534329,114.42002352335308,9627
2032-02-18,113.47863316375803,113.68610097200862,112.74591053963269,113.30478951379085,2916
2032-02-19,112.79119188142465,114.14154305809392,112.93727365778153,113.41813163803815,1046
2032-02-20,113.42606658694575,113.25934585887165,112.88404167989695,113.13735276487283,9182
2032-02-21,112.61472070726852,112.95676885893381,112.67039550849681,112.86080785641576,3354
2032-02-22,113.23565968707597,114.2748130060345,112.85973898220739,113.20873977596266,1113
2032-02-23,113.57717416042388,113.91863489075313,113.61586087039555,113.79546091427888,2081
2032-02-24,113.47279304102496,114.01328163427776,113.58322912171957,113.65918855359797,5139
2032-02-25,113.43454957314923,113.62992772858122,113.48386341402595,113.48888920014305,8150
2032-02-26,113.76201054920197,114.30667687121527,113.73268624439191,113.73896071669999,9585
2032-02-27,113.05241816761342,113.68846145185806,112.72447739352667,113.0604929318502,2589
2032-02-28,113.17147407198264,113.4593503179924,112.5508034018627,113.17206945922405,8713
2032-02-29,112.9603076328907,114.01021952012059,113.27958327049039,113.44801244513513,5855
2032-03-01,114.48774243062317,114.39461951361862,113.59215359574681,113.78812754934394,7030
2032-03-02,112.88934529681312,113.02685658855648,112.45138570433427,112.81975119809272,2525
2032-03-03,112.57034376687939,112.91144998919269,112.01304667228324,112.43907356318824,7567
2032-03-04,111.897944603538,112.02579849243052,111.4138386278487,111.99994193677651,5595
2032-03-05,111.78763900561383,112.48626594937538,111.9641308345355,112.04988541398112,8445
2032-03-06,112.33556842315616,112.37273614156962,111.70708784808448,112.29025770386511,6599
2032-03-07,113.1253959807804,113.60466134800544,112.5840482312883,113.03861290758809,5310
2032-03-08,113.18167283064048,112.87519999042864,112.18298322485542,112.79113016740406,9935
2032-03-09,113.1656292233039,112.61734146320333,112.24695362956234,112.54234391824946,3165
2032-03-10,113.56028664888589,113.16410273580051,112.72503586482497,113.11717992768882,7704
2032-03-11,112.73550971992799,113.66683218317283,112.73398319846491,113.26546839695398,6569
2032-03-12,113.76116871030503,114.2331853496921,113.7613571746397,113.89929415254797,6778
2032-03-13,114.1444032900392,115.14188128487443,113.95278024866278,114.04365815405288,4811
2032-03-14,113.34501414897252,113.70053427438394,113.17717973859725,113.46509984469625,4469
2032-03-15,112.78538762228362,113.29245287796134,112.61762867326509,112.79853566730735,1262
2032-03-16,111.37923866954993,112.24596666515716,111.77609157902921,112.02277954277788,5431
2032-03-17,112.62806936045212,112.67392070789113,111.86260855460627,112.35380546015712,4801
2032-03-18,112.38546730005869,113.51560992079366,112.51989711869773,112.94810387170062,1983
2032-03-19,113.40103808514961,114.12003370828397,113.78155994095667,113.8727849423938,8671
2032-03-20,113.98993637326792,114.36507708502276,114.19361933659678,114.29433760855542,2559
2032-03-21,114.84649671119229,114.9386532111521,114.7938684617265,114.87575689732293,3702
2032-03-22,114.09893112444242,115.49698040249297,114.55838551844106,114.58574873099607,6686
2032-03-23,113.6894231524047,114.48094086971481,113.96113854959593,114.00754082262415,8521
2032-03-24,114.7772640015258,115.32009899939666,114.27987187881742,114.43258048883293,5497
2032-03-25,114.60771275904501,114.65731281738796,113.9322224306952,114.64142086495264,6802
2032-03-26,114.82520714573249,115.61292829055851,114.3147706713054,114.69514305212307,7628
2032-03-27,114.51795595716465,114.97843011959914,114.87963777605405,114.88882879243957,9581
2032-03-28,115.0342707263015,115.53016957196839,114.82689431568564,115.05042153366867,5268
2032-03-29,115.65156998170204,115.87485747999794,115.63291954223091,115.69232996359545,5048
2032-03-30,116.10124161473202,117.07721202662314,116.13101199781806,116.33982275600394,1506
2032-03-31,116.59660980093875,116.69419019807219,115.86196288590595,116.61193293217411,7287
2032-04-01,116.46719678060869,117.46342055540141,116.34831059612304,117.03483436845556,1246
2032-04-02,117.4234482679688,117.53777284521193,116.96197826534706,117.29186564466795,7684
2032-04-03,116.94143296338471,117.44798068668446,116.49791896026134,117.06128077865066,8552
2032-04-04,117.36239729856018,117.96769831998128,116.6962038811546,117.43956311610722,3714
2032-04-05,116.99784532231263,117.09521760923542,116.65174014331195,116.74231558167759,7755
2032-04-06,117.39887140106293,117.647582590379,116.737002371284,117.26926135782553,3639
2032-04-07,116.57649813122417,117.10142202709199,116.45673508210399,116.6719998879425,7684
2032-04-08,116.47992572260625,117.35598059925387,116.63572606516209,116.81490153133987,5157
2032-04-09,116.79092297356307,116.98167011802492,116.32725501868673,116.3923245521268,2918
2032-04-10,116.26698244308571,116.84503835014307,116.46349114002477,116.66901904366401,6921
2032-04-11,116.8408665014804,116.80663529045879,116.29197471431593,116.65205643070006,1943
2032-04-12,115.37546026835648,116.19670146680791,115.74016197131931,115.85467845161838,9308
2032-04-13,116.34039025807117,116.06757096519175,115.9495648851078,116.06502826712763,3557
2032-04-14,116.07924813457635,116.53963407078884,115.69575696617055,115.77606787871127,7698
2032-04-15,115.64285798616142,116.70367131757708,115.9303957988919,116.21664123911796,1988
2032-04-16,116.35210459929154,117.19317538799038,116.086318156057,116.21730408348516,8936
2032-04-17,116.52496567050413,116.64255236403936,115.56462718240871,116.41501457617917,7693
2032-04-18,116.14714489007739,115.99143068062237,115.31883272306231,115.93623009867157,9155
2032-04-19,115.75113606546338,115.99657652636544,114.77860475887307,115.64156398295789,5279
2032-04-20,115.12354995707028,115.7382847835848,114.50790438060307,115.41224466490735,4567
2032-04-21,115.77542601478766,116.26020847736302,114.80080184538241,115.84059590502862,8160
2032-04-22,117.17867840986156,117.78342345887141,116.34269954152124,116.67928444893137,4113
2032-04-23,115.94435453027506,116.60299752772568,116.0010147234186,116.27669857305993,9707
2032-04-24,116.91198003289412,117.9738807609872,116.21123439950097,116.81512264538877,5214
2032-04-25,116.07566009871243,116.02198639442501,115.20196482917316,115.73028393652592,4148
2032-04-26,114.83596339332159,115.47124105512836,114.76045850860703,115.13318923597978,5887
2032-04-27,114.22876401375164,115.24024714720213,114.62538797681174,114.65380000788639,3886
2032-04-28,113.59771496307069,113.98608007576588,113.89425241358809,113.97754566316603,8290
2032-04-29,113.30424287674516,113.58409354831805,112.87294002059744,113.18575146827224,3481
2032-04-30,113.00986979244364,113.75128194625974,113.01411004880993,113.39225092434114,3010
2032-05-01,113.24460906328758,113.55473782385359,111.99159250777497,113.2852170754772,2425
2032-05-02,113.88630119317072,113.63592575958846,112.80897962214208,113.47491977427975,8517
2032-05-03,113.80476368001793,113.90618557852365,113.55430314034284,113.82015611734052,1667
2032-05-04,113.71962077747854,114.24714539608017,113.40759558506511,113.95296461392678,6532
2032-05-05,114.31946910381599,114.28825335428522,114.23789412109963,114.28184620200197,7472
2032-05-06,114.22647820266035,114.83132550493048,114.15595083708982,114.24708005888084,1102
2032-05-07,113.78938065636893,114.04889536036444,113.1207757348738,113.65358336472796,6460
2032-05-08,114.66823382128402,114.32364647610083,113.5981299993542,114.18249045513836,4685
2032-05-09,114.00696504639889,114.35978710446284,113.74519091714821,113.8879343887478,6164
2032-05-10,114.03027099289636,113.67264487473918,112.6556287271592,113.42013623936658,7488
2032-05-11,113.46776787250765,113.41314028984215,113.11299850475883,113.3311773014644,1048
2032-05-12,112.64457245400371,113.07590301414831,112.8210197315871,112.87477184181613,5947
2032-05-13,113.35254754908999,113.14068530174787,111.69771676967854,112.66605665082142,9659
2032-05-14,112.80063820639958,113.0699757972922,112.06508233949332,112.83808361160315,9238
2032-05-15,112.6957868116589,113.67980678986052,112.32695029048115,113.01225448122621,5719
2032-05-16,113.26045804710238,113.03264498732614,111.71142378043028,112.5633394480134,4827
2032-05-17,112.09955169568488,112.571533677511,111.65588162433578,112.31948676153903,2293
2032-05-18,112.62493643431337,112.93347782857245,112.01810598468806,112.85665326392414,7100
2032-05-19,112.93941217037779,113.26441374372538,112.97967701856558,113.10485332279112,7908
2032-05-20,114.19177376646205,114.73591141779858,113.55553643708852,114.14238584246539,2316
2032-05-21,115.01170834857082,115.3442397592158,114.05828417669589,114.73244992933616,8750
2032-05-22,114.50995897950966,115.97206982780794,115.20321266280443,115.30459646361612,1498
2032-05-23,114.88861233398167,114.63132560432672,114.38477449545087,114.61066218838822,1486
2032-05-24,114.82623198350603,115.27007594670422,114.97266771212976,114.99259236420492,8579
2032-05-25,114.84217063040843,115.6378122166675,114.88492938884569,114.96603896335647,5474
2032-05-26,115.20510560486375,115.00240607904554,113.77609324536876,114.69054806158735,9966
2032-05-27,114.83854817981431,114.93376415871276,114.70163759873263,114.77455573185361,6740
2032-05-28,115.38147190351887,115.25517983066608,114.84431576219822,115.24716149915935,1888
2032-05-29,115.48300926021558,115.94737666365116,115.42611623181648,115.49757729466145,5787
2032-05-30,115.28743316915514,115.51592646934975,114.50940224986309,115.05834039399043,8332
2032-05-31,115.9149730226732,115.5450019063857,115.15462600983572,115.42956985078673,5109
2032-06-01,114.36825649482685,115.86508080693862,114.78287742401386,115.11077607974876,8736
2032-06-02,115.54450303645177,115.34220961137889,115.17362457021129,115.2191176392309,8171
2032-06-03,115.53155252465494,115.52660067415653,114.91474126454563,115.06744260549233,2104
2032-06-04,115.1083284539947,115.70297758194464,113.9873004461812,114.95800947962452,1180
2032-06-05,115.13792224033332,115.97306674751164,114.53637990519891,115.34113096714478,5767
2032-06-06,114.47535237286678,114.9842246111596,114.36630452098804,114.82103410723683,1869
2032-06-07,116.50218535044928,116.4741503248417,115.46175842107583,115.7936316443753,9408
2032-06-08,114.61159350374119,114.90253586784617,114.57492761517362,114.88308860972805,6385
2032-06-09,115.0395472394175,114.68994509542361,114.50103556941521,114.58425476810062,3810
2032-06-10,114.88651411041421,115.36080818251044,114.57652441451054,114.76936071307148,9816
2032-06-11,115.67526703809358,115.83374525083092,114.85272360546774,115.06151779628914,7333
2032-06-12,114.91580188671033,115.27136814680343,114.98571904163677,115.01127993600329,1631
2032-06-13,114.50031030741745,114.98837947666193,114.88328310941229,114.98258458450252,8567
2032-06-14,115.1885108813251,115.47088835658235,114.8369304320452,115.18785962716632,1130
2032-06-15,114.62639059706737,115.3140668426394,114.97552747679703,115.07232488843749,9721
2032-06-16,116.57203367676722,116.17788416261817,115.21637097398721,115.76891551740493,7559
2032-06-17,116.37743954174499,116.25884452666354,115.90471596646363,116.18859007452073,2147
2032-06-18,116.85844138482989,117.44959791169079,116.16734309988747,116.62500225002356,1561
2032-06-19,116.37555497324615,116.57237894060907,116.11614372917701,116.14192388833834,4586
2032-06-20,115.8941527719485,116.35607606122554,115.73498884814653,116.1022296761355,2095
2032-06-21,115.91238755402003,116.62248271976578,115.88761104259859,115.95199670177514,3172
2032-06-22,115.48230540333834,116.29022965577931,115.43249055388145,115.44919601393042,8172
2032-06-23,116.21244464492914,116.28732783182853,115.45441326486511,115.6292781059033,1083
2032-06-24,115.01332768743869,115.8379963710813,114.75365644586226,115.36045522701339,3987
2032-06-25,115.46958197501206,115.85091384843597,115.57010849483096,115.6881571419385,7875
2032-06-26,115.04418202862352,115.81366692353012,114.91379594503714,115.15306136049134,6142
2032-06-27,115.81048766917907,116.81953239465174,115.8283392101239,116.01258166691225,6079
2032-06-28,115.12673740126095,116.31054759235376,114.77897210061872,115.56441533761623,1905
2032-06-29,114.86265515008895,115.80088673316268,115.3538979507516,115.67406650621643,7793
2032-06-30,115.5219428217091,116.64428781902984,116.03114193139797,116.06999616141047,4232
2032-07-01,116.11438492608487,115.90835140988487,115.72334911018308,115.78467594631041,4144
2032-07-02,116.20844459773313,116.57220865872763,115.72195613339034,116.2109102680269,9730
2032-07-03,115.84698014400291,115.81672836857955,115.29321643060406,115.59631846912669,7205
2032-07-04,116.14762323994546,116.64644353566186,115.4309398105823,116.32237731871797,9593
2032-07-05,116.29995125312311,117.28527305666036,116.29325215148862,116.32945195120084,1198
2032-07-06,116.51519349750407,116.1415275144209,115.43624396065923,116.0312462472164,6333
2032-07-07,116.34747214269991,116.55992788714596,115.08600095541036,115.88165536100269,7921
2032-07-08,116.56870663547673,116.38827493769321,116.23246802398211,116.28611499569905,5122
2032-07-09,116.05461268596095,116.58745251591549,115.97209351780293,115.99388734977383,6100
2032-07-10,115.77459933332722,115.8632149066485,115.35944328880447,115.61920850506245,1971
2032-07-11,115.61963169586419,115.59973410837773,115.37626549683868,115.50844020627056,6314
2032-07-12,114.86988111178935,115.02618851240273,114.66175617569002,114.91995914988559,6558
2032-07-13,115.70892016102437,115.95544624535701,115.78753022832235,115.83023110385649,9042
2032-07-14,115.88374419183947,115.887177391108,115.04134967965403,115.54703380824913,3370
2032-07-15,115.57415393667048,116.54180905120498,115.60135194479041,115.96284220133933,9089
2032-07-16,116.5137847263378,116.09977601347556,115.66246332701199,116.06757724316321,8981
2032-07-17,115.4926773758979,117.2400621166763,115.4726513955212,115.57531021792224,6321
2032-07-18,115.17811681190656,115.69599951415712,114.60936920306473,115.57233286331586,8618
2032-07-19,115.80068279566225,116.11474131815866,115.7223782817815,115.96433425297124,9951
2032-07-20,115.60788121930071,116.36192846716708,115.74655655868467,115.87020358542809,2371
2032-07-21,116.29405775272245,116.62461976950186,116.08628856807012,116.4667600583536,3058
2032-07-22,116.79933169913839,117.56386654333707,116.92898184467026,116.97751775474454,9626
2032-07-23,117.24686675066114,117.67498405587318,117.37978530172239,117.43697518207371,4103
2032-07-24,117.11475967549525,117.67955404105807,116.81330814772505,117.2071467959372,1839
2032-07-25,116.64779357242814,116.74973820326582,116.52106699916192,116.66722557204646,7291
2032-07-26,116.58958965991935,117.02823510268824,116.27753176031356,116.36043176936506,7412
2032-07-27,116.38506645010229,116.78874292496619,116.43059190923681,116.45855223969842,8801
2032-07-28,116.82925183845288,117.34264667728985,115.85009210144379,116.7314455964646,5738
2032-07-29,115.64791928769894,115.67674950899053,115.57802462373225,115.64565989408437,6006
2032-07-30,115.8037775244264,116.58133677525159,115.45293020173854,115.64160329327851,7907
2032-07-31,115.73465050783686,116.6191437295798,115.71020583112765,115.7206479059401,3299
2032-08-01,115.38782924518722,115.6629186241057,115.0642374946922,115.58187577778232,3615
2032-08-02,115.95205280149807,116.6587079852491,115.20131495122965,116.22751269729025,1891
2032-08-03,116.50147161396696,117.24721346372877,116.09921413459338,116.43840273441569,5010
2032-08-04,117.47551223542632,117.31835499220439,116.47628760242297,117.09349868845614,9952
2032-08-05,116.91678104017811,117.65069018202588,116.81281495236476,116.98551842828103,2225
2032-08-06,117.24399807838603,118.39818666851382,117.15627552011894,117.45425717453449,3296
2032-08-07,118.19493916921678,118.43740175172819,118.03014512358374,118.27179037179825,5909
2032-08-08,118.75921874316383,119.18103839371082,118.43397422870804,118.92763709643458,7516
2032-08-09,118.18147214398662,119.44815851353428,118.33289080257491,118.3815662997202,9367
2032-08-10,117.82164988649895,119.30460453494702,118.07297813876627,118.25472826094902,4176
2032-08-11,118.00882342234556,118.36989101477218,117.2059339062661,118.08214590822412,1864
2032-08-12,118.3975063219153,118.79350875497481,118.29743787407746,118.32677317576228,7582
2032-08-13,118.34537870611014,118.79755302048936,118.161612765259,118.66994995326955,3101
2032-08-14,117.98700169117632,119.00634032334939,117.51293678774022,118.25050361625668,3368
2032-08-15,118.00000427486869,119.38844589698692,117.53637512751793,118.28442287321515,2242
2032-08-16,116.85845581702323,117.337163546875,115.52693659589278,117.27445920713708,1927
2032-08-17,117.70875407894626,118.49447379633986,117.61073833101925,117.99543171003803,6588
2032-08-18,117.6798876610519,117.76084661404244,117.28389410418737,117.73924458969968,7891
2032-08-19,117.36455921780848,118.28607429613102,117.56017008864958,117.76717655962193,3943
2032-08-20,117.57108896238846,118.35072353802205,116.96112366063188,117.6123517026279,5499
2032-08-21,117.97432545239649,118.49642923031281,118.15593056251346,118.18536549013461,1346
2032-08-22,116.48791765178984,117.53437765612186,116.62752798265899,116.76661226943592,7819
2032-08-23,116.8714697431849,117.4075777631575,116.48966259282678,116.75830709827297,1488
2032-08-24,116.51336003792994,117.01241585150272,115.99936300411947,116.70539771952411,3847
2032-08-25,116.33757536590797,117.39306690385544,115.95524649641241,116.47857952572826,3406
2032-08-26,117.73109484154615,118.45786581513896,117.1836405719929,117.34169279854609,8708
2032-08-27,116.62201137899561,116.98564975060036,116.3010045772869,116.8980280691182,8085
2032-08-28,117.75368852201375,117.68832321694426,117.09320539507651,117.28392615773603,2110
2032-08-29,117.35771521337328,118.39418747071731,116.84149336584139,117.46205255208908,3425
2032-08-30,117.75197178849525,119.21515330607197,117.81095481714237,118.09281217835684,7222
2032-08-31,117.59303313364948,117.97905864042731,117.54454280072207,117.75921763596808,1969
2032-09-01,117.41336565839292,117.96025161495707,117.20931575199013,117.3927331864062,5403
2032-09-02,118.31711929809711,118.31139582389964,117.63404650681983,117.9407681401449,2934
2032-09-03,118.39307623687894,118.92256161476598,117.96065924560384,118.15342879430996,4160
2032-09-04,117.4001321759223,117.7310189168793,116.73002319503519,117.38096012097158,5786
2032-09-05,117.48929440818668,117.70716718054861,116.63428590800828,117.11130761373994,8454
2032-09-06,116.74018782630371,117.40875215614084,116.72362779041107,117.30449894066396,7799
2032-09-07,117.79821351045521,117.98926890191808,117.59739164598423,117.72338105143726,1163
2032-09-08,117.47674764282847,117.68191561757139,117.1095779150236,117.38376572484079,6414
2032-09-09,116.02328047020602,115.95233519352858,115.14777917166751,115.92663772993232,9842
2032-09-10,115.70520397300422,116.5021005200768,116.14534577283914,116.18824932280083,8920
2032-09-11,115.27301525732531,115.7235997143715,114.90361380546987,115.57808897782886,8922
2032-09-12,114.51947725212034,114.90197326427705,113.8249258274487,114.56941957876765,8641
2032-09-13,113.48769406776401,113.4450368902236,113.14289085226773,113.15325661627557,3094
2032-09-14,114.13482639508975,114.58271644538996,113.17836229578043,113.56024704637444,5101
2032-09-15,113.42522519610189,113.7371412376904,113.45190099349453,113.62455577157692,5852
2032-09-16,113.11877354362947,114.50360868594731,113.43207977993985,113.5117275812208,6007
2032-09-17,114.45096819362972,114.46634426942923,113.90292247959087,114.20623976270218,3568
2032-09-18,115.309213107604,114.57333512045166,113.67244456384924,114.52490210421372,5938
2032-09-19,115.66513431556504,116.25575196619987,114.9066080626595,115.33305212557468,4796
2032-09-20,114.41209457229297,115.15103374743613,114.22861614446563,114.63668438949118,6933
2032-09-21,115.47775086547935,115.08026799575515,114.00675524075672,114.61940907751419,3374
2032-09-22,114.01709227618086,115.02023026682642,113.64653024241899,113.81105239004019,2931
2032-09-23,113.45905726003494,113.71194140651319,113.12273522852513,113.69636122411245,8026
2032-09-24,114.15234394713043,114.1952182027666,113.4901819235835,113.57205329722912,7887
2032-09-25,113.624362572441,114.4628643645606,113.76515450902632,113.88536011586065,8173
2032-09-26,113.72181550083302,115.10722360405705,113.49505707923701,113.9081420564316,5138
2032-09-27,114.4378318722739,114.92406137075575,114.00714131086227,114.21984562557157,8449
2032-09-28,114.56409409677423,116.19673243023885,113.89088675651716,114.57156569214101,2589
2032-09-29,115.66013217043401,116.70507469445903,115.09294133163444,115.64903003083258,3943
2032-09-30,115.50298915368235,115.59864816263273,115.43477305437713,115.49138170318952,8818
2032-10-01,115.35521433061737,115.48319236208033,114.677349806912,115.02087035285632,6334
2032-10-02,114.44659496860105,115.37022417550459,114.7102123897699,115.14391216051453,4096
2032-10-03,114.8281263127107,114.83743916503484,113.93657683586598,114.74277214694476,1907
2032-10-04,115.39669151803886,115.79421922897002,115.29545809375426,115.48375253116302,5672
2032-10-05,115.11639470193123,115.94690921225855,115.27839285235126,115.34214351169041,9451
2032-10-06,114.83281440237342,115.20431590426593,114.54301756324443,115.05935532775342,9128
2032-10-07,114.03256456641209,115.26361712022835,114.19681430118234,114.82369746717785,6537
2032-10-08,114.94338074783333,115.59679378609964,115.06862013574992,115.18290617891368,6594
2032-10-09,115.49117150477973,115.50519907624016,114.7160969375748,115.10403268729793,3762
2032-10-10,115.032815740641,114.83356718129342,114.1670096772241,114.78319927723274,1869
2032-10-11,115.55846070732615,116.70465233038489,114.88468237011081,115.6158752360445,3031
2032-10-12,114.76441359916144,115.40670137714447,114.9446137128013,115.18779031571364,9124
2032-10-13,115.45213428440786,115.65550233854776,114.70270373332161,115.20557335273013,6237
2032-10-14,115.92468095203337,115.74077214228855,115.1215021951492,115.53172642853525,9766
2032-10-15,115.02631727456601,115.05352780178346,114.4465028407007,114.71605887332672,9332
2032-10-16,114.66557145753377,115.20394738610213,114.61824890597572,114.95618912402968,5094
2032-10-17,114.16917168203064,114.84513941420917,114.1707432525295,114.42863528628945,4372
2032-10-18,115.33680005435971,115.04014781817239,114.43394749493066,114.84002667670644,7368
2032-10-19,113.99591985829788,115.30412138076655,113.46618627494024,114.35870117074697,7304
2032-10-20,114.84854969632606,114.90787936504523,114.3963425311314,114.7050856866714,1396
2032-10-21,114.72468137569679,115.6574279918274,115.23222611110236,115.25800221981875,2864
2032-10-22,115.59862587242297,116.2740598769884,115.58776368249461,115.68872048263515,7372
2032-10-23,115.98992392697451,116.33989978189756,115.70367027589208,115.8143788067542,9629
2032-10-24,115.68973854814672,116.0451999503629,115.3913598618064,115.69872833528936,7557
2032-10-25,115.56769254343847,115.69879910737643,115.31010992985111,115.41051854712194,7752
2032-10-26,115.77817436983436,116.61524160446713,115.9490598880335,116.14603589253048,6951
2032-10-27,115.55028769309797,116.4065264779872,115.36478471344518,115.79628828244667,1651
2032-10-28,115.42230075921132,115.6513661617719,114.73309456734759,115.27775524566167,3177
2032-10-29,115.81950615579379,115.90844404967115,115.01769945365727,115.61043971317808,9846
2032-10-30,115.27831516750369,115.44542541135692,114.90912499850546,115.21237131158483,1848
2032-10-31,115.02145688534927,115.04016737960708,114.70240137105353,114.73733956285177,9669
2032-11-01,113.5183750501955,114.61714382291304,112.52023670766462,114.01553743176689,2061
2032-11-02,113.63422312693257,114.04885970996642,113.56193694570939,113.77408251203663,1975
2032-11-03,114.27953013205624,113.87182729809886,113.53705979747394,113.73272500008838,6883
2032-11-04,114.23931151261685,113.93206059853405,113.73113365820996,113.85427086391873,1518
2032-11-05,114.52001543557073,114.86530117423771,113.38123532080705,114.32992398606847,3948
2032-11-06,114.54676285589473,115.07641937557953,114.34657870496427,114.59337294790137,8996
2032-11-07,114.80838152662976,114.77807728496425,113.7736463147113,114.49793683812477,4802
2032-11-08,114.5275814558334,115.39198430587014,114.33962672693923,114.39883899993492,9256
2032-11-09,114.19868562501034,114.79262829001118,114.20158899343758,114.65391773439251,5032
2032-11-10,115.58893154997362,115.6766895329401,115.055538725198,115.29020281585679,9197
2032-11-11,115.09354689130171,115.9018975688047,114.74533405298416,115.35335991559839,5359
2032-11-12,115.34670096349865,115.84149440688357,114.7452992993896,115.1187944884932,5148
2032-11-13,114.13756965132713,114.80059997226519,114.32214494958491,114.62236148795041,3312
2032-11-14,114.37946465537436,114.08077113123854,113.24736598001503,113.8997588557443,3853
2032-11-15,114.15042477812543,114.260063838837,113.7173284744258,114.23289369176607,7303
2032-11-16,114.18908205391949,114.90336208194283,114.0838877622962,114.52188295358584,8190
2032-11-17,114.60401314621794,115.56977570914381,114.57638575465731,114.81056471613917,3432
2032-11-18,114.64518026376902,115.57219216139683,114.54959292465624,114.74623499296314,5970
2032-11-19,115.44797145098084,115.71227469530315,114.74870205419496,115.44970236590902,1617
2032-11-20,115.60308680951852,115.88750222511706,115.01232296100689,115.20764311861662,3359
2032-11-21,115.70632052216344,116.12239782183684,115.13012414934616,115.68527773722022,4931
2032-11-22,115.01463125040868,115.67171134695296,115.60092535394088,115.66590628972544,6602
2032-11-23,114.9928093537351,116.00383001284136,114.58521244262955,115.36173090738578,3079
2032-11-24,116.48525649876949,115.939772651669,115.09563224133468,115.65799606104466,3885
2032-11-25,115.90343075908554,116.65759578681795,115.23623841996051,115.86281412038666,9284
2032-11-26,116.32653753422326,116.7340193908483,115.79734412395617,116.04130050002011,5129
2032-11-27,115.98943586920007,116.39173970110006,115.46493965067826,116.08193971104822,4360
2032-11-28,115.76160977592774,117.4721453132909,115.1800774221025,116.0629931701898,7456
2032-11-29,117.11279449991048,117.36352403377758,116.94465809932498,117.25717916662502,8829
2032-11-30,117.88780531444063,117.99315893328766,116.92362813522814,117.84930748922311,6323
2032-12-01,118.07265003554774,118.33560724273605,118.13280369171235,118.21072093671586,5715
2032-12-02,118.84216084577648,118.53089011673325,117.04080782989939,118.26662051581755,5818
2032-12-03,118.5853232778479,119.20830540577673,117.9717210782663,118.77019911611589,4500
2032-12-04,118.71274582123654,119.52434627786137,118.93618367270851,119.02919650431161,6095
2032-12-05,119.28493970860933,119.26515345076632,118.38633559303301,119.04229888069864,8674
2032-12-06,119.17011746921915,119.79090206902698,118.51597278891562,118.89051671806567,6302
2032-12-07,118.85905118569588,119.02065791558098,118.77568769183476,118.85005804923433,8226
2032-12-08,117.08420209453308,118.4168900730699,117.1916708462112,117.2648451812953,7239
2032-12-09,116.79994795669222,117.55725396834536,116.79219070973184,117.37014560094413,7648
2032-12-10,117.49212401762217,117.30981734511089,116.99207967588617,117.12590756088895,9402
2032-12-11,118.1828108330069,118.10198552991731,117.80052220291032,117.92224256003038,8949
2032-12-12,117.79994809951154,118.13960440668926,117.37935782379923,117.93191459543627,8738
2032-12-13,117.3553046291977,118.52898897621175,117.0273450739114,117.33743288566879,9974
2032-12-14,117.24448965384825,117.43225496706026,117.217575244573,117.31249280860473,9094
2032-12-15,117.27805133845938,116.80837868197082,116.31482552569514,116.78943226607348,8136
2032-12-16,116.71476048304345,117.66688367355641,116.91347338415946,117.02613597392971,8370
2032-12-17,116.98559120789348,117.1954461034106,116.77971993094496,117.17160965609945,1111
2032-12-18,117.43551159993439,118.47378516495455,117.33570546493864,117.65052947165358,6242
2032-12-19,117.34813696173897,117.47013315389218,116.66999503808512,117.2550885758063,4784
2032-12-20,117.28893146002956,117.67400494804174,117.19866101919216,117.27209262392037,1696
2032-12-21,116.6496021752459,117.19797454674777,116.25092546208197,116.58958172620706,8737
2032-12-22,116.67614697950707,117.35740864052771,116.43480410934299,116.94032911716941,9446
2032-12-23,117.6452337565126,117.47101682222173,117.1191083460027,117.19976470738948,2252
2032-12-24,117.3114536857369,118.0770478377833,116.68791054878271,117.44766721790326,3974
2032-12-25,117.80475371840069,117.68994170617052,117.33857538077787,117.44847673358173,4409
2032-12-26,118.59759737816053,117.97187479078463,117.42662689437668,117.65586317897612,1257
2032-12-27,118.19603191698612,118.69455536954942,118.33602970155903,118.45803273313042,4131
2032-12-28,118.41820107457082,118.36614919303966,118.05958759778343,118.31548560460942,6077
2032-12-29,118.34532710498769,118.73327351394585,118.0921715015289,118.38480819646446,9623
2032-12-30,118.4510095133506,119.05113278040847,117.3479928477656,117.84174504687375,1117
2032-12-31,117.32341838782905,117.463158741727,117.21023975590693,117.40761456607459,7076
2033-01-01,117.53112865587667,117.97898372993237,117.02868172935834,117.45652121262124,3947
2033-01-02,118.0765484818256,118.58993927224427,117.52344499288354,118.0084879859722,7169
2033-01-03,117.85022794286205,117.95392522645484,117.4297788784806,117.88034757384641,1339
2033-01-04,117.9890314395504,117.77786335332426,117.70124707800926,117.76238930919035,2276
2033-01-05,117.58696560707467,118.31148262406506,117.53179473527499,117.55894668693816,9723
2033-01-06,117.43612387292951,117.79998379602242,116.81873462757353,117.29156835151599,4375
2033-01-07,117.5031348908275,117.75271813950731,116.89436993489122,117.43905407937041,7520
2033-01-08,116.50906393906789,116.96889919795133,116.34244028514041,116.69042525678108,2596
2033-01-09,117.25020642719689,117.73740647119885,117.15443087346938,117.33089504511445,1150
2033-01-10,117.1648107518726,117.38500381851877,116.47386082300268,116.99818389604971,1828
2033-01-11,117.5245437293398,117.47093536599175,116.82470059489967,117.35913563876879,8870
2033-01-12,117.09763905471536,117.07138554519588,116.30129093018938,116.72413634007185,9466
2033-01-13,117.61632964969655,117.27600288668363,116.682595905531,117.05855640534496,9010
2033-01-14,117.23820804607989,118.47498501063556,117.35786374512688,117.3945287092522,9448
2033-01-15,117.62709199273904,117.83040202345845,117.15230112488737,117.58662974525515,1680
2033-01-16,117.03139374148971,117.9877922170685,116.58801411719521,117.08941548435526,9073
2033-01-17,116.88199728793462,117.43393249315217,116.85121362900468,117.2141895791543,7479
2033-01-18,116.79202802842843,116.7060583190526,116.60662432300852,116.62266148678711,4111
2033-01-19,116.72963100844076,117.48889312707469,116.48978301989722,116.49627985923901,3982
2033-01-20,116.68788904186073,118.17896321911739,116.84709256490457,117.01098640971668,6075
2033-01-21,117.29698757149944,117.8169929306461,117.1419159459897,117.40933737325204,7473
2033-01-22,117.27530198779345,117.61751543039595,116.82455109281673,117.41692884452226,1242
2033-01-23,116.4769981455933,117.35870117306354,116.9035396932031,116.92952555656085,6054
2033-01-24,117.2414062135984,117.69014759426206,117.24574701836805,117.25231941264794,1479
2033-01-25,116.91843752856539,117.69501338598828,116.86062119406266,117.26201003149696,6214
2033-01-26,116.14955033975835,116.60082939345303,115.764246017175,116.10185223238175,6030
2033-01-27,116.57390360302793,116.69482452920086,115.99061339512099,116.49316714554,9965
2033-01-28,116.59895756359657,117.08687054142973,116.25359796418282,116.48105072860515,9400
2033-01-29,117.21467300591566,117.59859770165772,116.84116167256911,117.0822763525967,9148
2033-01-30,116.99392330815454,116.59629689270837,116.3283835685135,116.53464109317528,3625
2033-01-31,114.70369534433262,115.19137284426557,114.7874631459857,114.94628918657729,1480
2033-02-01,114.85828657094471,115.61384630153275,114.99299633622763,115.08583111574988,8691
2033-02-02,115.42816212324371,115.49300356237394,115.21193264168579,115.23161295409086,2548
2033-02-03,114.34668268269293,114.40750140479352,114.37980515021503,114.38627714028765,2958
2033-02-04,114.23462534947183,114.15043306618587,113.86613645575758,113.89702736735434,2637
2033-02-05,115.4431428769241,115.54726548072735,115.20968040287826,115.27463623921429,4756
2033-02-06,115.69726433062525,115.56530723587397,115.09170991646553,115.12183093213739,3260
2033-02-07,115.4599118853937,115.59287280874783,114.93537832521943,115.4873104203255,2192
2033-02-08,114.71736863504532,115.37110496428122,115.0858750311385,115.1619805066413,3017
2033-02-09,114.21902748320848,114.2916784298941,113.9843547566163,114.11682905721473,8042
2033-02-10,114.01019768644255,114.04453609142058,113.98305556954713,114.03169993381678,1520
2033-02-11,114.0592438996281,114.02369389171092,113.42202252397615,113.89889765367373,6035
2033-02-12,113.8977406903421,113.77254435826376,113.3889152395898,113.69895853433954,9210
2033-02-13,113.48127356205755,113.6512398270691,113.20643334905976,113.64163811658634,5625
2033-02-14,113.47107055485161,114.53239918269522,113.69045869838196,113.77377225240916,3284
2033-02-15,113.65493077177854,114.0323914190096,113.54304545005866,113.69871377678226,3151
2033-02-16,112.35235323207624,113.15726683725329,113.06453644949498,113.06671069280857,1936
2033-02-17,113.33400326622541,113.8107382953601,113.3083123886702,113.30980308858955,1236
2033-02-18,112.21288578838748,112.33519746463188,112.02935637630841,112.33511721092833,4173
2033-02-19,111.56844099563403,112.17913727154712,111.22127430071565,111.30993848228623,2971
2033-02-20,111.08377416957408,111.85875182429035,111.06425622703274,111.67952872963701,1390
2033-02-21,111.93494245864488,112.0330038272639,111.81253729687351,111.93303886570469,3808
2033-02-22,112.37720846858282,112.27579283588447,111.48904592299904,111.90434118316767,4851
2033-02-23,111.40923732917544,112.24175370304683,110.97297662070602,111.20661693079013,6080
2033-02-24,111.14686305915947,110.87325121892758,110.55076692508723,110.8526614604531,6143
2033-02-25,110.82320814339883,110.9781256945065,109.914203954357,110.72128808660985,4503
2033-02-26,109.42488088135259,110.25408504496356,109.25040089494277,109.9233411023228,8665
2033-02-27,109.60378552524192,109.5911407782196,109.54847816974856,109.55382677331117,1629
2033-02-28,110.00253875041871,110.19351019697443,109.40453088313893,109.87999194239951,5494
2033-03-01,110.27017726128689,110.95843109115432,109.94012690856668,110.59364462454413,9347
2033-03-02,110.34596109520704,110.5881371732805,110.27537437470396,110.38392724821485,6978
2033-03-03,109.89185023665972,111.11751742160641,110.23175708187996,110.7621714253729,2150
2033-03-04,109.70491193729663,110.14695054604734,109.76900743519472,109.80514139007917,9468
2033-03-05,110.00395422779108,110.50234294905366,109.36915951951435,110.13486701063597,4051
2033-03-06,110.15356460995622,110.18434780679618,109.72885453503304,109.73289280327222,8194
2033-03-07,109.7055986808376,110.77052994504598,109.57711154931543,109.88656561162621,8086
2033-03-08,109.68278228492771,110.24305940841838,109.30357396226748,109.76268940250635,8735
2033-03-09,110.39912777421523,111.35365308772786,110.41005877722102,110.42289640739827,9174
2033-03-10,109.8085825760492,110.36806272815458,109.34672202995009,109.98567858322832,9828
2033-03-11,110.51541915855887,110.42071321787058,109.54962432655495,110.29948173200923,1873
2033-03-12,109.5620103962039,110.32160553397672,110.14923802165374,110.15972800036097,1020
2033-03-13,110.42154827259937,110.82582169422457,108.87046652562628,110.08057526135613,6645
2033-03-14,109.98508487928177,110.56793106118769,109.72956566986258,109.98864831477653,6360
2033-03-15,109.95630590296811,109.9784239721203,109.45029659965806,109.56581176252948,7250
2033-03-16,108.73459263694185,109.79971309559632,109.03025402754847,109.55876227957614,5811
2033-03-17,108.7965693723319,110.2058024138713,109.03044459006257,109.52743816851523,9731
2033-03-18,109.56046472484294,109.87420328900404,109.05255501784325,109.64805829271859,9048
2033-03-19,109.8420854819652,109.91460130519094,109.18196038918904,109.69031086556502,3980
2033-03-20,109.9228283255702,110.86814777628227,109.9402860532729,110.08930814037114,6733
2033-03-21,110.72621619741957,111.10167223875867,110.05371587273407,110.55106244839482,1241
2033-03-22,110.32014371471381,110.44650451693668,110.02509702035337,110.02575078748092,4053
2033-03-23,110.65993690188272,110.77673462711226,109.7628977487268,110.4601370377763,1395
2033-03-24,109.89794937553542,110.19910275670068,109.79530828993921,109.86696882422139,6322
2033-03-25,110.18957762318648,110.4129740437654,109.73443260714234,110.16089676829026,5315
2033-03-26,110.28632763472517,110.70907291415159,109.91666721242875,110.47076616064169,5514
2033-03-27,109.4984954175493,110.20684137103842,109.21214166764813,109.51510771481043,4297
2033-03-28,109.25432807190471,109.62252014373065,109.40471886544232,109.56159733807513,6333
2033-03-29,109.09193044118666,109.45997779318517,109.25627527512995,109.32734928139497,3406
2033-03-30,109.1022759122913,109.16611174792436,108.29390586394103,108.94796665242728,9692
2033-03-31,109.48452847831739,109.78074778897216,109.24650408849799,109.62339281777679,4542
2033-04-01,109.07528467920727,109.69950213595861,108.51991365361184,109.29655324745808,8947
2033-04-02,109.02813408685455,108.90866131501443,108.86660745660922,108.89336478289906,9978
2033-04-03,109.04518214998073,109.04351199125573,108.46616935050592,108.9312122529016,3261
2033-04-04,109.20941725041624,109.9657191653288,109.1580005818468,109.27400712605082,3539
2033-04-05,109.15850220382926,109.43978112465835,108.54604191153098,109.20318283304574,9413
2033-04-06,109.91115247284435,109.8867802507176,108.78694933958076,109.78636810588037,2923
2033-04-07,110.34254307177758,110.5308956266831,109.95774714485292,110.05185593686242,7412
2033-04-08,109.02307597474282,109.29826328269112,108.14035945388851,108.9627502769967,2107
2033-04-09,108.34040662213008,108.86309176993917,108.21993007746288,108.6980167952432,5838
2033-04-10,108.35066749773831,109.05896546241806,107.75440961617225,108.41709574556735,7021
2033-04-11,108.53463127094403,108.68021549393372,108.65339392545381,108.65677622228206,3091
2033-04-12,107.02847186218268,108.25250094416201,107.07581448638832,107.34436769409501,2611
2033-04-13,108.76825237813449,109.468932982868,108.1052903186099,108.61887254845387,6071
2033-04-14,109.05684136971956,109.25222597778084,108.33592155007021,108.88438559590097,4948
2033-04-15,109.1766865243716,109.24392079670889,108.55529371675556,108.95882399785981,9016
2033-04-16,109.25233396984476,109.76799173162463,109.29300233085895,109.54960785606939,1160
2033-04-17,110.76867016359945,110.77855120472688,110.68814815781053,110.7214348824757,5403
2033-04-18,111.15492563491667,111.24022803861686,110.90271287734406,111.1568082047699,3386
2033-04-19,111.72343568100827,111.67939539579982,111.55998887347968,111.63121475300571,1887
2033-04-20,111.73547771268737,112.12925451776051,111.21545091453817,111.69655976523791,6769
2033-04-21,111.62203310507954,111.63368573300427,111.14945351110035,111.62579688855443,7049
2033-04-22,111.3480820387096,111.68014588294918,110.85496211630955,111.38789916655197,1939
2033-04-23,111.30689535370237,111.16097143075757,110.83802017695982,110.97484317069471,4492
2033-04-24,110.37279191858917,110.79316064319954,109.79690274574793,110.63133612084496,3151
2033-04-25,109.90410687744395,110.06940477362284,109.88954776962817,109.95605813867347,9247
2033-04-26,110.24253361337276,110.37920914158451,109.61597027348017,109.91812241333096,9687
2033-04-27,108.83247184750833,109.1406840393201,108.41892895232118,109.07578862471776,2164
2033-04-28,108.94322050846642,109.68309805508467,108.9630155190592,109.17124688678962,5129
2033-04-29,109.373263866104,109.9220090584317,109.14831839415855,109.15308158276845,6475
2033-04-30,108.79937507976769,109.65402155748987,109.10959177377511,109.2265492319618,9244
2033-05-01,109.16367278385974,109.23271771448604,108.82618159533938,108.9654834469518,4074
2033-05-02,110.35702325826796,110.6673297367838,109.91776955583971,110.50391363204204,1329
2033-05-03,111.30697176678832,111.61665093665724,111.15696798117257,111.1839715821322,8786
2033-05-04,110.19547996197315,110.60638070138796,109.73557854861936,110.56170033208984,2669
2033-05-05,111.0336572557708,111.1704192987819,110.56181365746222,110.6781343758033,9340
2033-05-06,110.00895970936776,110.68118420697947,110.15344449748616,110.37413130433463,4577
2033-05-07,110.08437654704491,110.04681167137112,109.79975860426121,109.86689144098092,9324
2033-05-08,108.84421669028616,109.64478084547036,108.91719441668111,109.19685540541896,3306
2033-05-09,109.9554540121253,109.45870375378736,108.65912333172048,109.41296375079858,2299
2033-05-10,109.05085909870725,109.12533963706994,108.88910197296903,109.07227363326379,8228
2033-05-11,110.14144377377549,109.79428622547589,109.09077658275774,109.5561866452764,8074
2033-05-12,109.80741150631842,110.1360871764789,109.42234735054721,110.05307775254161,7290
2033-05-13,110.6072397363327,111.23826625285383,109.52036780578771,110.74003494514734,5937
2033-05-14,110.67705732322993,110.7583115649068,109.46801635791145,110.31384156211028,1824
2033-05-15,110.12366556092375,110.72822126618577,109.95305540412224,110.5515243674563,6785
2033-05-16,110.65797147901645,111.16757329613996,110.66353267514111,110.86775147577744,6957
2033-05-17,110.77918291713226,111.26651078398673,110.61926957080657,110.63066238822546,5591
2033-05-18,109.93914223652013,110.31975955511446,110.20199649241218,110.24477640952902,7766
2033-05-19,111.20608196902272,111.6072467441821,111.0147700774689,111.049536742417,5697
2033-05-20,111.21440599578955,111.81384960637232,109.95948896950925,111.16328468028303,9065
2033-05-21,111.02717486851625,111.74615768165427,110.9402427827427,111.4812685556389,8728
2033-05-22,111.36056118611998,111.4153996113969,110.71346498161779,111.07023054972494,2439
2033-05-23,110.08185838850547,111.35868719413112,109.6386753514193,110.46058831646384,4987
2033-05-24,110.40724715830966,110.46150495579994,109.86787275767536,110.17586342921778,9956
2033-05-25,110.15239535499607,110.9245790477989,109.91706241035493,110.11385273552278,6213
2033-05-26,109.4452389927024,109.95687213596,109.06441404718002,109.58174273211412,3724
2033-05-27,109.24519957030066,109.87093872504646,109.3335708194229,109.57682032778892,8788
2033-05-28,108.83134853137712,109.09352835995887,108.63668491720343,108.73256773375468,4987
2033-05-29,107.91078658447647,108.49839609662885,107.70323863767274,108.17254402251973,1571
2033-05-30,108.87038568947395,108.57507631015439,108.06146536840569,108.50799964665818,5649
2033-05-31,109.18323008958815,109.2461921700002,108.56171334204913,108.80989490679713,2686
2033-06-01,109.10656673039948,108.88815491800928,108.3461377298711,108.61395652410368,9616
2033-06-02,108.1893436006878,108.23818199964167,107.07035473995809,108.10507436956522,3632
2033-06-03,107.47007965215269,107.84219593320043,106.88308068212986,107.5913725938022,3586
2033-06-04,107.31566769663034,107.52684599091938,107.25304228323266,107.40473847083155,3221
2033-06-05,107.61597144181351,108.45935105746298,107.65048184026362,107.7269977166542,2648
2033-06-06,108.26552222382509,108.75759864472943,107.37586412350583,108.19112056232636,1762
2033-06-07,108.07383687126196,108.19788799117092,107.29955013188551,107.94285469458538,5042
2033-06-08,107.73557779139806,107.76256116751159,107.16681664944255,107.36610848159299,2192
2033-06-09,107.50606732520495,108.14524296283457,107.09631537537835,107.50003030052615,5680
2033-06-10,106.66729461605316,107.50086925298609,106.04995480911393,107.08826281521323,1781
2033-06-11,106.70691021784405,107.00833373729664,106.43495409539395,106.82913649578262,3026
2033-06-12,107.9585300750181,108.43919172479225,107.31175887894696,107.49177454100115,3626
2033-06-13,107.43835868414241,109.47554371033515,107.7936205189132,107.90533225528402,4993
2033-06-14,108.20606439953018,108.05911206906845,107.85752294056435,107.98431941140976,7914
2033-06-15,107.23118797677836,107.86772386081084,107.21370129193018,107.34835991085339,9621
2033-06-16,107.18901890146887,108.07313876675646,107.09784389962043,107.45405819458873,1952
2033-06-17,108.10407015471613,108.48358105280398,107.67293179574806,107.98538683998248,8903
2033-06-18,108.26585591478656,108.72636544542455,106.6378709371515,107.79757000709972,8949
2033-06-19,108.57526030512803,108.50326742660707,108.24791760880925,108.47312705209308,3695
2033-06-20,109.0407364338398,109.62494044514698,109.04265881526372,109.11949969685217,4511
2033-06-21,109.56255134104201,110.02076431339668,109.77889145531668,109.95136611292392,4969
2033-06-22,110.07433292785876,111.2173684386682,109.1905325242066,110.10398767618959,5467
2033-06-23,109.99803858000575,110.41662687660352,110.01866983671236,110.39768352609259,1286
2033-06-24,111.01179990383207,111.51526073991464,110.48058326419462,111.10477717025815,4162
2033-06-25,111.30955684427515,111.34635296097939,111.29471713502848,111.32847413879263,3594
2033-06-26,110.36969463768438,111.219926862242,111.0013397863637,111.07785708489752,6693
2033-06-27,111.27008232800996,111.11736972468961,110.84367208975091,110.85358566663359,7295
2033-06-28,110.60130670158433,111.27487556699525,110.38835768058857,110.97286314352047,5672
2033-06-29,110.27179467219615,111.15753521379995,110.30095115255051,110.32758243254736,7763
2033-06-30,110.41610294860901,110.30036445600464,110.04222527251679,110.25595297486525,1855
2033-07-01,111.19679144943413,112.022219096095,110.77627451740476,110.80422653398038,6920
2033-07-02,109.4709537064859,110.37610773122177,109.4021215663146,109.70859960839775,8577
2033-07-03,109.72308508100313,110.51855007571153,109.77909301077123,110.475840659295,8524
2033-07-04,111.36062688344997,112.00790082967244,110.96825685391049,111.03702776864658,7201
2033-07-05,110.43229699480348,111.35923303900319,110.41622028193984,110.80714546073135,5581
2033-07-06,111.18667384774237,111.33553921505528,110.35117640722615,111.07884087466725,2140
2033-07-07,111.2068916481611,111.18348242793171,110.40182261463328,111.08041473812041,7385
2033-07-08,110.71980109253829,111.69646576233218,111.50276522053416,111.69540992233976,8397
2033-07-09,111.70230046226139,112.56078739588555,111.66853531585214,112.18675149372473,1842
2033-07-10,111.34847277011808,111.52384218587977,111.36233055210963,111.48671613213322,4836
2033-07-11,111.00510896318355,111.92033040526857,111.22173233999835,111.78034733886531,9904
2033-07-12,111.27611802916647,111.73390788108206,111.39321612026221,111.67753341204369,9418
2033-07-13,111.75581326534073,112.09314128764825,111.58111565928463,111.71894969730273,3616
2033-07-14,111.32831865119044,111.99317284694015,111.13787770664464,111.35486374681783,2605
2033-07-15,112.31972861057153,112.24957266807444,112.10131330335878,112.22893228137825,4831
2033-07-16,112.88372948494819,113.60652230041893,112.60179666876128,112.74896319132954,3632
2033-07-17,111.87452873924917,112.42017907247445,112.29966142905211,112.37907760934306,9958
2033-07-18,111.32631782686414,111.8775691953537,111.58591013558417,111.71177230588793,5871
2033-07-19,111.74734584725263,111.89597889291827,110.63734852571268,111.51893599039902,7746
2033-07-20,112.19348638574546,111.81534711974236,111.49742335788906,111.73618731344466,7642
2033-07-21,111.56606782075912,112.79030669789734,111.56963777430208,111.85629023541777,6591
2033-07-22,112.56052832603098,112.48481290244943,112.34414793208707,112.4828566478019,9943
2033-07-23,113.11994137688649,113.2280650404714,112.34968728216835,112.87781650889232,9713
2033-07-24,113.43386770692557,113.73990321296542,112.99450766672447,113.36260102176878,6003
2033-07-25,113.45139883044772,113.77757334874234,112.7850148811685,113.526028722074,8324
2033-07-26,112.6391843586338,112.96892609544038,112.12715478666748,112.8313793569685,9453
2033-07-27,113.32911085282471,112.76178315372466,111.86904229129266,112.73353009139505,9692
2033-07-28,113.29243767380747,113.51445384193424,112.61416753221715,113.26357496134938,9032
2033-07-29,113.35449610645225,113.55682857991324,112.64738052718666,113.23781349708706,8191
2033-07-30,113.586654705623,113.63053501338875,112.79673999159486,113.48935868139893,9018
2033-07-31,113.08625900167561,113.6444540786241,113.30689491744623,113.32998452377586,1580
2033-08-01,112.83032490649923,112.87865999765201,112.63344682993659,112.81507859950494,6269
2033-08-02,112.65673376111846,112.89704053204228,112.0317000359726,112.75340656748189,2851
2033-08-03,112.80588601164754,112.9268876280646,112.83636709026254,112.90793028899822,6909
2033-08-04,112.67517417157312,112.6293494417202,111.7114223979854,112.5800864292675,3139
2033-08-05,112.18753791486856,112.56245329817777,112.27752222119598,112.46223080683916,3192
2033-08-06,111.63106265960505,112.00148547553033,110.96025199092433,111.99249918584617,6982
2033-08-07,112.70293916274984,113.90114187303693,112.22021985527503,112.55212164462822,3222
2033-08-08,112.2454105880456,112.56071091523792,112.29999468565694,112.4048937658342,4216
2033-08-09,113.02776682231426,113.4539200176128,112.78220973569411,113.13127153839729,5798
2033-08-10,113.31700649786475,114.11465726633179,113.63487387460397,113.89564546366775,7278
2033-08-11,114.14404731595987,113.98653089295541,113.45478360986729,113.85512248130688,1540
2033-08-12,113.50810297860791,113.99789272167904,112.49883330026678,113.3508981150332,5332
2033-08-13,112.52036981176008,112.4535310613797,111.73681184920639,112.30794917616653,2735
2033-08-14,111.68812832577245,112.09945791412441,111.39487002181446,111.57193063965313,4943
2033-08-15,110.43022614109674,111.05211672623703,110.73199658602206,110.88501322720381,8951
2033-08-16,111.6429477303383,112.05423430050658,111.10613093805584,111.57424804093456,6706
2033-08-17,111.44942028384455,111.81485843866614,111.30685785773233,111.63216033454803,6818
2033-08-18,111.53810546502396,112.37929677464508,111.6736653342729,111.82696259659403,6160
2033-08-19,110.86676656456017,110.98457220463476,110.38479692834302,110.71675209212646,7602
2033-08-20,110.61532155254363,110.71484820556348,109.82477678764258,110.11776887751783,7121
2033-08-21,111.00931059142788,110.7208127809774,110.43980270042806,110.56130876574097,8909
2033-08-22,110.89133932748544,111.42056067019463,109.84936648563676,110.70469582193226,5719
2033-08-23,110.6220247347517,112.04317668729084,110.29842528087275,110.63109318258947,6592
2033-08-24,110.84885166561385,111.74049414169768,110.23907912661515,110.91351436188953,3105
2033-08-25,111.46006218902447,111.73632013515564,111.14394664364342,111.73141326495744,7828
2033-08-26,111.5399720780769,112.19254417035391,110.73545092935869,111.62089203318891,8655
2033-08-27,111.9281341223944,112.17376988881146,111.56854891484645,111.65557693451795,5044
2033-08-28,112.29881713349108,112.17754645497018,111.35758253791961,111.75187539388361,5275
2033-08-29,112.70298581943139,113.10654440563134,111.90953191885582,112.9479302115206,1027
2033-08-30,111.29974803390958,112.57379655247959,111.7309013453229,111.89825207931109,3947
2033-08-31,112.08060138787181,112.69655913210659,111.83309230035273,112.2398635867055,8905
2033-09-01,112.4536486961873,112.2886122711562,112.08756908937355,112.18246246232596,6874
2033-09-02,113.08753151261577,112.58613870428135,111.9750029673395,112.46584832541805,3038
2033-09-03,112.53017441041773,112.28912337222837,111.87408763585901,112.13716204842069,7963
2033-09-04,112.49826509670498,112.56750554590798,111.80984534211221,112.11267953299146,6896
2033-09-05,112.21351671662178,113.08696031046357,112.32464273777177,112.4683848227242,2809
2033-09-06,113.77842311118143,114.6809439200469,113.54095049241366,114.02483992324613,9897
2033-09-07,114.0317151267673,114.87091258846212,114.11701141285907,114.42885801794716,2703
2033-09-08,113.80518129809428,114.08171780150501,113.99703293264709,114.00482521893191,4093
2033-09-09,114.06717471294391,113.86465698615002,113.70750861354706,113.79294537792056,8268
2033-09-10,114.05358447980912,113.5825662755988,113.56011060841287,113.56623832372864,4247
2033-09-11,112.77207191879847,112.70056417670742,112.45283920420493,112.66841673741362,1271
2033-09-12,112.42683535355994,112.976802372386,112.50210831113901,112.50337164156291,6168
2033-09-13,112.54976873717175,113.24339483671714,112.6243653697273,112.86978618247377,7137
2033-09-14,112.1989155761314,112.65584361869172,112.16958905844596,112.23267012293539,8780
2033-09-15,112.81784934675585,113.37522131953217,112.54702763334555,112.75691144846068,7718
2033-09-16,112.56187723717089,113.23212122994349,112.58246446979132,113.00079885900284,3892
2033-09-17,112.91012407656936,113.26519987480586,112.33173537244447,112.63368219801733,2967
2033-09-18,112.4357431804558,112.80548235039834,112.19575712771142,112.5629173793484,5814
2033-09-19,113.62050303549928,113.52710465079093,113.07951259727272,113.36207828316893,4805
2033-09-20,113.72557620130655,114.50633355378473,113.08526166656881,113.72885218992185,7497
2033-09-21,113.82240902523712,114.1956571235593,113.37022462081576,113.73324401737094,2567
2033-09-22,113.40381759586604,114.18816266720656,113.07594079954826,113.61440235889043,9555
2033-09-23,113.54932230837163,114.06269371528965,113.43395774591204,113.65270689411626,6782
2033-09-24,113.58943775215371,113.86994695095278,113.20153395882083,113.39682511514512,5681
2033-09-25,112.3050008918641,112.68849142557578,112.00325806954983,112.34445036228561,6396
2033-09-26,113.03404711284382,113.46484039522971,112.62266958469172,113.36553931755297,1202
2033-09-27,113.47667403366836,113.93815947366444,112.95724247024255,113.44320181715267,2931
2033-09-28,113.75797795476545,113.74751946498245,112.96034387488037,113.64227544971394,8088
2033-09-29,114.0251881324771,113.95537407024285,113.58733998577054,113.61332157477548,9806
2033-09-30,113.59152915501105,113.31305481681932,112.77260755155076,113.2457631744132,5270
2033-10-01,113.13341027003264,113.80854134341895,112.76487896040385,113.1528009339388,6372
2033-10-02,112.18890300344239,112.92381144895526,112.18592763968468,112.35310355284166,4437
2033-10-03,113.4231563820598,113.74176597721743,113.42441547410814,113.49164680186831,2177
2033-10-04,112.71727075044373,113.49854220359177,112.82402367119208,112.8743908026571,8823
2033-10-05,112.5102560284447,112.40549589532034,112.20712249326563,112.35840766073352,3993
2033-10-06,112.45077759532502,112.50844476981857,112.13177567654867,112.13827805854032,3412
2033-10-07,113.15426622875474,112.88956720437862,112.76067932648596,112.78231592096651,4772
2033-10-08,112.66590848484854,113.06513372264132,112.53036943297045,112.78957042059784,6795
2033-10-09,112.01789460275836,112.65136868999906,111.38413783591156,112.1715025225826,8508
2033-10-10,112.67255337559368,113.63051669205946,112.23939622319034,112.79867170296127,9457
2033-10-11,112.58456093132817,113.44268682759791,112.80493214701369,113.16417201635402,7318
2033-10-12,113.07254578739817,114.30539461200011,113.2804797632991,113.43338949496224,8851
2033-10-13,113.78089071376604,114.2892790856326,113.45925172668642,113.79125661554765,1507
2033-10-14,115.10221908797207,115.59953465589227,114.28557349362985,114.98843756583888,2387
2033-10-15,116.2283369307217,116.10269671776514,115.22116144331176,116.08098501335694,5029
2033-10-16,115.50347901529413,116.40547310270182,115.38602390179119,115.73762734185529,1250
2033-10-17,116.40223679391507,117.11532248893694,116.10554341123823,116.54956983826087,3566
2033-10-18,116.66030279114847,116.74904631982064,116.46261883632916,116.74115393314031,9677
2033-10-19,116.87636407155851,117.19293298517124,116.79045907858847,116.99070184120919,1196
2033-10-20,116.35097174158692,116.80102291376664,115.84303651068855,116.14456642538752,2298
2033-10-21,115.66692130970485,116.90639318330612,115.739940194679,116.05937354269342,6485
2033-10-22,115.30817306601226,116.0763214114884,115.47708634662081,115.65296174752514,6205
2033-10-23,115.97746056627757,116.16389565913737,115.45104903219655,116.0669911549718,3196
2033-10-24,116.1928502941719,116.60573178147477,116.46805487122349,116.60253140517321,2361
2033-10-25,114.99514714597804,115.81590720841508,114.64828802052484,115.56528822966504,3661
2033-10-26,115.10622764977698,115.65521439480865,114.65932863988748,115.55427079766291,7692
2033-10-27,116.04238717352541,116.63521490999138,115.87193489867035,116.11520155006004,2944
2033-10-28,116.21102131380096,116.21892532412039,115.95333266119647,116.02186206890332,2062
2033-10-29,116.58180385172234,116.44704822709929,116.23444299035695,116.3863938914045,2229
2033-10-30,117.03835125497976,117.02601262854839,116.40355045585139,116.56197662521804,9417
2033-10-31,116.76330627646561,117.2127318923025,116.7128633650108,116.73280674119435,3485
2033-11-01,116.66800940585885,116.70960902193788,116.3766772421989,116.59714925216021,8262
2033-11-02,115.91373673898386,116.08940281789253,115.88474541901557,115.98885885009236,2456
2033-11-03,115.36754583665903,116.04657040560126,115.27010758369768,115.42809377637984,9193
2033-11-04,116.40693363308606,115.99270711474966,115.18514163391566,115.78277003360749,2534
2033-11-05,115.87090459254344,116.82997900181458,115.56246954025686,115.79249916136693,9494
2033-11-06,115.82772531979155,116.6793320628948,115.32348361452652,115.72324303906332,5582
2033-11-07,115.16776372702707,115.98000491212031,115.49556690565447,115.51129801790215,3658
2033-11-08,115.48183027763329,116.15176066087243,115.20856014936801,115.35870359516177,9581
2033-11-09,116.07965908620288,115.9012017452656,115.74065172855364,115.88215949240585,7873
2033-11-10,116.04763048985319,115.9969695175498,115.18473869896651,115.71453745147183,3559
2033-11-11,115.2330304522915,115.28840499399651,114.92469023738514,115.04400509482105,7953
2033-11-12,115.37780951416593,115.51979582857197,114.90460303221646,115.41583098259113,1989
2033-11-13,115.26256565679981,115.638637470653,114.770248063857,115.31339265065877,3631
2033-11-14,115.30746637979449,115.66136679062225,114.72627227899045,115.32909058342516,6344
2033-11-15,116.16503584969318,116.5202664316621,115.92283673415781,116.13287973662491,3697
2033-11-16,116.50289459019152,116.30676581296925,115.75185709521965,116.12259945794966,4183
2033-11-17,116.58898315926938,116.50737113075469,115.45821145231857,116.26719129450902,1739
2033-11-18,115.90360283497759,116.47481771149366,115.27023703115773,115.67772954885986,8912
2033-11-19,116.17665781682547,115.82950432827285,115.38214020993347,115.56789482268438,1502
2033-11-20,115.07578633270563,116.4138472009504,115.65883968251251,115.87265784528869,6681
2033-11-21,114.95695340607026,115.90296181832703,114.97707681923771,115.09497097836807,4819
2033-11-22,115.1920117391916,115.34797984221618,114.84905368528612,115.19539352492592,6831
2033-11-23,115.04412021906002,115.62902894770261,115.00844344900581,115.24578906124832,7852
2033-11-24,114.98750757164632,116.11498086068677,115.10428184638194,115.26643278904204,8680
2033-11-25,115.26986434626221,116.30584560491285,115.74726323387146,115.78501223837117,7594
2033-11-26,115.85883291217014,116.85036977918418,115.44154987834558,115.95223149579542,9474
2033-11-27,116.9594755611262,116.86156948384553,116.23566089307596,116.69126744497365,9380
2033-11-28,116.42665358986791,116.30662610114845,115.91942604124858,116.19447268717663,5220
2033-11-29,116.0367960049136,116.29716253971131,116.01941916964226,116.2624349707858,4759
2033-11-30,116.37074188754028,116.32256966399869,115.74074024090788,116.30466836398077,2814
2033-12-01,116.17732106166807,115.83911489528703,115.54483403644538,115.77004111710323,1939
2033-12-02,115.79216850454533,117.45587024918817,116.17394096524835,116.2481886181489,6031
2033-12-03,117.36287447696355,117.41785322601038,117.2210355898936,117.41052527107531,8050
2033-12-04,117.48797112107609,118.51681002088935,117.25329985651129,117.4020222338334,7794
2033-12-05,117.65753737998132,118.02064181451578,116.61249714114405,117.65453277797029,4939
2033-12-06,117.95198203408316,117.97435459377975,117.24614216206778,117.69679201587795,3661
2033-12-07,116.8906518720258,118.41851804353604,116.85422382544013,117.33999968092436,2979
2033-12-08,116.12787394378412,116.83672188071603,115.91377038213918,116.42961954202335,4382
2033-12-09,116.28134520328446,116.361770470068,115.824560713161,116.07673280047567,9599
2033-12-10,114.8700863916713,115.9761034187773,115.0928586213739,115.3807536099998,9999
2033-12-11,116.47633500133935,116.33112351990448,116.20531671324822,116.23280464902936,9464
2033-12-12,116.31019524893733,116.34747227424305,115.9275875967959,116.17524980206775,3914
2033-12-13,116.22486605945578,116.59290095465447,115.93172269217152,116.00229013754416,2035
2033-12-14,116.30608015411015,116.49493919390031,116.31336188322298,116.44686704993806,6262
2033-12-15,116.03894302952416,116.26308547902633,114.99102325535698,115.88599149851012,2190
2033-12-16,115.1508732084626,115.84449003647383,115.0663893368577,115.50255947950784,1268
2033-12-17,115.41224413139226,116.17983036091685,115.25863886597516,115.53659561413215,3141
2033-12-18,116.06188179192715,116.78747189865881,115.90861233130923,116.05098010984389,3153
2033-12-19,116.03219780506123,117.01197352246365,116.17379573723068,116.3018226324283,6906
2033-12-20,116.4914172640965,116.88466852842515,116.37596468482093,116.42598520368622,2736
2033-12-21,116.12178190266626,117.22358058975705,115.92986815362235,116.46504407130423,2336
2033-12-22,116.74575724201813,116.96578039314346,115.25502874735301,116.66516199906762,5155
2033-12-23,117.28854354294843,117.69694589070734,116.46701377912335,116.76598845163225,1695
2033-12-24,115.87400262265857,116.35749164251888,115.37981770111816,116.25100231424378,2432
2033-12-25,116.26727389017758,116.40221974648694,115.67613370660833,116.27404192506036,2383
2033-12-26,115.25180927818795,116.0424175952599,114.53488534956526,115.73719759560149,4971
2033-12-27,115.52785266162476,115.94243709503317,115.47865480007552,115.7777388670519,6043
2033-12-28,115.74799964782962,116.4465542481792,115.06163243377873,115.53741489630778,4710
2033-12-29,116.67791712716216,116.90320183242855,116.766840882806,116.80710570769921,8268
2033-12-30,117.0098815574539,116.94724326993371,116.40780160340739,116.78715851582335,4651
2033-12-31,116.19180374029558,116.3551814966404,115.20175647893242,116.08503873269255,9939
2034-01-01,115.99859314595209,116.4844228624406,115.49879942146929,116.01794862735409,4179
2034-01-02,115.968804221756,116.59150549355178,115.86770594089309,116.27762800017304,9108
2034-01-03,117.31995643879857,117.28964667007861,116.84865206358634,117.1143099732493,3696
2034-01-04,116.91082389181538,117.06340331002922,116.56700823805261,116.81958377327993,1376
2034-01-05,115.56995766386531,116.35745742333667,115.87014640697701,116.02836978626812,9578
2034-01-06,116.14743061399862,117.48620890715983,116.39447826778684,116.43678829198362,5325
2034-01-07,114.91578027456838,116.26153647727853,115.06494086224362,115.74648893903378,5049
2034-01-08,115.11872317639491,115.60172751210312,115.47850438386922,115.52841121828004,3422
2034-01-09,115.30558809721843,115.69586148040499,114.91932029878294,115.39960097552455,3285
2034-01-10,115.04802755677018,115.67983824666635,115.09854070082459,115.36478424887449,5062
2034-01-11,115.45986649859556,115.7386700153029,115.05189795474152,115.70936647741166,7390
2034-01-12,115.7847203835412,115.48790062219213,114.93120336831146,115.36754933626847,9577
2034-01-13,115.5393287073965,115.45645845580484,115.2274107643259,115.23068471018509,2061
2034-01-14,115.01514907738222,115.35681035869949,114.45588566702209,115.2235495337104,8411
2034-01-15,115.53640980279054,115.42782792985355,114.95764855611998,115.29834851246979,9710
2034-01-16,115.711723955695,116.12820138568597,114.82026935813522,115.34726209982375,8561
2034-01-17,115.75082953491076,115.79922684860166,114.57793880632414,115.56526498743504,2100
2034-01-18,116.07686298716847,116.56045982410963,115.90166270779383,115.9871847422559,5132
2034-01-19,116.5129987233969,116.51708157511455,115.91999330638973,116.18350180008139,5504
2034-01-20,116.64114995582322,116.42690618109448,116.02392516036099,116.410294561836,4649
2034-01-21,115.25525469939554,115.79855105046107,114.9668816267891,115.61918297846276,1843
2034-01-22,115.58761715186391,116.5345232036918,115.00594972837577,115.6442968280456,7967
2034-01-23,115.71842987772855,116.15275379149833,115.15939604061208,115.88405060204641,6582
2034-01-24,116.59426324450976,116.63583401696921,116.23210202400367,116.24852119933163,5649
2034-01-25,115.72821919697911,116.05532582443365,115.38344234145119,115.90234581221473,7192
2034-01-26,115.34717068337746,116.22082501009031,115.54840647920737,115.57282617477041,4142
2034-01-27,115.5937804594701,115.57389019692643,114.84424827632444,115.28577583712861,1245
2034-01-28,115.63188409185382,116.05822350071745,114.99189439451811,115.55398278707429,6110
2034-01-29,116.70445801972588,116.932446329182,115.25398817539728,116.07092331453639,7019
2034-01-30,115.60852080404865,116.02282411072434,115.35689227449993,115.86719326089059,6967
2034-01-31,116.16552363886431,116.58539991665431,115.80145893625378,116.32117441770411,9533
2034-02-01,116.71950464351475,116.87307119526172,116.36292335517135,116.38291432228641,7210
2034-02-02,115.93704132232688,116.95456028597172,115.8427071308347,116.32077143370519,9917
2034-02-03,116.61098702617397,116.29556706758979,115.64816972191923,116.21507931879621,7067
2034-02-04,116.22614838644192,117.34223885075397,116.47487713261934,116.5883850010973,3886
2034-02-05,116.93424097845414,116.95551008234385,116.45596043246096,116.75117390949083,5152
2034-02-06,117.33617131537505,118.1842217788523,117.53867207340214,117.88908662331464,2309
2034-02-07,117.47651325381248,117.51410747692479,117.06403089106804,117.46297430181599,8622
2034-02-08,117.31116600601551,118.36671619738266,117.33612365269387,117.72202515283097,5288
2034-02-09,118.03530721902865,117.82483031968042,117.37831724251636,117.45742464792521,7769
2034-02-10,116.70129200059223,117.57012717644457,116.55421089259036,117.02278115443089,1666
2034-02-11,116.76869048321915,117.02816090121019,116.98550260819995,117.0173475859134,1585
2034-02-12,117.24665161250778,117.25678403311957,116.11703716837275,117.08602382561692,1353
2034-02-13,118.36482331447795,118.99164932042981,118.26556331709449,118.54511060314697,3614
2034-02-14,118.66302370241112,118.98211319154072,118.28433716014304,118.45303769530537,8637
2034-02-15,117.6746812769633,118.08338328446402,117.00207094104708,117.88794833056303,4097
2034-02-16,117.78806840232946,118.44435239298457,116.73888526275752,118.02445368931022,9235
2034-02-17,116.97886605871287,117.24268627670142,115.81745001063045,116.98713367053703,3895
2034-02-18,116.57607612714686,118.75875539300496,116.27759100148472,116.9411552792349,9715
2034-02-19,117.06807782978272,117.99521720619143,116.91078841400112,116.94916792038248,8255
2034-02-20,117.60965766781601,117.6217465782682,117.0802354148515,117.34646811185509,7794
2034-02-21,117.99917822856675,118.21695297953809,117.3607018687356,117.83327923656901,9849
2034-02-22,117.77447868852863,118.14382227128166,117.3792695858806,117.58149442711516,8843
2034-02-23,116.92873085381059,117.75401179623987,117.37195646986683,117.5061874198002,3386
2034-02-24,116.98463268073714,117.48156677190457,117.11024932903321,117.12312700449485,6445
2034-02-25,116.4909761773979,117.50513818988347,116.32359601671452,116.559095727091,7742
2034-02-26,117.15037891832,116.78483532642849,116.56697017483677,116.71404311678133,2862
2034-02-27,115.90285812598104,116.96257127871436,115.69061973177295,116.07725034248303,8019
2034-02-28,115.17941654436004,116.43691006018099,115.77748358368859,115.86993689219709,1776
2034-03-01,115.07115906014842,115.4125424316293,115.14207212567017,115.37234991224747,6825
2034-03-02,115.44883354017628,116.7488464130215,115.47593530139288,115.64719150539261,2663
2034-03-03,115.90096191484756,116.86398236987124,115.39895028863297,116.54790655502585,1755
2034-03-04,116.18772331983595,115.96007447386692,115.75558279036973,115.89711256362419,5654
2034-03-05,114.49972931251989,115.2239215496299,114.36604767768114,114.9706033221754,8532
2034-03-06,115.04196634397,115.10859254700523,114.59330051744091,114.90815987950037,4695
2034-03-07,114.58828975977029,115.56582442013097,114.8707967271416,114.91600877747925,1302
2034-03-08,115.47743374104942,115.22500344230801,114.97277788259268,115.0253384308579,2098
2034-03-09,114.71933206390727,115.7817689776087,114.45201358793761,114.80217817324072,8618
2034-03-10,114.55812502745238,114.89751007579824,114.23859664065755,114.70185852382801,2404
2034-03-11,115.04409006309531,115.36898099403666,114.70098950742283,114.88561372909831,2321
2034-03-12,115.10363903006451,115.54642618151945,115.2720186491394,115.40582917542073,1304
2034-03-13,114.60096873242985,114.55784681980191,114.3359143739402,114.42830479026159,7173
2034-03-14,114.09933448329491,114.84254667064832,113.77974197036409,114.24383507074586,5103
2034-03-15,114.17235891373338,114.69838583104858,114.0531202856888,114.3507394677164,6540
2034-03-16,113.86548080232583,114.02338415919873,113.54002414320136,113.89175141541102,1007
2034-03-17,114.43043510049867,114.75880893696097,114.70053521830573,114.75733623129467,2214
2034-03-18,114.3823637858043,114.9690602956093,113.90448008332298,114.4396312911803,7520
2034-03-19,114.52083046181345,115.5095725665095,114.15526043121393,114.41898494767666,1697
2034-03-20,114.00437357648248,114.7535760017942,114.66682963488778,114.69699599609781,5001
2034-03-21,114.72874586055813,114.79867420348369,114.0571063267058,114.40135360169685,3726
2034-03-22,113.72286051683302,113.53223401941695,112.68632237723808,113.47806707779465,7799
2034-03-23,112.70736666196647,113.53116697572975,112.9818380821842,113.26373981433639,2923
2034-03-24,113.17533040359332,114.01071117490702,113.57712381232881,113.77846009229991,4423
2034-03-25,113.86258451658769,113.6516786292195,113.56840173920583,113.61001252890733,1429
2034-03-26,113.41615105073267,114.02966747416482,112.53613273616543,113.18679537817785,6388
2034-03-27,113.83654190912662,114.26599565396334,113.54086509374254,113.64963148292921,4153
2034-03-28,113.05616689386699,113.96399806342934,113.32900225276138,113.48424403491768,7156
2034-03-29,113.77775629521562,113.60803068519753,112.71036769234775,113.22916362809258,8068
2034-03-30,113.07739141287958,113.94897538014996,113.24490788083989,113.30389167292424,2220
2034-03-31,113.7611097400391,114.02076362875992,113.41868222934087,113.68926677773362,4061
2034-04-01,114.95565725015155,115.06828652242318,114.63233047234505,114.8801235435999,6726
2034-04-02,115.77162094326782,115.5969539616242,114.85107781692643,115.2937415974286,6950
2034-04-03,115.9112117706059,116.1199663240293,115.82874451955855,115.87366158062278,4941
2034-04-04,115.74543088783122,115.8470597750529,115.21648406251423,115.62067848112886,4122
2034-04-05,115.0846066649079,116.45817766291891,114.8078673090647,115.10774442814412,1302
2034-04-06,114.77993028634016,115.17700293792963,114.99026428910096,115.13891010295367,8510
2034-04-07,114.49689688165239,115.66066375099815,115.07513619416241,115.19249506058348,3078
2034-04-08,114.66301265233936,114.88873359503317,114.44472759861199,114.65323868990117,4669
2034-04-09,114.14188249779474,114.960912216893,114.43088611578284,114.56559142494918,9733
2034-04-10,114.87030339040291,115.23491017092498,114.03844700325398,114.76525022580874,7549
2034-04-11,114.99007194947302,115.12765996188544,114.24406476802743,114.94544692331777,5783
2034-04-12,115.23492095882412,116.03221432119817,114.8538626510709,115.19759085000992,7886
2034-04-13,115.02719582923989,115.78521123325883,115.01734918964308,115.34307321507863,6479
2034-04-14,115.40053210835202,115.33317935627772,114.2920527769655,115.08956888544361,3479
2034-04-15,114.97504990128807,114.93880861513094,114.53487357587454,114.83261857211919,4000
2034-04-16,113.87863293820287,114.67354629986436,114.06586985866043,114.23314287312225,9510
2034-04-17,115.74609466789147,115.21524515336226,114.15999964669778,115.1255303927148,8427
2034-04-18,115.06901817974901,115.77513509327973,114.6872805269864,115.13225557502444,5582
2034-04-19,114.61954309692938,115.35067398261018,114.29288680285295,115.01982904712702,2360
2034-04-20,114.32792741112225,115.12572225114506,113.52446552839898,114.55543300640079,4818
2034-04-21,115.57059469909468,116.17732612583292,115.5003200438058,116.02326195756467,3386
2034-04-22,115.8944260167593,115.52518807951007,115.42793619303609,115.48659794145323,9955
2034-04-23,115.59630847669894,115.5436058388293,114.61076484407498,115.27217397865019,6006
2034-04-24,115.70193626921412,115.49379354222646,115.35328315731974,115.48009239679321,5996
2034-04-25,115.9455414502212,115.95020877497707,115.49670492274402,115.78019887966535,6293
2034-04-26,116.63366755551812,116.29663369313506,115.32615607050096,116.2591649072732,9215
2034-04-27,117.09037089743126,117.17739360855442,116.59665793227195,117.16296916115783,2025
2034-04-28,117.5428466319319,117.56853863881234,117.40641761085149,117.41604798888818,8866
2034-04-29,116.64446512978965,116.98959861206656,116.52336165942332,116.88803258890485,2187
2034-04-30,116.71352546061162,116.96135669483742,116.61763138142953,116.75956002634396,2007
2034-05-01,117.04849936455112,117.3418087725356,116.83697352601156,116.9134762126009,6470
2034-05-02,117.02324638622083,118.04459973560671,117.86345968217651,117.94758923335381,2117
2034-05-03,117.06277326145126,118.37706273022604,117.14013746297833,117.24868649414167,9395
2034-05-04,117.89947088868652,117.9303270223935,117.03879566737258,117.84997474675427,8290
2034-05-05,117.91667711174507,118.21536066669181,117.87310206489627,117.93993193152748,9228
2034-05-06,118.22312830141855,119.69418488657375,117.54918616098057,118.35884719914222,7773
2034-05-07,118.4845954224665,118.51466302968143,118.02579137762416,118.30784984082426,8307
2034-05-08,117.67431981379868,118.3816959192075,117.71104845438023,117.8866335257611,1633
2034-05-09,117.8954976774658,118.55812140706301,118.20543253882269,118.26206991546177,5514
2034-05-10,118.94441526090145,118.90079094366345,118.10230708224162,118.58928542901458,6859
2034-05-11,119.3881084696656,119.34314093756068,119.01881802809544,119.07531391188444,5980
2034-05-12,118.88891686491434,119.61970387658316,118.60259598663835,119.06866159419512,9519
2034-05-13,118.74814221162919,118.9525151063159,118.28600448703617,118.76875058253519,8523
2034-05-14,118.24315399123039,118.65178773694839,117.77811477405614,117.98935708502327,2030
2034-05-15,118.4122540171122,118.48622513729924,117.94535427650972,118.39904371909297,3562
2034-05-16,118.77005074237637,118.97379718859662,118.57987293182872,118.61098846031497,9919
2034-05-17,118.27076718200102,118.30683223680735,117.59950487460745,118.128097143883,8059
2034-05-18,117.76305924208823,118.0258734309038,117.7068252182875,117.85881030723468,6331
2034-05-19,117.78020810206338,117.86600384664156,117.2643634660946,117.62543090125897,1685
2034-05-20,116.59445559746037,117.0275869716423,116.17894492945967,116.88393868526775,4140
2034-05-21,116.59337978238875,116.77851015785838,116.20115986846783,116.47509748696518,7080
2034-05-22,115.8859530116385,116.03868405323784,115.39928581495995,115.908182308562,3025
2034-05-23,115.59372667304346,116.16214088324527,114.56816363101338,115.70194280261803,6648
2034-05-24,114.95857329261425,115.86652239210045,115.16716761432188,115.33259405345325,3379
2034-05-25,114.55858937130763,115.09248314233315,114.09801267482993,114.51909159301988,1429
2034-05-26,115.54194579160155,116.29585052456095,114.68024238715562,115.53038670830462,3807
2034-05-27,115.90476613517251,116.52010176542159,115.42474778174372,116.15665707381923,7883
2034-05-28,115.2880858169936,116.28975115407536,115.16409006846197,115.76714736305924,2194
2034-05-29,115.4100155311966,116.51080007647757,115.08116791853543,115.90335806138604,9397
2034-05-30,116.03586870942883,116.57444654649727,115.1034461176572,116.11209060629669,6722
2034-05-31,116.79958282550997,116.8612882105516,116.46833797874856,116.70763353368343,2160
2034-06-01,116.85332249864368,117.21554668692343,115.98952061318303,116.29833102035339,3846
2034-06-02,116.83083795882943,117.05204015096476,116.68088058101864,116.8443844123446,4084
2034-06-03,116.08281594476759,117.28118340285768,116.32538453020798,116.57043176024114,8117
2034-06-04,115.84042510768295,116.40186384319838,115.56857360151292,115.90250055815683,4817
2034-06-05,116.63997830736977,116.71966819092803,115.95707796110877,116.26456883781408,8060
2034-06-06,116.70510936732492,117.00493876162383,116.80132338566625,116.9099480498753,7828
2034-06-07,118.53948360986091,118.22127977578657,117.79768508622868,118.20390253664064,6502
2034-06-08,117.65675731800603,117.6561065981062,116.7270183789321,117.60403990409553,3021
2034-06-09,118.14756421299218,118.41166422335522,117.68450761036492,117.95349974663593,7407
2034-06-10,118.30625592420037,117.95294150587686,117.6818568770319,117.74859912473916,6512
2034-06-11,117.58909930779069,119.60837895189023,117.8820797376708,118.14027848000117,7588
2034-06-12,117.67398495928802,118.0614538409319,116.89973368406001,117.40503370438554,3914
2034-06-13,116.74523848117187,117.86733927402429,116.2188596957858,116.77364881653627,5904
2034-06-14,116.10095724494694,116.4733940252807,116.30898647938959,116.38571140495303,4996
2034-06-15,116.39500303671014,116.54543725252094,115.8498417904537,116.42519342778706,5555
2034-06-16,116.61194407746335,116.24626527382325,115.93987685552015,116.10465279451789,6685
2034-06-17,116.8346637604013,116.91364410033191,116.1095356357941,116.4341799664746,4294
2034-06-18,116.34741293724616,117.28469927816354,116.7372278311898,116.94762727560355,7878
2034-06-19,117.01646413442148,117.6055472944605,117.20914807659203,117.24741604622623,9056
2034-06-20,118.33967813672747,118.68438439965925,117.4540455637513,118.05680986605667,2578
2034-06-21,118.25819995744942,118.99774228150876,117.3560390158934,118.26472318078433,5676
2034-06-22,117.65087082365108,117.65634066872772,117.34278293872843,117.65627482561425,9399
2034-06-23,117.86746514564562,119.2338542191901,117.87416732179632,118.33796308238342,2295
2034-06-24,117.81174191189072,118.88525633567976,117.61445664988219,118.03538496458043,9857
2034-06-25,118.08313249031303,118.77229639464724,117.86086283196603,118.49059421442321,4862
2034-06-26,118.78146607927631,119.6424596584908,118.77626750039252,119.27746132270076,1088
2034-06-27,119.12848393304671,119.94922665781026,119.3550506582159,119.50580532806596,6880
2034-06-28,118.47929659424973,118.98393805388817,118.32490264919448,118.75772592148364,4824
2034-06-29,118.07028579755632,118.68237335656565,117.4353916522894,118.29861983822875,4189
2034-06-30,118.70735315505318,120.0319754874823,118.85990425327205,118.95999207167131,6795
2034-07-01,119.18156755087519,118.92662182802373,118.43055620744288,118.8754307288499,4874
2034-07-02,118.64307423481489,119.23015117088968,118.6583988018209,118.91521749632099,1416
2034-07-03,119.72248511205848,119.34284489416704,119.16261847990462,119.2946297044028,7915
2034-07-04,119.49759837216627,120.79246998356147,119.62263053007315,119.64279113544295,3617
2034-07-05,119.91395063956097,119.86710437792753,119.16362568774133,119.78219104163568,5531
2034-07-06,119.8191997804451,120.89341743801126,119.26531036935793,119.67785685602544,3247
2034-07-07,119.25216960692143,120.06549275979354,118.65835497793097,119.52152263315926,2898
2034-07-08,119.85204487630263,120.21141766287249,119.3068604555529,119.95047204580494,8817
2034-07-09,120.07637366025672,120.36658919705113,119.83650094852761,120.22725681133883,6919
2034-07-10,120.21033902487319,120.37996674107097,119.39602488106004,120.09860681102994,5911
2034-07-11,120.60100962070115,121.12870009885827,120.48181019141302,120.6396629675265,2242
2034-07-12,120.35062642777753,120.61133366776906,120.52849094093114,120.57514590996162,7320
2034-07-13,120.18503230939221,120.54670184202459,119.90596714837966,120.14931482279442,6585
2034-07-14,119.87171429828174,121.31697409788845,119.6789946885343,119.76982947334275,1889
2034-07-15,119.83547245875064,119.50407123502663,118.58697383122247,119.28045905518786,8330
2034-07-16,119.16469198371479,119.1555761119542,118.65052881252424,119.14425404688602,7841
2034-07-17,119.76411869009668,119.85926299492701,119.51198383245618,119.76111618605412,8217
2034-07-18,119.48708817867686,120.08711950865256,119.34373268305013,119.35856859553886,3864
2034-07-19,119.16798576724905,120.01475703850936,119.10754246313716,119.45280647604791,7585
2034-07-20,118.60680892292356,119.43504142495682,118.46232292166938,119.12446180323421,9408
2034-07-21,118.90067665508224,119.95224179575271,118.38434183260338,118.99430728259848,9537
2034-07-22,118.56091640599918,118.99443000224242,118.05849144367383,118.23928667660586,2428
2034-07-23,118.4990830759782,118.252162633332,117.87618942293837,118.1290175620276,3655
2034-07-24,117.46834946040566,118.25136931614347,117.72464605824459,118.03216487212511,9040
2034-07-25,118.502132688291,118.32855018529831,118.27822699857435,118.30230884414296,6182
2034-07-26,117.75850990022234,118.7320672149858,118.35986667750333,118.41394930077064,1338
2034-07-27,117.95250740474441,117.98843494005268,116.89264488636101,117.81475323829463,1321
2034-07-28,118.4766601541854,119.68079446709494,117.92433512000035,118.3568523603164,5258
2034-07-29,117.94480987157273,118.68897182462928,118.35309097301152,118.46200388042739,1335
2034-07-30,118.86121448195564,118.79382335360067,118.50337013021093,118.56120063901614,6362
2034-07-31,119.07976023271084,118.83728783108553,118.18232785227663,118.55660946232356,6271
2034-08-01,118.27898663941171,118.49411021492087,117.84481635730393,118.29773073871246,6214
2034-08-02,118.44893187107992,119.15755037090175,117.656988029349,118.40663190858683,3025
2034-08-03,119.08816098744718,118.6643582302969,117.7578068374199,118.64442612655111,9598
2034-08-04,117.43307867065195,118.1627123339828,117.24387876698695,117.77097828087834,1096
2034-08-05,117.17127462491842,117.80827966251691,116.76135178587074,117.50159786220529,3852
2034-08-06,117.12230932582774,117.77781440514555,117.05375118650417,117.3741243770035,3403
2034-08-07,117.51333431114394,118.26018225299775,117.33947841397942,117.50220967985064,4134
2034-08-08,118.10918993609293,118.81210676112478,117.47556702566986,118.0988651828142,4831
2034-08-09,117.54700769293173,118.74690396375446,117.4895647173178,117.71299477551581,7462
2034-08-10,117.37386972866963,118.04046482393058,117.34768380611968,117.46401385210689,7930
2034-08-11,117.04587632629838,117.97796315534576,117.0949657882324,117.20774679678361,1916
2034-08-12,116.65944299831716,117.00009603378363,116.57436389312409,116.80698300173134,3130
2034-08-13,116.40283331609163,116.8137420044,116.38054350352648,116.63338975417521,6529
2034-08-14,116.79065894262695,117.12863438668113,115.92080433772122,117.0187908641692,9370
2034-08-15,115.89158996600875,117.06834020497442,116.39442671065069,116.49187311648703,6691
2034-08-16,116.63867778575008,117.05144774464486,116.62375671998937,116.70578031406347,5301
2034-08-17,115.26815540238913,116.24237390492713,115.23638260526896,115.85482919905431,7353
2034-08-18,115.79932793644544,116.32982160043481,115.54821150742269,115.5741602008332,1633
2034-08-19,115.24144019748067,115.63724679973105,114.4779721009518,115.40941555072422,5448
2034-08-20,116.21102251356635,116.61535681495941,115.75460288596392,116.24684538718125,6509
2034-08-21,115.9974813449793,116.23035319106938,115.83761036286724,116.1094442348049,2723
2034-08-22,114.93558836547497,115.47087156249984,114.9938018158188,115.00882249807944,6564
2034-08-23,114.38839048932783,114.79512263843695,113.36115885685632,114.00937804464881,2125
2034-08-24,113.62094391424397,114.84914896038484,113.54183316567301,114.02639283782216,1142
2034-08-25,113.84628318901437,114.52891212317088,114.25855768941025,114.33327826571711,8716
2034-08-26,114.55681789252993,114.96546859906063,114.27377889312052,114.52100619453074,4049
2034-08-27,114.45602733030944,114.86314580214618,114.08249135274203,114.60479124743124,3713
2034-08-28,115.29380822258724,115.29568433740764,114.94100066381512,115.18592104618406,2639
2034-08-29,115.1310986077379,115.27613220173363,114.87500039248884,114.9161254358155,5908
2034-08-30,115.03167773685935,115.56741100311187,114.5798055279834,115.36358071382891,3693
2034-08-31,114.72858992429514,114.95950392662724,113.50999978823181,114.5475732713157,1098
2034-09-01,113.78851630877081,114.27085604322612,113.81009360555954,114.09509935484667,1215
2034-09-02,113.2139512146622,113.57615129728407,112.39744608566,113.19157865738076,2778
2034-09-03,112.68308188996772,113.52115875807722,112.11970030381053,113.05415600704586,7581
2034-09-04,113.0706685255701,113.83753380520118,112.46654079771166,113.0310253984127,7456
2034-09-05,113.08181296024938,113.1228152026365,113.03922069959332,113.08807614452596,5330
2034-09-06,112.78813897438768,113.40337067426805,112.98629463185677,113.11901782096952,6960
2034-09-07,112.24771775315934,113.13838052518099,112.56103824748828,112.65524115556366,8250
2034-09-08,112.78531230858614,113.28381877938652,111.99120465796057,112.56012073335705,5338
2034-09-09,111.67549726325066,112.0824391765781,111.60590931654708,111.81139739905417,2759
2034-09-10,112.79662117529001,113.39946549694969,112.42766172325403,112.49301188662031,2247
2034-09-11,112.17818073122389,112.81100360872021,111.96249452218159,112.3411988501713,2120
2034-09-12,112.48740971133522,112.21502241669752,111.79294144838696,112.09675579064945,1320
2034-09-13,112.60670908837515,113.49914794628418,112.27749659826536,112.8912259548715,2840
2034-09-14,112.71192665535024,112.94431644448737,112.06698125164597,112.27010268809688,5995
2034-09-15,111.75962068999833,112.48096462262474,111.58749519068965,111.7073091310809,3587
2034-09-16,111.27913799087723,111.24471871496519,110.94305730408163,111.15919896864662,4562
2034-09-17,110.82405589376354,111.19210269691568,111.09768599912609,111.12526327779688,2073
2034-09-18,111.55984364749492,112.18923721017379,111.3018232402348,111.34107909261567,7411
2034-09-19,111.94009526639795,111.89028752072875,111.59553255734228,111.71091682667459,5178
2034-09-20,112.89958402816451,113.575625458419,112.52536596696129,112.99691448542208,7387
2034-09-21,111.23199964072147,112.44693678873595,111.57568651971515,111.87219825832169,9416
2034-09-22,111.84256748310989,112.51073266768698,111.69927113262874,112.1765660528839,8905
2034-09-23,111.5639565681802,112.46274355539549,111.47413365168468,111.89800076659779,4037
2034-09-24,111.7395990374158,111.7613549007499,111.35048574510907,111.6047931921534,5485
2034-09-25,111.15539742617042,111.62869960826477,110.96810878605348,111.29490712802647,3635
2034-09-26,110.70683937774079,111.73774408516692,110.50478345690642,110.84052229262247,1155
2034-09-27,111.51289102896577,112.24342450566509,111.34347440115575,111.68278470992419,4274
2034-09-28,112.54472045677774,112.54801203430287,111.79814141054028,112.10393337343115,1097
2034-09-29,112.1291369509588,112.55355425104581,111.64376530438687,112.11553136270985,5399
2034-09-30,112.85036133962834,113.56533075576404,112.55051137688245,112.79103923895335,7305
2034-10-01,111.84895790287251,112.4322854859385,112.02162665587109,112.0347747563039,8869
2034-10-02,111.36053059353627,111.41707389021524,110.67720438868527,111.36942219063843,3792
2034-10-03,109.98773152172953,110.67094280184467,110.0634014136614,110.2804383245411,5636
2034-10-04,110.03384845774683,110.24799171619642,108.8395971496317,109.93073105447945,7579
2034-10-05,109.66761424443992,110.33417206607228,109.91019013642934,110.01158031783183,7497
2034-10-06,110.28627556047773,110.4849239940408,108.91278461843886,110.06300960679799,6586
2034-10-07,109.9171948804964,110.31334803005579,109.41571729739042,110.13768056232793,8004
2034-10-08,109.71666999069136,109.44102841988153,109.05678125046298,109.43215214679489,4983
2034-10-09,110.4059177954065,110.15799033285423,108.56656142219835,109.8337295181019,9861
2034-10-10,109.95387361067894,110.77936275156434,109.95342553476401,109.9535432772214,9534
2034-10-11,110.71355495459727,110.38020638761728,110.00446172912874,110.3200704179544,9275
2034-10-12,109.599124013855,109.83470149174796,108.95474428166123,109.37368932915938,5944
2034-10-13,109.09960014684754,109.88734771549564,109.12979989626805,109.52943475855827,3457
2034-10-14,108.96883047185506,108.99893743917056,108.41600692761114,108.9355521385995,7072
2034-10-15,108.88725012403059,109.11355609821292,108.47003313230148,108.73689051232382,5078
2034-10-16,109.1833875562699,109.67198638421729,108.92202433608583,109.00407296164202,8206
2034-10-17,109.10308180626247,109.9734497662412,108.83295865509166,109.04961976476997,5092
2034-10-18,108.67344319377848,108.77818742190811,108.05565509951414,108.62384977488031,3080
2034-10-19,108.62851256040709,108.86021433945723,107.8421265592621,108.62698635297252,2743
2034-10-20,107.90117152114881,107.90981346726242,107.83720978677167,107.8612186953507,5884
2034-10-21,108.06924870221015,108.44598187697542,107.89269320397054,108.43635239329986,4249
2034-10-22,108.26284714925814,108.40785195251543,107.81135476266944,108.33371038355173,5479
2034-10-23,108.45709094923593,109.40188334019737,108.4090152485429,108.89298535567939,9146
2034-10-24,108.48043120730519,108.63368380585806,108.02165588829557,108.62971951213137,8867
2034-10-25,108.1906898525978,108.75145662717442,108.11622439615341,108.36793151792807,9406
2034-10-26,107.78943923250799,108.20276188628543,107.4653871923727,107.98583812460915,5953
2034-10-27,108.10832264311897,108.52174535461184,108.19949967478493,108.42392509045568,9875
2034-10-28,108.14999269393053,108.47116968391117,107.55772556935742,108.06920951179146,7350
2034-10-29,108.29608613628548,108.99977134427381,107.58827804400973,108.39150722799904,1570
2034-10-30,108.07415315243848,108.61715464952394,107.79338765670335,108.20028102916439,9038
2034-10-31,106.7900271808697,107.37478910134924,107.17672509812306,107.21229937921858,4307
2034-11-01,106.83778398766626,107.08462255155273,106.29474053621676,106.92714234532535,6712
2034-11-02,106.68124807811871,106.5145639319808,105.54659441579216,106.33758823814392,3476
2034-11-03,106.7027814929432,106.71578748470657,105.97986894992508,106.3545395999851,7070
2034-11-04,105.87138950606338,105.91766461451617,105.63312587127766,105.75933573214785,1551
2034-11-05,106.1337770899692,106.9192855477757,105.1044809417924,106.22232328250516,8329
2034-11-06,106.34448020139601,106.58602289539374,105.64154390189195,106.17678535232865,9304
2034-11-07,105.88778127849626,106.17267608992063,105.23433438407893,106.08798735494928,3045
2034-11-08,106.32615774707806,106.80382641849937,105.69374066659394,106.41593342384307,7615
2034-11-09,106.67513015810187,107.10837328214673,106.4447789562782,106.897886890881,4336
2034-11-10,107.1603474431454,106.89581237848455,106.59074137972674,106.88783751499616,7035
2034-11-11,106.73623915351902,106.57976838757077,106.42269403303723,106.50223736522153,6208
2034-11-12,105.60484787945167,106.20949004041722,105.23383623632822,105.61525255716546,6486
2034-11-13,105.79160337143503,105.59939861417541,105.1931853646689,105.27222767864787,1215
2034-11-14,105.08737592955518,105.2568791341329,104.86154825306987,104.9636215553239,9461
2034-11-15,105.12401854572093,105.40163023815744,104.74954270801518,105.01715028182004,7901
2034-11-16,104.91931291521306,104.90091944133121,104.62923864527092,104.84457684125103,9490
2034-11-17,104.80985728195677,105.78633099138845,105.10538479731188,105.18854332727673,2237
2034-11-18,104.61376774221918,105.21331026479477,104.76107399048088,104.8820516916414,8002
2034-11-19,104.83713972210906,104.89460263100136,104.41944147168832,104.85353110821492,7207
2034-11-20,105.43160978618198,106.3528494134749,105.04934019772304,105.44552482981337,1769
2034-11-21,105.79336624685398,105.66683937202073,104.10614947587595,105.61643743679085,7773
2034-11-22,105.38605853323025,106.41375282387992,105.24662709125374,105.58641866594657,7975
2034-11-23,105.30665245520595,105.39560809082445,104.82158848560394,105.28544644497899,9519
2034-11-24,104.99539878595253,105.16237286885897,104.8688136655564,104.96883074662149,7679
2034-11-25,104.58198264467836,105.31320238144586,104.40937751066726,104.54352412014552,2409
2034-11-26,104.27794504237006,104.49152949829079,103.99086574018399,104.27302068725407,4386
2034-11-27,104.22970160106063,104.97221440356759,104.40076189585876,104.65085360662623,5709
2034-11-28,103.86154393188276,104.77519520068024,104.113326061138,104.53990947098009,7107
2034-11-29,103.5824938455473,104.01132031124328,103.83677476558023,103.86502293628948,1417
2034-11-30,104.5897706759797,105.74362468090501,103.50348341781573,104.74910758281936,7455
2034-12-01,104.55555461767682,105.37707675802476,104.12721963455625,104.90909017839195,1369
2034-12-02,104.18891631747306,104.75308550595634,104.1241376427072,104.20561847813536,3052
2034-12-03,104.31172610515142,104.90366502951109,103.39751753335631,103.98469401451496,1108
2034-12-04,104.25794715555752,104.25120905202678,103.60021424395072,104.04013720592916,2915
2034-12-05,105.03233324120193,105.01679496461911,104.10169553855675,104.89243325257785,1182
2034-12-06,104.63397024504717,104.75587173713771,103.67141625208957,104.33837702344842,4363
2034-12-07,104.54901046982732,105.25130756578585,104.5098039128518,104.82639738312639,3887
2034-12-08,105.38910171571129,106.34528118818078,105.39322451168486,105.52614059661256,9029
2034-12-09,105.39626750299274,105.2341272556085,104.91407774974446,105.21181344407528,6814
2034-12-10,104.93069763189355,105.15584612092896,104.78033600334561,105.07305663464516,9755
2034-12-11,104.42895406391294,104.91267422083753,104.46445678349524,104.55490201095827,8905
2034-12-12,105.0118971769909,104.72190248378072,104.33205136088736,104.45317144041812,1643
2034-12-13,104.46350907660566,105.20900728736207,103.69115175908739,104.43487645324666,5279
2034-12-14,105.29378931234805,105.15274513871913,104.42174589245336,104.76470145228784,2290
2034-12-15,104.76280418787724,105.60371074873096,105.14750481790574,105.30979318779806,3517
2034-12-16,104.74648526410625,105.22828025671643,103.88723919988043,104.93574515548724,4176
2034-12-17,104.07472759756982,104.02119524162516,103.70625203594624,103.95208262337424,8868
2034-12-18,103.96958000766804,104.70794935750166,103.45697920607935,103.94146023373612,8549
2034-12-19,103.47156511976131,104.52422573143387,103.95997212872452,104.08822899872044,4184
2034-12-20,104.1440640883913,104.51647643825082,103.9451815701303,104.21293784256297,9477
2034-12-21,104.79150649779406,104.34419074365726,103.70578885927777,104.04960121880845,1122
2034-12-22,104.18605110018945,104.55181417534773,103.5857228132374,104.11197726864042,9152
2034-12-23,105.05103047281618,105.14534133920434,104.82647012779532,104.86969967281654,7140
2034-12-24,104.86738380692024,105.56063621791778,104.88045587164477,105.06056675729779,1087
2034-12-25,104.94686778901514,105.41557861658792,104.13431860056852,104.87388254479625,1541
2034-12-26,104.62008517677765,105.28527029042102,104.25320572420578,104.62378363624825,9171
2034-12-27,104.87450178693105,104.9783655918846,104.21846982036608,104.53885745740938,5047
2034-12-28,105.68332770435865,105.45000170562112,105.14425838285041,105.3572274383247,7026
2034-12-29,105.38783192700784,105.27388757424282,104.63201301219924,105.26557708356161,5515
2034-12-30,105.27696965597963,105.69767149153608,104.55877768835143,105.25567991130126,4695
2034-12-31,104.51079086506428,105.81919481363803,104.50313400533922,105.0145231258331,1691
2035-01-01,105.04982817342542,106.40676100098837,105.55843049591431,105.56401480455408,5612
2035-01-02,106.56850670594568,106.70302379068976,106.52613244797391,106.54393343192642,9905
2035-01-03,107.0316301900806,106.90224830442229,106.74314120391068,106.76923995664211,2279
2035-01-04,107.21015022562167,107.51096133597811,106.65523781914099,106.81062640853483,1915
2035-01-05,106.56209620000985,107.07157283477397,106.66598766389593,106.82901782512194,5195
2035-01-06,105.1840928526367,105.85074890290439,105.44473536231826,105.63686443072908,8155
2035-01-07,106.28932760873985,106.14877931429125,105.44246858605189,106.00943986287147,2304
2035-01-08,105.83211554073989,106.84883365517311,105.83604670602519,106.0765230708694,2256
2035-01-09,105.81757361589791,107.72773544520471,105.07149442361442,106.29069409619976,3817
2035-01-10,105.78685955172217,106.06805193176,104.95461728128774,105.9349629991579,1027
2035-01-11,105.58940486965209,105.7985816247227,105.07810674487932,105.74273455966936,7187
2035-01-12,105.93327341430998,106.0861852729513,105.22598042413699,105.53722209141777,7454
2035-01-13,106.30772375785875,106.17838666443994,105.04403953021922,106.0480335834543,4975
2035-01-14,105.63743753432377,105.9407605571735,105.71359598265306,105.85865366515276,7011
2035-01-15,107.31937012897446,107.84424553256535,106.48368162021252,106.89998382620765,2396
2035-01-16,107.15292279308947,107.65054275572238,106.85242900601318,107.11541503571517,2067
2035-01-17,106.79582439630553,106.87503671455428,105.97610230417226,106.4775737057173,9202
2035-01-18,106.811454111528,107.38530938409154,106.35239989793465,106.41330055909133,4783
2035-01-19,106.00868512799227,106.27104570053464,105.93754776594925,106.08746299801312,5600
2035-01-20,105.16166763534122,105.54181340224979,104.88985184376256,104.99027176310311,6588
2035-01-21,105.66797969382998,105.86788488745161,105.7837915570691,105.79000723316,9090
2035-01-22,106.42060918284578,106.1848515846103,106.07500124018419,106.14157850427,8181
2035-01-23,106.43526470636078,106.95367167702939,105.54002025879471,106.40818216321966,7620
2035-01-24,106.77898065908921,107.32227263795924,106.18085805954996,106.49088399336951,6527
2035-01-25,106.25730220816884,106.4504235557561,105.33862081072088,105.7998752090233,7719
2035-01-26,105.72223618878405,106.09124817693798,105.46267167090217,105.55806663924557,7807
2035-01-27,105.95091906991502,106.0124364717952,105.17116267740353,105.97895702663757,6877
2035-01-28,105.43029864876934,105.59210935398448,104.54640577651158,105.45334701174633,2921
2035-01-29,103.30035282832725,104.31730133537468,103.14605735851666,104.18746235362092,5019
2035-01-30,103.86007105378106,104.26783812143826,103.80799821211484,104.07390934973046,9459
2035-01-31,104.28280262881728,104.41331897855116,103.69465490064071,104.00303057271668,5288
2035-02-01,104.36177664302849,104.57221715690162,103.94798066023542,104.07081228092405,5052
2035-02-02,104.21470130525115,105.27800667879208,104.15987011351635,104.43507160268132,6084
2035-02-03,104.80324689411853,104.91859506115932,104.4154434401297,104.75387450879691,1093
2035-02-04,104.82647948479503,105.56527599383854,103.99605014497888,104.88325941141888,9489
2035-02-05,105.68790581907503,105.66014240246946,104.73065691413326,105.48102510546224,9704
2035-02-06,105.38412464405934,105.66344573064796,104.31607360273615,104.72154021505557,8573
2035-02-07,105.18637169569485,105.2123190522713,104.48946383558338,104.97383112229427,1908
2035-02-08,105.08604706759178,105.6305237924946,105.09505484485734,105.28710030396275,3253
2035-02-09,104.64379330249541,105.01519205715894,104.59856478870722,104.66731916092262,3025
2035-02-10,104.33646233251226,104.01160488025374,103.36888925360574,103.91588385658143,5319
2035-02-11,103.12030971602834,103.54637515386548,102.69637636642793,103.54291279334363,7181
2035-02-12,103.02762477243932,103.67385667494668,103.19636121576984,103.21214207208598,1819
2035-02-13,103.80184098343922,104.72968284004749,103.11086084578157,103.5888518038372,4564
2035-02-14,103.66988178795327,103.83750776532366,102.81767557270564,103.28158241199165,9302
2035-02-15,103.03609852353313,103.0485602274069,102.71286903109099,102.85340815285105,4543
2035-02-16,102.36558280993857,103.09630262821511,102.39329617502884,102.54759128450377,7635
2035-02-17,103.26786804197879,103.15847148275655,102.42314457462315,103.10690745158087,1666
2035-02-18,103.23771696879032,103.37294199822843,102.3707815478783,103.11342913876935,3145
2035-02-19,103.12905015619778,103.46929634706761,102.66149493181605,103.0238036260909,6820
2035-02-20,102.93967877365166,103.2972037909951,102.87835906445744,102.96880087674036,6116
2035-02-21,103.63072933635931,104.29400962711892,103.458568635992,103.61483104390362,7741
2035-02-22,102.96799522244038,103.77196304153573,102.68849642996584,103.240245180602,4645
2035-02-23,104.6420605935713,104.20107417595129,103.46442276155176,103.89799932607205,1258
2035-02-24,104.05034730773598,104.74105384872429,103.95478066266745,104.00324747553282,4533
2035-02-25,104.08759146886037,104.09887490596702,103.77133544924651,103.92303778454513,7502
2035-02-26,105.10811466858377,106.1471401479571,105.00795008801703,105.17348803351227,7611
2035-02-27,104.89926138742682,105.20664353457059,103.9108121062761,104.64566828861298,6689
2035-02-28,104.07929552636084,105.23757701794683,104.39063767015199,104.46882540882947,3282
2035-03-01,103.32892812859323,103.88040505084712,103.72837318024894,103.85260978924748,2874
2035-03-02,104.3196993222883,104.51038999084608,104.099565345123,104.32884077451556,1956
2035-03-03,105.78965182387671,105.5545144728545,104.71125352130932,105.1734352413414,6531
2035-03-04,106.37089288240566,107.16299864274814,105.37399767577926,106.00839663204371,5489
2035-03-05,106.3778370796976,106.66978303112495,106.50310471235768,106.62037100861673,6263
2035-03-06,106.67638699771067,106.91543990352896,105.53787771917298,106.52156077471874,6022
2035-03-07,106.14814344262466,106.73086115551617,105.92931652960948,106.33894028597382,3057
2035-03-08,105.63128040596008,105.68069557969217,104.91639127604938,105.50335539972679,3377
2035-03-09,106.67261033019149,106.58813012464509,105.72892234579513,106.52129216731768,1529
2035-03-10,107.03372494266135,106.76032260343976,106.73304794327532,106.75578120639192,4562
2035-03-11,106.04010364480989,106.95179770341818,106.16987878663045,106.50980275395717,1263
2035-03-12,106.7941548017942,107.2839359632677,106.91742141662155,107.17383119845066,1477
2035-03-13,106.66477777269917,107.56616062527203,106.5899537940209,106.68744894007065,9547
2035-03-14,106.58103295648262,107.04627948986602,106.46120796708684,106.89075995718198,9254
2035-03-15,106.4715287690411,108.23258309670716,106.47504397685069,106.80444539003658,5172
2035-03-16,107.2053411737436,107.26852900019352,106.89699403390405,107.12378395997672,2943
2035-03-17,106.81718652104975,107.55159026722214,106.6252769862994,107.09199719038367,8622
2035-03-18,107.04383031194459,106.89620358846547,106.20513814417035,106.36653324482805,3060
2035-03-19,106.2443716349749,106.76253653299177,106.36975464871904,106.40432143116307,2714
2035-03-20,106.84768387683845,107.50661985816119,106.5944342168452,106.92875350210075,4914
2035-03-21,107.00340746132889,108.56809527542245,106.82790185708679,106.91414529917375,9860
2035-03-22,106.84931624562458,107.37738431175617,107.15203937332036,107.3017028599683,4599
2035-03-23,106.93148947078087,108.21682483094541,106.40126770726766,106.77893811713128,9659
2035-03-24,106.86824801544653,106.82491194328183,106.37946540880934,106.76580772049635,5436
2035-03-25,106.34876083833875,106.45713809844273,105.11911111384043,106.45355249295206,4126
2035-03-26,106.90922110528331,108.06831490595984,106.72894208296488,106.82704291300442,8501
2035-03-27,106.97127344798261,107.80520787517536,106.1602595333793,106.84278869413542,7454
2035-03-28,107.61838274599381,107.33083343612103,106.34582886354418,107.18782553230372,5776
2035-03-29,108.48175918577668,108.15619246142369,107.63988960063608,107.73168074538266,2743
2035-03-30,107.75903973665294,108.8101797466926,107.89327512872596,108.07749003294334,7757
2035-03-31,107.82484502710771,109.11185586041132,108.16281000907365,108.21404925009017,6532
2035-04-01,107.74576800422686,108.32952863759363,106.90885194550512,107.71494312083446,1279
2035-04-02,107.0898745212972,108.86327782733596,106.93756355937693,107.71355006550101,7194
2035-04-03,107.64182943404074,108.34752746276276,107.42258063104096,107.4470048644931,8444
2035-04-04,107.30889711506285,107.44114607187699,107.06251611683669,107.27497288614099,4030
2035-04-05,107.19789179054428,107.41740670569011,106.14191564156907,107.08770581076587,9538
2035-04-06,106.50667144283875,106.74824364033397,106.47945655402742,106.59774302337473,2396
2035-04-07,105.69557845859826,105.90595760938004,104.64360923027368,105.61907372880775,7026
2035-04-08,105.42667407793702,105.32404106159186,105.04680650657609,105.28500220464386,3773
2035-04-09,105.44169895230591,105.51715260195967,104.42559172030147,105.38169193060594,7008
2035-04-10,104.30407382325343,104.76140512600367,104.45439115941852,104.7076034078922,3770
2035-04-11,104.76704627428846,105.01974042891266,104.43379857824242,104.71544452612801,7023
2035-04-12,106.22176814409843,105.68889112089082,105.40969675991666,105.66557873828349,4734
2035-04-13,106.24937463345357,106.31390430254045,105.88864842570777,106.17710701590961,1807
2035-04-14,107.03999445430033,107.05415233024594,106.15252105392925,106.99887777046987,2800
2035-04-15,107.66245300630348,107.9333277628129,107.12202796190617,107.19444170893624,9267
2035-04-16,107.55451195309999,108.45068995473366,107.60849821274614,107.77819662042945,1735
2035-04-17,107.6831175472216,107.95763497215377,107.29283298576553,107.41621425519557,3689
2035-04-18,106.93499691576892,107.24754114462628,106.28398831918136,107.09404412168458,6370
2035-04-19,106.05044902161937,106.01683669213381,105.29679841511529,105.72447401861584,3307
2035-04-20,106.55696120197724,106.86360671049817,105.59370676040142,106.31754675563698,7460
2035-04-21,106.96402508654877,107.8242816838702,106.93089739030479,107.08770874554693,2149
2035-04-22,106.7313317849734,107.23291842913915,106.79146044448437,106.81112012287329,5799
2035-04-23,106.97748773210014,106.79542680506039,106.47217225013937,106.68414426967468,1547
2035-04-24,105.7505779424622,106.6397833624714,105.77213394562293,106.3072132128292,5261
2035-04-25,106.36596125559953,107.1455067501208,106.374980867274,106.49853998856794,7481
2035-04-26,107.24713150630691,107.1507679119883,106.37666776454117,107.06100626121956,4817
2035-04-27,106.09718824286054,107.11408958355996,106.0067049957461,106.18962027427904,1413
2035-04-28,106.43479855366225,106.59654361663587,105.19120047058507,106.39433953960017,4811
2035-04-29,105.64365837004247,107.4622790627005,105.81425694018799,106.25600365374059,1702
2035-04-30,106.05635742102308,106.84072165295322,105.67654834309295,106.31270084972394,6144
2035-05-01,106.74603365220662,107.29697366179606,106.11261147022408,106.54219785056108,9963
2035-05-02,106.22279441805536,106.56336346478035,105.99733763205559,106.44809663117468,2525
2035-05-03,106.00556529122518,106.78364523330372,106.23135690578118,106.39630320447179,4424
2035-05-04,106.60784818058085,107.36072113792656,106.01752517125612,106.28936562069447,9640
2035-05-05,106.92922893780951,107.49432268530367,106.22508832766661,106.77452372158861,3624
2035-05-06,106.65734369580723,107.35481402250323,106.73608986474699,106.98390370165235,2562
2035-05-07,107.13574662385066,107.15787430458158,106.6974806406698,107.09419547052103,8886
2035-05-08,106.1419352715573,106.5810186447995,105.87720795849637,106.45871960997489,6207
2035-05-09,106.22369202130564,106.70113677414912,105.38938843959907,106.26942973836832,4003
2035-05-10,106.77156077539554,106.73334027470041,106.16587417550805,106.71876431853791,4307
2035-05-11,106.49506368533974,107.2500600547903,106.53335457260599,106.73761260509987,5145
2035-05-12,107.29007821995201,107.42615765949446,106.5866337403637,107.06737833989443,9374
2035-05-13,108.21983975075474,107.95287513824664,107.44867323120751,107.95063424005825,1393
2035-05-14,108.54900693213261,109.087165764045,108.29042338845967,108.46993727466266,3924
2035-05-15,108.64071108897465,108.73043537378055,108.47778853611446,108.51651644351253,2768
2035-05-16,107.82517320690404,108.64772932172217,107.68852111915368,108.26102185841467,5281
2035-05-17,107.39290322843978,107.30843344924162,106.81115883558962,106.98424706038672,9280
2035-05-18,106.87265710273336,107.09354701858938,106.83302888105179,106.9000545991503,1085
2035-05-19,106.45647144170424,107.18225235383528,106.63129622007277,106.73704835124187,4687
2035-05-20,106.97598219217633,108.19573665760386,106.50131702272132,106.93223144843955,1119
2035-05-21,107.07891983266889,107.03469202042399,106.49374391244424,106.85527883495222,9279
2035-05-22,106.84879117535,107.095888885097,106.13703697234754,106.69508630523381,1911
2035-05-23,105.47997973054368,106.17808350599907,105.53090931933964,105.8053868399802,4365
2035-05-24,105.56269429226042,105.39153480900082,104.74416464218032,105.33540292540516,9116
2035-05-25,105.55553072126568,105.5885095892415,105.2700721554713,105.57372844580544,3582
2035-05-26,106.58204351608703,106.52852409139398,105.65791674862733,106.43168226137179,5791
2035-05-27,106.1424541193246,107.61442641388649,106.11773022358008,106.38291956949898,2742
2035-05-28,106.86059858310205,106.70012164362524,106.28558519473899,106.54682510628605,1734
2035-05-29,107.0778788426419,107.31648995415487,106.8115998805068,107.02306418476245,8114
2035-05-30,106.9742642109038,107.58266065132405,106.54667885347082,106.61761721666232,1052
2035-05-31,106.34056380564822,107.01702251998985,106.33099051060913,106.80102423830505,2737
2035-06-01,106.01035344925445,107.00180648131509,105.75767280208265,106.43077918513896,8683
2035-06-02,106.79118305039387,107.12699007567399,106.81240161002304,106.86319140438447,4996
2035-06-03,107.37918043435216,108.19400399888053,106.49718984819265,106.93889292836033,2964
2035-06-04,107.67696210465317,107.10744471976471,106.85938449230704,107.08811883535105,5968
2035-06-05,106.43029164691933,106.70541146183453,106.32542955127514,106.69681953664177,5733
2035-06-06,107.0662498259306,107.41237324181931,106.5757927023046,107.05033571644715,9904
2035-06-07,108.13923776964685,109.09814369476938,107.90495587096144,108.09269217706266,7127
2035-06-08,107.80418361325998,107.77876315464871,107.25603744718953,107.58873632934856,6842
2035-06-09,107.68434562544854,107.84700088735494,106.96273569953252,107.4188568255248,9810
2035-06-10,107.20034110473534,108.11811946329458,107.13145468147798,107.53466056260885,8280
2035-06-11,107.94724167667196,108.02690297712255,107.87094976137554,107.92786366860675,9858
2035-06-12,107.04553514883105,107.88776765537126,107.02195055320408,107.64809052596202,5269
2035-06-13,106.47481276580277,106.50440307807195,105.80432064202567,106.23157538089065,7328
2035-06-14,106.80958416747545,107.30051150083557,106.0473896091545,106.91117012797267,5491
2035-06-15,106.92980856397412,107.52411522617432,107.21703801314003,107.29142318776474,2221
2035-06-16,106.51971346550845,106.44156526734385,105.49195996161819,106.4199494225214,9100
2035-06-17,106.00520425372997,106.56737238700369,105.85067161195062,106.11616502663162,5805
2035-06-18,107.27869455062815,107.14118839913765,105.29256914328887,106.90025624139528,3612
2035-06-19,107.35637980996036,108.83903209946548,107.45812489014968,107.62415445062422,5557
2035-06-20,108.76036102198198,108.21136799406271,107.97569835631965,108.0934744619637,8693
2035-06-21,108.26178490787277,108.01858888935747,106.9277369094548,108.00541824498376,9306
2035-06-22,108.43322027834526,108.14115144993475,107.83293823409575,108.04691195439001,4801
2035-06-23,107.67279819136242,108.23360855960924,107.8971151718173,107.98144905182696,7526
2035-06-24,109.0821067566015,108.7384796866775,108.34185834435911,108.54556894346138,2230
2035-06-25,107.74388350659135,108.16283933053684,108.03925830668429,108.10764774021382,2885
2035-06-26,107.64180440383564,107.72908193435309,107.67069762560062,107.70474791277171,4503
2035-06-27,108.60128219441175,108.9120434145378,108.1199206297237,108.20988520618972,8672
2035-06-28,108.33973520018529,108.47956480127866,107.14284699687096,108.18770447843394,6559
2035-06-29,108.50518958097206,108.90217368300257,108.69150714225835,108.87693815616085,7756
2035-06-30,108.88180507122335,108.90910884062674,108.45652519074363,108.54118205267056,6288
2035-07-01,108.61577920832391,108.94386827043743,108.31184233080805,108.51379287250116,3479
2035-07-02,107.9277263092627,108.3819024205567,107.66087078675724,108.05258638007918,6787
2035-07-03,107.59366494397608,108.16442042641513,107.96788587080486,108.05626772079097,1700
2035-07-04,107.4474194112534,107.37527708069923,107.17703896570633,107.31699425229156,7991
2035-07-05,107.02414920092416,107.4463163386193,106.1101935688605,107.07317754181409,5432
2035-07-06,106.4019434139742,106.80544619636419,106.23339649670565,106.35505060935003,4888
2035-07-07,106.22645181789447,107.04902853142963,106.54722408915578,106.70201222594565,7422
2035-07-08,106.93470977831858,108.11330999651705,107.02993656738192,107.06030689582548,2978
2035-07-09,106.33926691704576,106.79224960458987,105.60394655696065,106.19517553058331,8398
2035-07-10,107.42505778672502,107.6257725154309,106.1454773169735,106.8621184033336,5204
2035-07-11,108.04924147968832,108.35188810870424,107.68245437862159,108.11082596654352,2896
2035-07-12,108.56681887763213,108.25215261624813,107.41847616109138,108.1338291599117,2149
2035-07-13,108.04947655605432,108.25868786986476,107.2397823794089,107.81327202979936,4828
2035-07-14,109.2955728151769,110.19962657866697,108.92927867423715,109.22543732530089,7470
2035-07-15,108.26225054104981,108.93531070892084,107.99481182178641,108.56595307614964,6386
2035-07-16,108.2848627465249,108.84607582931599,107.65431272754826,108.57600630958419,8655
2035-07-17,108.85107970711212,108.84324281157605,108.20199987045639,108.66581744590015,7791
2035-07-18,109.18044258389479,109.81784830112935,109.20418744408887,109.33839125612636,4347
2035-07-19,109.33365192805992,109.88497332709836,109.16480960337628,109.51826074368975,9362
2035-07-20,109.21476069408523,109.27444695660972,108.89067340220181,109.26894379579552,4146
2035-07-21,108.74420236149979,109.17846510215662,108.50723324712926,108.79335161060155,5216
2035-07-22,108.89267109333659,108.89420286675349,108.42229645981394,108.62244070047848,6829
2035-07-23,107.96732771052784,108.45980734570462,107.81551120632817,108.1189770200059,9190
2035-07-24,108.38326169070554,109.3330835529805,106.87562339559518,108.14288967989825,9454
2035-07-25,107.99270313018432,108.42363155602973,107.84113462071808,107.860791589968,7281
2035-07-26,106.61157389711451,107.23532422248734,107.03288700100371,107.11377269332313,6287
2035-07-27,107.82969788640557,108.05147773584441,107.38456734204121,107.74134558751058,7659
2035-07-28,106.69218179551294,107.63938300163306,107.37017415126058,107.49250932579606,3248
2035-07-29,106.58987394481281,107.02173890326658,106.75942952301938,106.85844092330841,3149
2035-07-30,106.9132344100333,107.03096790056746,106.76619825171248,106.77431135606463,4056
2035-07-31,106.80530420897064,107.20036283742489,106.61763381565451,106.80849713904846,3196
2035-08-01,105.40489614447048,106.63431278359988,105.05349502503778,105.93526377625895,9688
2035-08-02,105.76533907972977,106.22328752759059,105.80356125667639,106.10108760982183,1749
2035-08-03,104.79483489150103,105.85543805513541,105.55596695437563,105.5775088254767,5102
2035-08-04,106.0302542529588,106.57681530386813,106.1090990037968,106.43302323007208,7101
2035-08-05,106.86872249090602,106.79838068782509,106.54765430569763,106.69500348611045,2046
2035-08-06,106.32782360948326,106.56394642165193,106.2108187403686,106.4950534910558,2979
2035-08-07,106.17345326841509,106.54027022624099,105.85974811018004,106.12246960589712,7233
2035-08-08,106.07407906657717,106.65693621790241,105.3402240650875,106.06998575211531,4601
2035-08-09,106.38615604405682,106.88539995886836,106.32748373149711,106.37638112290695,7004
2035-08-10,106.67057378554827,106.5227137223193,106.14874924766187,106.36363405861435,5799
2035-08-11,106.19418146239462,106.4618786041871,105.32481647844978,106.25505465504592,5237
2035-08-12,106.55744031237285,106.75855075105936,106.04948855985995,106.28423980045487,2048
2035-08-13,105.23910731695514,106.01886246202677,105.75746827318774,105.9823103348364,1761
2035-08-14,106.14413515846809,106.26552345778722,105.13086782757183,105.81070737141488,3735
2035-08-15,104.38078772432944,105.46333238949035,104.15716764912963,104.76781115196238,4622
2035-08-16,104.93279235046506,105.82406573587667,104.60686009765259,105.25467426738857,2401
2035-08-17,105.19268791070208,105.73102170466542,104.46505213982476,105.40407315754945,8379
2035-08-18,105.34250180178216,105.62945773971052,104.87343998706955,105.01734523553273,8792
2035-08-19,105.69992277146694,106.64556208964412,105.6752296165794,105.96671272621035,4148
2035-08-20,105.81345433263563,106.80582861184769,105.5302911638299,106.01022096640654,5621
2035-08-21,105.2036428650112,105.76353651737521,105.06409526022198,105.49214918041893,4006
2035-08-22,105.997136331412,105.99066460400444,105.61586819390098,105.92051789115416,9757
2035-08-23,106.3426244998751,106.44783048108226,105.46141439128122,106.1195419994088,2788
2035-08-24,106.8281293468791,106.77063789767429,106.30186026862204,106.31683199215091,7828
2035-08-25,106.82389943976115,106.51606540950884,105.38022098118815,106.10395418982512,8665
2035-08-26,106.52425627767053,106.72602169887918,105.17397241434895,106.32920205171413,1945
2035-08-27,106.3080191626644,106.6345785449064,105.62824233692064,106.19832290660358,3042
2035-08-28,106.11109171279404,106.79854748336435,106.18087597746457,106.4762936324265,8848
2035-08-29,106.09661235154049,105.90296259848014,104.86874921160425,105.52382140542119,9699
2035-08-30,105.37150560673177,105.73879834600947,105.09930985762706,105.30688467393159,5225
2035-08-31,106.08124277026339,106.46669868978407,105.93300072302358,106.16796222283568,6191
2035-09-01,105.90068802585161,106.30926555301394,105.16874503208862,105.78442849513554,5748
2035-09-02,105.29160412817049,105.70587277925037,104.99916429192643,105.48250934638895,8678
2035-09-03,104.55722720787655,105.33697804776321,104.80528061762571,105.25852867716395,6245
2035-09-04,104.82266648549971,105.07576609017468,104.64760971029486,104.65112560921963,6882
2035-09-05,103.94972737668569,104.23246660117016,103.45145431246486,103.54698522110552,5609
2035-09-06,103.59876881240399,104.63266549381898,103.35736470752803,103.4316920218437,7622
2035-09-07,103.49749799488404,103.88899149156912,103.48001482692237,103.49962173388454,2033
2035-09-08,103.47735072533261,103.72815245105012,102.94800760201805,103.4733691996152,5566
2035-09-09,103.45261384295615,104.82290175102715,103.25436186552932,103.40092991864127,8541
2035-09-10,103.46494662039304,104.12056491918455,102.78219103564795,103.42245035406646,9927
2035-09-11,103.91566069459768,104.24651584611289,103.85247524896705,103.93387108984184,8232
2035-09-12,103.84625086071789,103.8537898151537,103.7475046436625,103.83864799687723,3156
2035-09-13,104.01811053046573,104.33817471935505,103.51010618230717,103.5516067083336,8426
2035-09-14,103.5527259301935,104.18365718883196,102.85194153600985,103.41104396588955,7766
2035-09-15,103.73226144097531,103.91724053506991,103.25335584604862,103.70071734576794,7557
2035-09-16,104.60449885392835,104.56334990953992,103.6813071171735,104.40673078503957,5123
2035-09-17,104.29044861148995,104.12562446974442,103.88204779573736,104.09265891545498,3610
2035-09-18,104.42592519780038,105.46966681790917,104.12778546111998,104.14212580896942,4708
2035-09-19,104.08423110638755,105.00858428660044,103.70468511160524,104.3113045299374,3919
2035-09-20,103.67085715472865,103.86535327812246,103.22398448963476,103.81501552657299,1157
2035-09-21,103.58115687392117,104.13323696455329,103.56420134205709,103.82522411017945,4437
2035-09-22,103.3224040585565,103.23722208757746,102.87723239925509,103.0923871815084,7596
2035-09-23,102.42322332196082,102.65409451349653,101.7401344974418,102.2078620296387,5717
2035-09-24,102.00926237182811,102.85993837481956,102.16091617210792,102.39123523358482,5918
2035-09-25,102.31654920676553,102.94051987729675,102.0576452732292,102.19929786291944,1638
2035-09-26,102.71210822709041,102.76943286687572,102.21106900688508,102.30043806673005,3639
2035-09-27,102.22089078660854,102.78629024302111,101.86008180061071,102.29149057822588,1051
2035-09-28,101.89748253607186,102.08290345287158,101.51741342771514,101.80329055389397,5912
2035-09-29,101.99980911375913,102.3186304642622,101.64550277999011,101.7806634029118,2471
2035-09-30,100.76794527858476,101.2369920700682,101.09827585917671,101.16411275040437,8983
2035-10-01,101.90519537710242,102.11537669366608,101.55225051790124,101.85959892940508,1329
2035-10-02,101.56324861389754,101.36432967838745,100.93017141441571,101.1816137569751,9976
2035-10-03,100.90575847646157,101.14446467421102,100.97985324781624,101.08372112149081,9487
2035-10-04,100.81232517014483,100.99258656502833,99.82608209811241,100.56258532746718,1345
2035-10-05,100.85594439628932,100.88886424592461,99.94726286178859,100.84779591414758,3201
2035-10-06,100.47972883586672,101.17546103724823,100.28755149446522,100.68208022850682,8313
2035-10-07,100.3937943034519,100.64348477135268,99.81244681508281,100.42274686869622,2505
2035-10-08,100.69150926399612,101.29602127252608,100.70965539452169,100.849347641222,4874
2035-10-09,100.59756872453192,101.23259827236961,100.8365869902467,100.86406293706078,4447
2035-10-10,101.04608172829282,101.27185385853868,100.9381192715433,101.12238516002876,9759
2035-10-11,100.65225008548586,101.32612224357982,99.65338796316236,100.63172219177002,4956
2035-10-12,99.87949740504162,100.10708705540162,99.83947671057605,99.92931371980627,9221
2035-10-13,99.90330562648768,100.73769113213265,99.6051009594853,99.98291770082633,7641
2035-10-14,99.89129328796865,100.04055801384946,99.68108641540907,99.82349452307898,4658
2035-10-15,100.29613365180026,100.1446448185327,100.0209421477472,100.13671185930595,3541
2035-10-16,99.75352906312276,100.5406583231435,100.0872132578567,100.09675763297467,7883
2035-10-17,100.12357654177781,100.24342541765951,99.47002391976174,100.19929530259199,4209
2035-10-18,98.79554176462321,99.48948379436857,98.84355139132114,99.38760403762136,1693
2035-10-19,100.28316749971823,100.96097070005395,99.3558292915842,100.3318225074285,4873
2035-10-20,100.29486022873397,100.35850922627131,100.13888046842604,100.24970151491247,6310
2035-10-21,100.76942900373172,101.00039659013062,100.1600264672317,100.59849500008208,5766
2035-10-22,100.22668060692115,100.47344504946165,99.96019069279235,100.18044916497226,2503
2035-10-23,100.49890680929721,100.98759435394504,99.74056502018163,100.33445411608093,1177
2035-10-24,99.70259922881934,100.29648957246619,99.29950966988092,99.68303173431856,1993
2035-10-25,99.70641013999365,100.76521951763185,99.61610749540976,99.9090656534484,5898
2035-10-26,99.39629806073857,99.79535412844805,98.20341963809572,99.73107861125548,4046
2035-10-27,99.6667730510367,100.23318455569252,98.5137860140583,99.74567386322326,6857
2035-10-28,99.86477801726622,100.4735382683924,99.80936030904415,100.09466087828831,6345
2035-10-29,99.44247498828888,99.7016179618057,99.19009525993526,99.47839072267817,7050
2035-10-30,98.98858175632554,99.17701319538752,98.30033901104159,99.13614485737178,9726
2035-10-31,99.49053130168437,99.56694612002119,98.7606812725164,99.36480699791515,9188
2035-11-01,100.42860424252571,100.82228670112099,99.84561479192195,100.41391773518853,4029
2035-11-02,100.47912486873497,100.70687508405875,100.05115534614579,100.3448765678578,1734
2035-11-03,100.77316004380212,100.78359532826686,99.97854690452132,100.64044462681976,6468
2035-11-04,100.53305697877559,101.30528478798014,99.73410001120145,100.58695889189052,8442
2035-11-05,101.52258078579227,101.83361175137662,101.0965332157374,101.55808168926866,1949
2035-11-06,100.83495220228244,101.28726203129791,100.22447036352851,100.68447085578603,9739
2035-11-07,101.46556305732295,101.30841146445835,100.54795360472633,100.73178137812071,1311
2035-11-08,99.62227001725901,100.51531246382835,99.61945854480085,99.91900936133969,6951
2035-11-09,98.67824902246817,99.26389352567644,98.04964456369731,98.66572357607133,3274
2035-11-10,98.45574209846302,99.97267703109398,98.7586491740079,98.81445460263024,2082
2035-11-11,98.8779297958366,99.19563424318471,98.41982200047853,98.88420350070396,6216
2035-11-12,98.53956676073655,98.89371674657343,98.04731477230133,98.74178503183286,1720
2035-11-13,98.65271606349735,98.79751554738205,98.48321132145898,98.688687986813,5344
2035-11-14,100.28443080403297,100.3950879005237,99.65876292601884,100.23783770384861,9012
2035-11-15,99.96193280110572,100.22458510434227,99.91706572271887,100.1087501348329,3308
2035-11-16,99.82868471260171,100.74017193640947,100.25780586929066,100.36381231545793,2426
2035-11-17,100.46679060879684,100.77718734293387,99.47005458310947,100.039129905651,5153
2035-11-18,100.4385292871111,100.924861433326,100.18313762012735,100.1867461931713,1072
2035-11-19,100.02846158697022,100.29006681398205,99.68759129944928,100.06762935564349,5080
2035-11-20,99.59395021481545,100.18343061621691,99.46660624591473,99.86237011427862,7677
2035-11-21,100.7973267574637,101.15164526079548,100.49923129256332,100.77181938037879,5198
2035-11-22,101.46870850948338,101.87227908460987,101.0511962783737,101.36041186197096,1818
2035-11-23,101.65978873039846,101.93737229275565,101.103720663957,101.42878518567058,1917
2035-11-24,100.53534586701882,100.77210959470695,99.87897698107813,100.27667921769859,2530
2035-11-25,100.41137749766587,100.39950657644759,99.69017513996394,100.09617460607231,5465
2035-11-26,100.92543048142635,101.89134286950471,101.3616908955589,101.44768838827484,7975
2035-11-27,101.24096459074865,101.34972817172451,101.11927160117216,101.332357554955,8352
2035-11-28,102.1818965871653,102.78253817479637,101.30034279425897,101.88396634098181,2049
2035-11-29,102.32784803116674,103.47846711423487,102.42496320955149,102.60493754195812,9216
2035-11-30,103.0801997730406,102.9794248792761,102.34145338762421,102.7144194998861,1927
2035-12-01,102.8366219684935,102.49488732890524,102.22508709652298,102.29350868395203,2845
2035-12-02,101.43322881389834,101.20374464422378,100.55208612754208,101.07585251806059,9156
2035-12-03,101.61641124449604,101.73047252086711,100.61177805235322,101.41793412236507,5778
2035-12-04,100.87630425274445,101.99110826659903,100.95052417308756,101.0105561209533,2927
2035-12-05,101.1831217880215,101.92866542159999,100.74325935695309,101.09863134689714,1685
2035-12-06,100.06989278248628,100.88669728156543,99.77831834321486,100.47372117710246,7433
2035-12-07,100.10676920748982,100.71260725389239,99.69610200774893,100.34110240686735,7723
2035-12-08,100.14472088956444,100.42654438975494,100.17150623227059,100.35796193431788,9078
2035-12-09,100.51085049702981,100.88589557224815,99.52969428307323,100.49225872484003,1138
2035-12-10,99.81719445153533,100.40198463998209,99.6425166918267,99.93484763116382,6338
2035-12-11,100.61178309253053,101.224284498038,99.8095756893714,100.5333031055445,9689
2035-12-12,100.4982037606417,101.10973896611894,100.16947387887697,100.23485571317852,2048
2035-12-13,99.18470272009051,100.17700210952097,98.80704578740105,99.39762098295189,9597
2035-12-14,99.38768960085127,99.91076741358954,99.10650367874496,99.34310927297015,6371
2035-12-15,99.23550623053801,99.49119076429544,98.71980296561466,99.36029692748339,2750
2035-12-16,99.49764039216643,100.4030619006628,99.01260741808734,99.44059164406927,8049
2035-12-17,100.32750962537536,100.2757861607885,99.67878381497385,100.12165784591181,2616
2035-12-18,100.27980416479654,100.0194003725693,99.05153149380325,100.00343342754388,1479
2035-12-19,100.14471485114741,100.65966291731178,99.18722558095213,99.9436236153595,8325
2035-12-20,99.51622711342164,99.54219049602567,99.2865229096318,99.39203142474294,2709
2035-12-21,99.37624419428104,100.39152653265224,99.45916897337784,99.8023081761869,8316
2035-12-22,99.57008292936217,100.1030801258451,99.78358383500925,99.89446270822594,6262
2035-12-23,99.43719536063873,100.36984476148176,99.26670864775784,99.68444884457887,6456
2035-12-24,98.83969755988839,98.7675439963737,97.39658051516126,98.73211149784613,1452
2035-12-25,99.06701612165652,100.41964672490181,97.97597177876041,99.45431759537368,5488
2035-12-26,98.94173431159601,99.20944507627672,98.74567767480713,98.84047761314565,2369
2035-12-27,98.62417938560058,98.86724307665753,98.2503320888034,98.5448386084608,7308
2035-12-28,98.14330413234289,98.74954901623134,97.75705345816009,98.7240108639988,8563
2035-12-29,97.79945105316018,98.55234095876139,97.37865700211917,98.12573189969045,1530
2035-12-30,97.69213968302091,97.71319352588827,96.55173104578644,97.37897701056389,7938
2035-12-31,96.52622596373202,98.55654534472643,95.56603394481431,96.31700321921355,2551
2036-01-01,96.42238349650789,97.18681395068327,96.30089417766689,96.67750169566636,7657
2036-01-02,96.09445027767887,96.83545756780654,95.84737005409829,96.4049085733032,1404
2036-01-03,97.13343961401631,98.18013377719392,97.11355662555137,97.86854361953988,9713
2036-01-04,97.81275539304083,98.15615811986497,97.14647477775226,97.37136608672444,1617
2036-01-05,96.92295688553929,97.46034837590645,96.58317835083422,96.91064057500998,3064
2036-01-06,97.19306130647082,97.56875473454616,96.40485861764564,96.62794408986727,4761
2036-01-07,96.69201009134484,97.66606849163574,95.99601782512347,96.74951141743652,5879
2036-01-08,96.59918653771074,97.25395439209262,95.91532927267042,96.51440974804386,2792
2036-01-09,97.0879653964737,97.37549559968008,96.56546677184095,96.82057585504512,7156
2036-01-10,96.82293446590506,96.8331755677826,96.00946180628424,96.33128166005079,3236
2036-01-11,95.79079229836432,96.11245612248521,94.95026975969742,95.640485800819,8599
2036-01-12,94.74210059649593,94.90310461324464,94.65370522364235,94.74137843111444,7287
2036-01-13,93.63797864548046,93.91299307319376,93.54128659206432,93.62959134714585,8592
2036-01-14,93.05680615674623,94.40685610778958,92.97418699274452,93.37055683740832,2740
2036-01-15,93.105501821152,94.17240662225252,92.88273091340787,93.2200666812117,9519
2036-01-16,92.91971401285464,92.90757896450964,92.39923520294406,92.90434816747012,1694
2036-01-17,93.94061922859423,94.5037141741386,92.80270798132005,93.5260510660637,3928
2036-01-18,94.01105321282337,94.88413348448788,93.55844625649263,94.14006617086777,6086
2036-01-19,94.29146107078765,94.19801795673415,93.42654495619514,93.97266467714552,9522
2036-01-20,93.05115271717037,94.08031179256231,92.80063167137533,93.07570412054953,9966
2036-01-21,93.16541913439673,92.90133575900236,92.71038858980532,92.792351566522,8093
2036-01-22,92.69545761775537,92.81475193510272,92.37944713951133,92.49244086956348,2055
2036-01-23,92.34663199727986,92.26712620099737,92.06501966807005,92.16387338842445,4025
2036-01-24,92.10866193447399,91.8596280799127,91.47776433725804,91.81501393647532,5284
2036-01-25,91.73823046199871,91.51979131806254,91.29255273964615,91.48828248861292,6197
2036-01-26,91.61415569937519,91.55685405135362,90.90318711572878,91.29501168066405,7583
2036-01-27,91.61677031902843,91.5835021047981,90.74493115108369,90.97724113125626,1117
2036-01-28,91.56647079897374,91.28708252435392,90.44917475610615,91.08140238556906,8707
2036-01-29,91.40151401377098,91.48139482002999,91.1266872062425,91.26158674352149,8717
2036-01-30,90.67374014231915,90.90625529986208,90.52432924867757,90.80626419993024,8800
2036-01-31,91.55172219984101,91.92050178554985,90.88716562398011,91.44179686293376,9403
2036-02-01,90.3739069943159,91.56396559862397,90.80684576567481,90.95176571201345,5256
2036-02-02,90.39156138885609,90.28351223144057,90.05124760558823,90.14286540510578,2600
2036-02-03,90.01524448241622,90.39252155780274,90.20841692679441,90.33325444078831,9223
2036-02-04,90.26129475637349,90.18168485936646,89.39653800101101,89.92455037358114,6941
2036-02-05,90.67928281906705,90.53511085702631,89.43154154947405,90.08519610895983,6949
2036-02-06,88.44808150560411,89.24355598780981,88.7152213930309,88.88336180840957,5716
2036-02-07,89.56449846028883,89.85728997887227,89.3210365906464,89.5795897791511,1901
2036-02-08,89.59641262737107,90.27069604964733,89.86808196658347,89.9157364831713,5340
2036-02-09,88.64700521940887,89.7115259143092,88.78188547676501,89.16549820858981,7005
2036-02-10,88.3942131513055,88.67233170287277,88.18261557724813,88.42610964666666,5839
2036-02-11,89.452792709845,89.4922652941572,89.23499855178653,89.26224259871543,8318
2036-02-12,89.11987277576216,89.88140519758147,87.81756136346429,88.89355264696644,4344
2036-02-13,88.52263796636974,88.51386943277544,88.20336854087923,88.47646022260014,5122
2036-02-14,86.84416455854142,87.89946451554206,86.61620569717132,87.34343417552549,9842
2036-02-15,87.2050587014607,88.00372211477128,86.49089860956124,87.16804507272471,6343
2036-02-16,86.60642086043318,87.56778104532705,86.64737699708111,87.05418526530684,5810
2036-02-17,86.98383533627423,87.42033247168045,86.69364763782816,87.41193181369158,3153
2036-02-18,86.41334663312237,87.03344647909864,85.75878306409538,86.71239259959934,9668
2036-02-19,86.26719256089257,86.59593850004671,85.88277391695149,85.95224920347904,4015
2036-02-20,86.34130712457173,86.56775209994225,85.82002350024526,86.17773052086727,8844
2036-02-21,86.77787276584559,86.98343314729678,86.55511375441678,86.68109555648081,8369
2036-02-22,85.63673512667081,87.01582544100901,85.70644141311838,85.89551938092187,4081
2036-02-23,86.31994380900632,86.84256868119937,86.3681648428834,86.43627642407174,8424
2036-02-24,86.04401059296802,86.86878572044606,85.90792343163434,86.45504734481514,7289
2036-02-25,87.4102404124201,87.52291050447695,85.81692721827474,87.00095001435247,9175
2036-02-26,87.62501723586475,87.24574571455905,86.71407090193576,86.96583983359366,4429
2036-02-27,85.87168039907164,85.77601157118413,85.48762025546024,85.70470087484969,5830
2036-02-28,85.84824344699477,86.17209667220494,85.30529734514894,85.62871718369166,8270
2036-02-29,86.1111010512639,86.49441892606599,85.02085749801697,86.15878909302731,5819
2036-03-01,85.22608037438793,86.40211100684748,85.24965964661097,85.71191608348545,5143
2036-03-02,85.26474416184357,85.9215724840369,84.79413025289415,85.51793359903172,6920
2036-03-03,85.29025148257618,86.11253122139415,84.884083077644,85.42986684725624,2208
2036-03-04,83.86453310416816,84.0817590296104,83.67667589929977,83.98010990732199,2247
2036-03-05,84.63116560646965,85.40957960404974,84.55873802545075,84.81578369504074,8979
2036-03-06,84.37942184766361,84.4399363290498,83.83293049879026,84.36509585509214,2400
2036-03-07,84.36291284476894,85.10179178547281,84.57094587197099,84.61796357132854,4030
2036-03-08,85.22493023944033,84.7262433920878,84.2163837450738,84.57461300325444,5206
2036-03-09,84.79381032693524,85.68744742920896,84.70724516581072,85.20342253143411,9513
2036-03-10,85.67264345585492,85.68922697384937,85.25543093110358,85.40645059264816,5858
2036-03-11,85.2104320438391,85.38945131017029,85.00307556402544,85.28898845688767,8153
2036-03-12,84.98107033920658,85.09803345581254,84.41711438470952,84.84223091062803,8875
2036-03-13,85.39359072147239,86.03625192294625,85.23718599980748,85.2411562613191,4224
2036-03-14,84.35154857837799,84.31311961309635,84.29368715649682,84.3044356093418,7120
2036-03-15,84.28736959519985,84.92068868725961,83.89606336761378,84.62738081947974,8080
2036-03-16,83.97824651859126,84.4020658481817,84.04231537730963,84.0778584437023,9534
2036-03-17,84.75472885634042,84.77034258424716,84.54322795502162,84.70400027468062,5727
2036-03-18,84.81658019659722,85.05987598235659,84.1178666349128,84.78465004601198,9056
2036-03-19,84.79977233750242,85.79778092736036,84.73076511498536,85.10671192993702,7427
2036-03-20,85.53507007456186,85.74173727497491,84.00865202515662,85.14770633684938,9928
2036-03-21,83.52344576150358,84.8624319362499,83.99308363086439,84.27151778927889,2180
2036-03-22,83.76611574125182,84.08860830532636,83.08144726956431,83.84115320758121,1879
2036-03-23,83.90095224983122,84.65859729384657,83.75474881934413,84.1773478763869,7839
2036-03-24,84.31532540997459,84.3016907497609,83.55017620295843,84.26067578506684,2422
2036-03-25,85.156188494521,84.9263449208628,84.22955616623847,84.85117073771967,3852
2036-03-26,84.63071731588514,85.35721960044994,85.043761278458,85.05280801923826,3962
2036-03-27,85.27553864357346,85.1573242972204,84.494498222358,84.56945707388692,8530
2036-03-28,84.23197959611396,84.19218398966065,83.58911986816362,84.1714250050266,9634
2036-03-29,84.33740089731687,84.42491842541446,83.56216233017055,84.22288370028822,4506
2036-03-30,82.63393536668396,83.41003518580719,82.57197812390095,83.06586166728817,8799
2036-03-31,83.88861245359963,84.23513563586042,83.48021205453796,83.90258261009967,8508
2036-04-01,84.41495842474382,84.67385588099981,83.44743479395588,84.12345597828845,9439
2036-04-02,84.79994974847848,85.36662105275289,84.71289549970312,84.73697327681288,3978
2036-04-03,83.98872997852637,84.1472004602551,83.4628656233472,83.94667130640829,2497
2036-04-04,84.5533960159824,84.93268673970275,83.64513403257307,84.56895388658592,5187
2036-04-05,85.27130331460077,86.29491044750533,85.55071894249443,85.6847033420998,5943
2036-04-06,84.6091515630921,85.23856528288549,84.93661325619516,85.02426416441114,2547
2036-04-07,85.76076319985523,85.94431755193033,85.37653863308726,85.40996506186302,2990
2036-04-08,85.6752060459896,85.59667921099191,85.03902608287062,85.41052003420667,4146
2036-04-09,84.94738446182274,85.4210304400621,84.25551121371412,84.63830311008255,2746
2036-04-10,84.63789908286711,85.15918435376865,84.66354171409563,84.88474509600849,3760
2036-04-11,85.25427637007648,85.49859193791745,85.21957178735252,85.30154669842716,7961
2036-04-12,85.37052347789307,85.58100763654593,84.8371988336671,85.00098342209273,5636
2036-04-13,85.21534508479245,85.80664006827749,84.83897360729405,85.58394168222034,1022
2036-04-14,85.08952470109173,85.2168396730491,84.70425056623218,84.75055997882575,6648
2036-04-15,83.82722602781375,84.93258322339118,83.48812298055569,84.00318190560093,9250
2036-04-16,83.81491061326496,84.20122001493854,83.51201846490729,84.0714806033953,2679
2036-04-17,84.07459835243948,84.09357133837419,84.07591003531417,84.08417324238144,8782
2036-04-18,83.39078592543585,84.1536528331222,82.79858184272018,83.72588649816939,2629
2036-04-19,83.5616156378062,84.72045284995919,83.47795270501874,84.13068371615532,2525
2036-04-20,84.418939779258,84.65476858694396,83.99230042942428,84.3961308732633,7585
2036-04-21,84.98548013984473,85.13981949887793,84.67055826207384,84.82520040873031,4157
2036-04-22,85.12821924284543,85.01739786281705,83.8525957582849,84.76363219105417,6817
2036-04-23,85.24701473899479,85.48197261099837,84.84870076983118,85.06492232504334,1620
2036-04-24,85.43171632897815,85.29800397031374,84.57679934108369,84.84209717352834,4585
2036-04-25,86.27732901129258,86.2033956379622,85.33076549362418,85.86900651857164,5651
2036-04-26,85.68415725901663,86.17122870335115,85.27018094508843,85.46273363351065,1715
2036-04-27,86.6559679958466,86.80606887790925,86.149064257216,86.5153823482398,9297
2036-04-28,86.90185697670648,87.31949979658738,86.00010545200922,86.53282632178451,8788
2036-04-29,85.18116424360159,85.92107876591903,85.51312431395208,85.84507087700014,7699
2036-04-30,86.38509343986554,86.75273310463808,86.09685261936009,86.52911055224443,1728
2036-05-01,86.0345169323537,87.20139385183637,86.39259264935819,86.59206124644192,3543
2036-05-02,87.21655258534787,87.21404524101564,86.60358969901904,87.01762329563203,4152
2036-05-03,87.40672209168007,88.18318774090524,87.4641862373546,87.62955125490333,1696
2036-05-04,88.70442497467725,88.05563375415736,86.84218983124302,87.79852903197585,5229
2036-05-05,87.3470308701182,88.00240411209924,86.84090397521543,87.50240860956944,9598
2036-05-06,88.02217424786882,89.02043607032249,87.34119021058535,87.99026529840407,8165
2036-05-07,87.86996309187506,88.52466662131448,87.43041356091213,87.99064305213136,6185
2036-05-08,88.1869225899924,88.47958982230102,88.27592582665046,88.33357196143557,3348
2036-05-09,86.88275010939046,88.63109788249487,87.15462689441883,87.25670667453984,4314
2036-05-10,87.09615271006247,87.51349194649622,87.44382323381886,87.48019753304476,1515
2036-05-11,86.50705671979036,87.19179875558707,86.6058406499811,87.16090462047225,3144
2036-05-12,88.15119812990254,88.38180891273703,87.42088544225987,87.98755943906151,4425
2036-05-13,88.17170908304767,88.31964354505345,87.45612851247144,88.29910311300607,8263
2036-05-14,88.99912045374352,89.272644983216,87.6773974907065,88.41903198593072,2745
2036-05-15,88.28894492738564,89.22833067002529,88.60869559662858,88.66218698260582,3184
2036-05-16,88.60586091221394,89.16444076310006,87.53084956524526,88.16296655616746,4428
2036-05-17,89.44627270203695,89.18299072700066,88.36328226329353,88.97459490143149,2071
2036-05-18,90.3533930605901,90.57399298521827,89.38117279293348,89.97028011063995,2187
2036-05-19,90.2371760590537,90.34500808023544,89.38822328980889,90.16673686591405,1499
2036-05-20,90.86047693263504,91.30878689643306,90.44437756731507,90.96193865020086,3549
2036-05-21,91.06018485994579,91.1169965034479,90.05983668311082,90.67736455086461,7081
2036-05-22,90.04136882490081,90.7043651611693,89.33525477627549,90.27880776775211,8147
2036-05-23,90.38048242075028,90.91038300191255,90.25865618006868,90.29927014211657,6745
2036-05-24,90.50361627749389,90.65399765504718,90.01025336339055,90.51674066130053,1820
2036-05-25,90.05232226187016,90.41120896988527,90.26824338279465,90.31974732067897,9765
2036-05-26,90.67204550754849,91.21046797295763,90.30529861315873,90.5886314158632,6245
2036-05-27,90.96437763237782,91.06030242689735,90.38723052064306,90.74182615689992,2698
2036-05-28,89.9634243064227,90.474916572043,90.16724605085096,90.24267276925438,4042
2036-05-29,90.64010533411499,90.68194678628305,90.34621717087637,90.50206927798024,4256
2036-05-30,90.26512494302106,91.07949940230348,90.55772855708251,90.93383339924101,8996
2036-05-31,90.70482145571813,91.25476442904078,90.89686686174257,91.0195680580362,3187
2036-06-01,91.45868839280367,92.19107281954308,91.32140287756519,91.59589210966705,2778
2036-06-02,91.09439138400842,91.12858681797324,90.50898160962223,90.98719021291858,1048
2036-06-03,91.48195984887472,91.54850967048857,90.41970346738901,91.2211654239845,2494
2036-06-04,90.66087193813527,90.91862517932842,90.48442452762185,90.63602507078612,7467
2036-06-05,90.24896311201657,90.51863803802405,90.00831278893222,90.07898439166956,1918
2036-06-06,89.71534440381984,89.78317357417241,89.17225896368686,89.76351897480068,1350
2036-06-07,89.41391332588604,89.74865164004673,89.2326360164932,89.29248888301355,2926
2036-06-08,89.1240636936316,89.24974055024296,88.94449316887297,89.01849097364298,2917
2036-06-09,88.75870963059712,89.08284255117822,88.6519985456469,88.9114158182874,6266
2036-06-10,89.2233790984889,90.23922525064388,89.29141404863725,89.32999306145308,7010
2036-06-11,89.34945169380559,89.41142335369837,88.72893883710145,89.16941354210023,4959
2036-06-12,88.92022703130785,88.77899441047913,87.3705856749295,88.37660068871543,6269
2036-06-13,89.30868018635582,89.1106628373014,88.53207122615223,88.94663461196302,6692
2036-06-14,88.18935472832028,88.58332392309856,88.25172967283056,88.5280895451555,8240
2036-06-15,88.16105480983542,89.25642770623499,87.99631370309771,88.49872933160319,6177
2036-06-16,88.56130818044306,89.10414387578375,88.5996929991683,88.72199758507354,8903
2036-06-17,88.8514791956382,89.4424524306454,88.17865235151395,88.82180279427493,5766
2036-06-18,89.38336944512795,89.65513007994146,89.34045659289278,89.36889256803566,8455
2036-06-19,89.98047822281055,90.23650481195273,89.60752040959495,89.60839413973204,5104
2036-06-20,89.56627334163753,89.24867837119774,88.8601251104879,89.1777393498835,2501
2036-06-21,90.26872011220398,90.84144049668726,89.47884166373386,90.26702043687932,6668
2036-06-22,90.29587819564019,90.7736633910353,89.60816286090379,90.36418716854844,3823
2036-06-23,90.44554098492397,90.64226381659327,89.99409325610769,90.29051705523769,1067
2036-06-24,91.09144016278093,91.26968490737428,90.51417383747707,90.77247976676547,7676
2036-06-25,91.06293628272377,90.9061328904716,90.54918403418226,90.89720523973051,8944
2036-06-26,90.96735559518295,92.33447623666822,90.60400887953188,91.09681933620017,1763
2036-06-27,92.15923517698832,92.75498751722833,91.6935453657939,92.34291133550052,6572
2036-06-28,91.87216950583327,92.32709115618944,92.08705857937106,92.20535062137299,9669
2036-06-29,92.10451622864286,92.45432319841396,91.38743952944559,92.04647017436429,5613
2036-06-30,92.29169545986643,92.59220158269004,91.93326187333487,92.10475943037052,6039
2036-07-01,92.86097095609988,92.80822805840123,92.31505158691107,92.64051739816104,2023
2036-07-02,92.23277849399231,92.13163890552255,91.19627572229885,91.88725038306585,6838
2036-07-03,91.34856531752617,91.74134431431929,90.53094131228224,90.90447243732758,6576
2036-07-04,90.19842510771431,91.34407070347645,90.1529170204411,90.61091480201752,5738
2036-07-05,89.91538205251726,90.11048659623648,89.59924405584665,89.79395332248787,7814
2036-07-06,89.71331549553925,90.17103573520349,88.8323818768502,89.58153764872505,3426
2036-07-07,89.81060357426429,90.1688969330659,89.48494414125163,89.83278749678969,7758
2036-07-08,89.13890969403027,90.01525182788411,89.32438020609331,89.38741306501356,5742
2036-07-09,89.10738872704393,88.95553287652044,88.12346258317635,88.67399977662289,2531
2036-07-10,88.53208820416634,89.26973922444034,87.41475310860032,88.70866835748058,5699
2036-07-11,88.48216944195826,89.37724206130552,88.55547784887717,89.13994009978815,2401
2036-07-12,88.29847506606292,88.31831232293645,87.8905870690682,88.29245338052985,6858
2036-07-13,88.63121047961711,89.05398598615056,87.3599169252649,88.70256957968284,1654
2036-07-14,89.66853186339605,89.15834460331439,88.89787526039981,89.11122268155201,9966
2036-07-15,89.73517341888845,89.68308921006776,89.49283039331453,89.58826523263032,7622
2036-07-16,90.1059265160168,90.71377478921671,90.13981246923508,90.19750534006616,7053
2036-07-17,91.23945577527805,91.74138010271284,90.69429430191025,91.29851230239596,6511
2036-07-18,91.05794522573511,91.2518746993495,89.8148426236813,91.12046627808644,4823
2036-07-19,91.84039208049438,91.19766363409151,90.8426577977587,91.17525206812537,8631
2036-07-20,91.16967801194271,91.29837203034444,90.91859448790669,90.96703285150136,9801
2036-07-21,90.54587322219706,91.42225344264065,90.79265770959533,90.96802127387926,1384
2036-07-22,91.66112596726713,92.39274284814103,91.36802546328778,91.73445795169742,9909
2036-07-23,91.05486097533193,91.3989332855871,90.4507539909068,91.06195070973209,4158
2036-07-24,90.29915541261,91.39040043112264,89.82095948098274,90.63142587364929,1191
2036-07-25,90.78512970472745,91.96250619928266,90.93665720059144,91.32001634190158,9161
2036-07-26,92.00870360988868,91.90799764409408,90.57036819973082,91.83003459535263,7785
2036-07-27,91.40707887322272,92.4222343130813,91.36109228034037,91.64846877194408,3743
2036-07-28,92.45030125807243,92.31587988220619,91.65839949628808,92.07566977250444,5944
2036-07-29,92.24873602353281,92.43583951028508,91.51160554709236,92.24627769375046,9350
2036-07-30,92.85413435217244,93.26276554202845,92.93499883845278,92.99641499825096,4385
2036-07-31,92.30864970012067,93.04368466957652,92.3456996334567,93.03366979516434,8158
2036-08-01,93.91318120698901,93.91652503495327,93.3884543662819,93.54648585210063,3009
2036-08-02,94.95554985714053,94.96858697504075,94.7396624802983,94.86749180734694,5728
2036-08-03,95.03208296922546,95.63507022310374,94.843417265917,95.16654138487067,3722
2036-08-04,94.92411805149403,95.34069746645402,94.6838751242208,95.1912054677681,6123
2036-08-05,96.03215632308797,96.25984902860822,95.44861439211566,95.55242896037859,7939
2036-08-06,95.05052262107478,96.21232070394323,94.83752182109579,95.36978853127664,8397
2036-08-07,96.45317814654821,97.57373547101015,96.2462068645489,96.56377238403901,4998
2036-08-08,96.82473143350411,97.19932185748273,95.68190547944057,96.653807902887,4849
2036-08-09,96.95257123478126,96.64241510079192,96.47212877879154,96.51734124277425,2448
2036-08-10,96.03460082815289,96.5614880798243,95.83974179621008,96.09949674026423,2004
2036-08-11,96.42766174379769,96.92335096620126,96.60283621619325,96.64810683606744,8184
2036-08-12,97.04967877991471,97.96583229723205,96.53508909394588,97.08170054248131,8868
2036-08-13,97.10436455566148,97.12526775109801,96.14774273967221,96.83302335677428,1211
2036-08-14,97.46006749491445,97.59173765997684,96.77070427864743,97.12124902933549,6947
2036-08-15,95.95442330051543,97.06111726097147,96.20195372210361,96.36697104522905,9369
2036-08-16,96.49393836887873,97.11865702400236,96.10309404806097,96.45945633276563,7108
2036-08-17,96.25555488611556,96.98629140001165,96.57658071578092,96.68583450880398,9814
2036-08-18,97.80476456487676,97.60922564659818,96.46781642221238,97.53949941358358,1643
2036-08-19,97.28080518239419,97.54532302315658,96.75119706373229,97.15409001221924,1030
2036-08-20,96.23855800853286,96.84945132506627,95.81741924852776,96.51491369781809,9195
2036-08-21,96.52744338837091,96.27766649964745,95.17265522588903,96.06719971735556,1017
2036-08-22,95.49941951120033,95.43415225413683,94.68348617523192,95.39891546719811,8162
2036-08-23,96.13480189021759,96.32296291046887,95.72571279037808,96.0672441460776,5327
2036-08-24,96.78783034888582,96.94672768002236,96.35222877257863,96.84156379358961,2825
2036-08-25,96.99926070226363,97.48529945155457,95.96701290714019,97.00167208256403,9239
2036-08-26,97.49787480497976,97.80756170234376,97.42492765849998,97.6123195554066,7206
2036-08-27,97.45693619683183,98.21685912018759,97.22954876445813,97.67929874569671,7413
2036-08-28,98.00048209812796,98.04004943675683,97.0208573776098,97.63174292184634,4161
2036-08-29,97.31740133541976,98.10585893502014,97.17717674824705,97.46522411231946,3047
2036-08-30,97.15210620531116,97.36678936486965,96.92859683603744,97.31002861663067,8766
2036-08-31,96.4973396114315,96.65666732667907,95.9002827677165,96.53612783847616,9480
2036-09-01,97.09560956453628,97.51796998008359,96.55437457592365,96.66825522027983,8248
2036-09-02,96.98743803328199,97.55171941995567,95.85955085400921,96.6480882651728,9361
2036-09-03,96.90231411634149,97.09282680860157,96.69547231722987,97.02076862721174,3943
2036-09-04,97.43556600309866,97.46239643774705,96.93678414314304,97.06753037543105,8026
2036-09-05,97.018614575775,97.32186874646898,96.77853078401955,96.9861785246465,5778
2036-09-06,96.29755442924026,97.38562895993422,96.20795035540746,96.55058200964268,8645
2036-09-07,96.44381982365255,96.95412661518073,96.02981078886106,96.58665862805357,3190
2036-09-08,97.36775340424677,97.40994786931564,96.39914721116058,96.95577724346165,9497
2036-09-09,97.00896132699044,96.39953208144647,96.3236547903767,96.38410774791971,7515
2036-09-10,96.52378965238604,97.66630919162179,96.31249154653123,96.42784462476008,9766
2036-09-11,96.37440495201992,97.16564810192467,96.04496766302199,96.54436610052483,6223
2036-09-12,96.1478584684135,96.44946867817325,95.50931549518178,96.18533370871569,1000
2036-09-13,95.66267230168003,96.05277783262338,95.70310318429094,95.8914055562617,7871
2036-09-14,95.82168196696782,96.36015912610405,95.96301012579922,96.0067109806448,6244
2036-09-15,95.22548613215945,96.07363729465769,94.9086867228045,95.4400004714985,8203
2036-09-16,95.59115920487359,95.80808087347887,95.15374845381403,95.61496232912319,1241
2036-09-17,95.20348945323097,95.72674127814717,95.07486869811405,95.1672851422936,6073
2036-09-18,95.65426364660567,96.80931368594618,95.10344249662381,95.6987119888102,3537
2036-09-19,96.80122898114789,96.90076323017647,96.39588277209715,96.86762586150435,5860
2036-09-20,96.66539494770515,96.82969180440053,95.89857901701426,96.43724746065344,6284
2036-09-21,96.63558871436314,96.99957177694242,96.30913703466604,96.70435139184077,6063
2036-09-22,96.29147569620963,96.35061009391536,95.72113317436764,96.34098043939976,3641
2036-09-23,96.80848944499083,96.94979507265279,96.85478429391367,96.86145752629866,2835
2036-09-24,96.69181464164143,96.62729628458536,95.22968498348719,96.22882832175605,6195
2036-09-25,96.32175731352218,97.07145966884838,96.10404311895418,96.46912170096991,9524
2036-09-26,96.2115160496077,96.08745464208396,95.62785433777483,96.03262721752523,4917
2036-09-27,95.7046216147948,96.69594634584251,95.70084489573176,95.92913492297605,4762
2036-09-28,95.51860573482998,96.17864600618321,95.22799249620539,95.4136222854024,9968
2036-09-29,95.98866747838677,96.24822439244022,95.74502488090796,95.82479752085027,1369
2036-09-30,95.7315851296713,95.66432060949134,94.44373143731734,95.40630734363047,7480
2036-10-01,95.56700902250863,95.98820388166635,94.49992538674883,95.6822894732964,9023
2036-10-02,95.17605168971767,95.91643113651024,94.85942764010002,95.51024045916522,1580
2036-10-03,95.21780867628762,95.92758730838487,95.0409704395605,95.45300427326579,2562
2036-10-04,95.81624469890686,96.13276633071054,94.59925017217768,95.52688222696585,5487
2036-10-05,95.77049537488243,95.48438871819194,94.46076899056698,95.14596989113643,3053
2036-10-06,95.5014894715107,95.79170812181893,94.46755579077201,95.25115344790687,6508
2036-10-07,95.63767890114757,96.42809379000506,95.6911712538505,96.01632073008408,9629
2036-10-08,95.86746920150158,95.635883128533,94.82307274370243,95.62727333716772,4188
2036-10-09,95.93004108149819,96.87999768973457,95.66973725550747,96.21317840880465,2990
2036-10-10,96.85748444040917,97.53295451470916,96.73899986197208,96.96222722554853,4747
2036-10-11,96.6103190540941,97.27168243703557,95.3675348646092,96.55414973103451,4062
2036-10-12,95.93323308513054,96.5570317876338,95.58890958392716,95.82662242848924,4967
2036-10-13,95.9972355069765,96.04941829556923,95.87676386481957,95.97760287857513,4381
2036-10-14,95.5235654730768,96.28329565040399,95.05668863139833,95.70389911719168,7305
2036-10-15,96.9561882061755,97.16446225427188,96.11795817765028,96.63820072677319,8455
2036-10-16,96.49733457555392,97.69902876168108,96.54530523643271,96.6556044970231,5658
2036-10-17,96.6308586166141,96.79633770971955,96.07636151885036,96.25450479300551,2666
2036-10-18,95.27311107026276,95.71533686635199,95.23551370349954,95.68092503749966,6885
2036-10-19,96.2905366196284,96.50570460745766,96.07975121225694,96.22587751704508,8508
2036-10-20,95.57244024103352,96.03035333220791,95.87186252600905,95.94028553000298,4499
2036-10-21,95.7119751401354,96.20855763946389,95.93875700022399,95.96219992973319,6383
2036-10-22,96.28619763960941,96.59213393132231,96.11409424036114,96.44010130228943,1825
2036-10-23,96.6541537627433,96.7588865265303,95.53128232830633,96.19797212632402,1891
2036-10-24,96.56741511178464,96.20162454573565,95.32678172200357,96.17500771195394,4418
2036-10-25,96.42899813580983,96.6159687504291,95.85157054881397,96.16672350704268,1316
2036-10-26,96.51837148786579,96.64377901129026,96.00551993627036,96.50838576280073,7068
2036-10-27,96.8601756153673,97.47514641276739,96.76194308813643,96.80375793055589,5294
2036-10-28,97.07364481347788,96.82895371697656,96.6116883437984,96.69370106492848,2099
2036-10-29,96.93591718153877,97.6110043723506,96.48019575531403,96.72552559567673,4953
2036-10-30,96.54503861692622,97.25545408338398,95.62229191468887,96.53963608991499,3467
2036-10-31,96.24683136046015,96.09048254074479,95.24350815177868,95.80082988645526,5965
2036-11-01,96.17398917600337,96.48519219836221,95.53074287614014,95.92963031515433,8530
2036-11-02,96.94845215532257,96.90200327653096,96.64844298429998,96.87572619557086,3450
2036-11-03,96.29617359115079,97.01053050692379,95.99401878549025,96.43386662522533,7161
2036-11-04,95.88257909443608,96.29244722353833,95.88094820779861,96.04735177042399,3707
2036-11-05,95.51113527804203,96.06603303373319,95.5712642673707,95.61198788460212,3561
2036-11-06,96.11138103969228,96.57850376853172,95.27785142908799,95.97428377396368,1029
2036-11-07,96.44926134584173,96.5855393262432,94.96164692250561,96.19852650106189,1434
2036-11-08,95.68597010118836,96.45728319899796,95.48783253477946,96.11925765485367,1046
2036-11-09,95.07626852073881,96.01657914009769,95.58659551704996,95.66024812403418,9490
2036-11-10,95.4209895778765,95.78236029467492,95.63367358075065,95.70643651985414,4541
2036-11-11,94.80182247217364,95.26715621945809,94.91702642130392,94.92412545618625,5482
2036-11-12,95.35462289981184,95.17192896367477,94.45342645413223,94.99583873961498,4554
2036-11-13,95.347475482264,95.46686070902267,94.97300220983767,95.43160093265895,8022
2036-11-14,94.88243336903368,95.58842857681984,94.68579855838405,94.80600136434211,6797
2036-11-15,94.16511357952359,94.42256377916863,93.56706718927367,94.03974222592728,5257
2036-11-16,94.5223899137234,95.0688072662443,94.74982518569121,94.82946117177471,4378
2036-11-17,94.9615480015859,95.91543946392147,94.40060645974961,94.52358135202242,1338
2036-11-18,94.89211350920036,95.10349075914907,95.02072632343369,95.09155527499433,7202
2036-11-19,95.4824938791853,95.38534207184217,94.5379062071782,95.01455644239542,6339
2036-11-20,94.89572623348565,95.77799013007609,94.85484441275749,94.93357903392476,3408
2036-11-21,95.05153439438915,95.44550789413306,94.71230909193478,95.15278538367308,7168
2036-11-22,94.37754920020296,95.25960763708916,94.6304381509714,94.71078595529985,2929
2036-11-23,94.83622011440725,95.03100086202868,94.1073364658281,94.77703452704768,3500
2036-11-24,95.2626045378464,94.91651350363942,94.4557978946276,94.58628981963562,8374
2036-11-25,94.05011958505372,94.31577119855923,93.76510790674159,93.92604309793312,3295
2036-11-26,94.17591519688098,94.3495348267085,93.68618087654754,94.09478413529631,8415
2036-11-27,93.7631491441206,94.48336388580213,93.26135105962072,93.96313023185735,8218
2036-11-28,94.06221294221854,94.61325464673473,93.0251570307735,93.884617817635,8092
2036-11-29,93.32682268806481,94.14253634697509,92.75174234962174,93.27953734592792,3224
2036-11-30,94.05638718738689,94.36498689860966,93.63540703112486,94.07523752980933,7268
2036-12-01,94.66203305830093,94.64569926549956,94.14013962937422,94.51359462300238,9357
2036-12-02,94.4509187714424,94.99741116993934,94.54458938433599,94.99567256508837,7120
2036-12-03,94.81279286614897,95.0958823929256,94.33850714548414,94.84295021386752,9317
2036-12-04,93.6192504155802,94.46502749392252,93.72945238590916,93.97835876911581,4440
2036-12-05,94.96348700985655,95.33280510601809,94.00982813815945,94.95481746036057,1881
2036-12-06,94.70700889366763,95.10734196934048,94.82757933068699,94.92426870635764,6933
2036-12-07,94.35311685317924,94.80322089645273,94.4955971425863,94.54986880834761,8414
2036-12-08,94.35823721075346,94.85276021784549,94.50088833163007,94.75826959558917,5165
2036-12-09,95.67652948096487,95.42217642332328,94.47015235391524,95.34182998959082,7137
2036-12-10,95.12698076206772,95.33364399807442,95.1711909291725,95.33030471154808,1522
2036-12-11,95.78232070842765,96.33737574466906,95.83164309838833,95.96959229551777,4129
2036-12-12,96.97027678612794,96.75463554433401,96.38006317349749,96.51109226477621,4545
2036-12-13,96.14328890090515,96.72698627576126,95.26135011563395,95.97290167107518,7996
2036-12-14,95.02561484684185,96.31491822177817,95.516500512652,95.63600661824545,3981
2036-12-15,96.53038325140187,96.29963354226497,95.82664950387426,96.11477519988533,4150
2036-12-16,95.2528361104899,95.67278154920102,94.42071408023385,94.75846891798011,7328
2036-12-17,95.15005389787451,95.10953698764841,93.75383348332895,94.6837410713976,2094
2036-12-18,94.16878224348861,94.07243682539165,93.61512216625866,93.96832547058527,2139
2036-12-19,93.39953564188922,93.99822158334678,93.60676161330777,93.73004856986852,5026
2036-12-20,93.56587087314945,93.85766071739795,93.48813308660463,93.5806385253539,7466
2036-12-21,92.96698274568526,93.4906362083527,92.21925865147224,93.40151633640016,9206
2036-12-22,92.86558089369323,93.82577434844167,92.3786001290649,93.12538571034385,7585
2036-12-23,92.24354786834063,92.80479808546974,92.4884144430238,92.57681388552945,2538
2036-12-24,93.53466038238193,94.12453499965234,92.95703930567744,93.72276951893879,6177
2036-12-25,94.7056866880829,96.03311527642107,94.46889973356123,94.65650052101947,7542
2036-12-26,93.94199402614167,94.11475422137188,93.90322839046782,94.07546761089132,5795
2036-12-27,94.72016745995612,95.15513646473417,94.25525391007662,94.86652598654311,8579
2036-12-28,94.57952490788963,95.37284142864547,94.51194885666123,94.66679324130668,6011
2036-12-29,95.1812287818381,94.96592228694445,94.72538894350325,94.73138697797253,2816
2036-12-30,95.34887664872932,95.5312068255178,94.37834609790512,94.69974999802407,6635
2036-12-31,94.23466682345133,94.80519707288042,94.07090137040072,94.36987567739709,7994
2037-01-01,94.96262410994925,95.57681704366085,94.47005667836264,94.86180184920016,7203
2037-01-02,94.6723617257215,95.02526894662935,94.47824985594839,94.9247451144885,5251
2037-01-03,94.91676479433582,95.33199551923009,94.65257063398892,94.68646940287887,7612
2037-01-04,93.89123966240031,94.9850575353294,93.42124279532672,94.03417468097864,3976
2037-01-05,93.37404571519214,94.15368081937972,92.78631156484947,93.58737717411908,9506
2037-01-06,93.36716329606273,93.4045730266972,91.80305375244708,92.76668711631802,5863
2037-01-07,92.36597811762815,93.47725084273833,92.54600384781472,92.77279889052562,7275
2037-01-08,91.43861788797703,92.69805827200753,91.48116859110483,92.17446609438342,4753
2037-01-09,92.26213491196886,92.44339056802038,91.87338981867312,92.04168583812415,3458
2037-01-10,92.61644824164338,92.97855508301826,92.48568550594487,92.72673676492933,1135
2037-01-11,93.13258757761395,93.34289448985756,92.73904598512611,93.32638655139013,1813
2037-01-12,94.129745804471,93.39381614642024,92.91667480657387,93.31024810433881,3008
2037-01-13,93.48577371304205,93.33982338077843,92.99444913005303,93.26670574126724,3073
2037-01-14,94.1890887867261,94.50228781062448,94.1496462212819,94.20664301597775,7656
2037-01-15,94.25464158423878,94.80114513812777,94.12889032085039,94.4670210761571,8136
2037-01-16,94.43685420086834,94.85020126402641,94.18309293197287,94.30311784621884,9957
2037-01-17,93.0702529989003,94.50012619404232,93.15084250842118,93.59010878765861,4794
2037-01-18,93.63221496504944,93.79772658296172,93.74362113721328,93.78704539674098,7076
2037-01-19,94.19057759209308,94.46225176409787,94.15306495046929,94.20170728303242,3769
2037-01-20,93.94992907028468,94.19264958536819,93.44948980684876,93.8858815207756,4673
2037-01-21,93.98875349730638,94.60361030647691,93.45938049939254,94.0314828983446,9389
2037-01-22,93.64173287776842,94.1890483169429,93.3274229618155,93.84969625088709,5032
2037-01-23,94.03387869498606,94.25737052448399,93.55240045694434,93.7576800512876,2346
2037-01-24,92.0182729532467,92.57583320991527,92.45162479276493,92.51376902250642,2719
2037-01-25,92.31950115904382,93.00697454982738,91.69576798430319,92.40287832064836,9632
2037-01-26,92.73218380315609,93.63246450453498,92.32077756132867,92.88756297185239,9583
2037-01-27,92.87541462408191,92.59622003376602,92.26971749838972,92.57186169406911,6003
2037-01-28,92.46045994987796,93.16907314666076,92.3188179916112,92.59812487817676,3255
2037-01-29,92.351448591864,92.78442241359639,91.33111058645498,92.2201495248308,6341
2037-01-30,92.50028440182501,92.4558106144236,92.36864699864452,92.40037036297718,3026
2037-01-31,91.74157326157697,93.29656347375717,91.66191950513908,92.2921087642091,5339
2037-02-01,91.80279377839521,91.87489817683833,91.44182431963753,91.8224879938681,4730
2037-02-02,91.96594298116824,92.55804753939938,91.86449938653854,92.48876372770067,2298
2037-02-03,93.05861530000304,94.23694768933628,92.83610000586621,92.95322973446677,2612
2037-02-04,92.43167989230953,92.87445782708329,92.51943462352926,92.65077635250269,1107
2037-02-05,93.25567138026639,93.32567802466582,92.64430466620335,92.89967050721157,2353
2037-02-06,93.11414607865838,93.95035717705161,92.78922279548428,93.16837650862176,2646
2037-02-07,93.25851023546609,93.904644442961,93.38455034222214,93.48952712612736,5220
2037-02-08,93.00235683798829,92.87352534277633,91.6016805972465,92.6423991781298,2116
2037-02-09,92.88413539923363,93.66914196480778,92.86929645904964,93.14570244864613,9603
2037-02-10,93.12926148558755,92.86645704378121,92.41958443760969,92.86085296718326,4020
2037-02-11,92.82219760266807,93.82357922922625,92.50114030962438,92.68193900046263,1236
2037-02-12,93.89125038981285,94.12452487637987,93.22431427482306,94.00087987659273,3702
2037-02-13,93.75102322529914,94.53253187898368,93.26541070489269,94.15181656695323,9400
2037-02-14,94.33115409177485,94.43236677673887,93.67090861168323,93.95865532922964,8190
2037-02-15,93.0061473600595,92.98308540828889,92.56711482753578,92.85600814285169,8594
2037-02-16,93.31930580359682,94.12863823088925,93.27475296461355,93.55089020982487,7051
2037-02-17,92.95166707979895,94.16335914871075,92.73484888497127,92.87828537442057,6054
2037-02-18,92.67841449229057,92.89006812856465,92.07367821522155,92.37656592267082,4248
2037-02-19,92.24449541138596,92.21276404002782,91.34871793292865,92.2108897731269,3813
2037-02-20,92.99061531877297,93.71793316732953,92.87156805711018,92.91909566897704,3337
2037-02-21,93.61531678545113,93.73437675826301,93.16163296883684,93.30571566230992,6726
2037-02-22,93.68797573968075,93.40390178822253,92.89129603473422,93.2267969073898,2951
2037-02-23,93.34506318672067,93.42253326926141,92.83704708349065,93.3809429392092,4801
2037-02-24,92.67951723317513,93.36383878815874,92.86270998422604,93.08075009277366,8888
2037-02-25,92.75980404348351,93.63401864593419,92.83197102512682,93.15057693755632,3453
2037-02-26,92.97994746609344,93.3485806253164,92.92399375089134,93.1872453099454,7562
2037-02-27,93.39116279986037,94.2244268304308,92.9002892627998,93.67163025778606,9438
2037-02-28,93.65047865017533,94.30355368734277,93.70187980315414,94.15521931900554,6721
2037-03-01,94.95655551104784,94.9007797835012,94.20112343141119,94.40220801010837,3533
2037-03-02,94.37946401001821,94.25343885811587,93.72639119313827,94.22103423133531,8685
2037-03-03,94.43480609947989,94.69453782389847,93.9478801156158,94.59194537853038,9978
2037-03-04,94.53620609271127,95.14672884279851,94.2258844242503,94.54596114542886,6229
2037-03-05,93.46908423482125,94.6733650031456,93.59901731470814,94.00500396107229,6726
2037-03-06,94.15055663448945,94.02705321335354,93.17794421187462,93.80336006511682,7742
2037-03-07,93.26074043954586,94.04880198269419,93.12858722534136,93.84562355700898,6132
2037-03-08,94.45373978333464,94.38365190167237,93.7492760979907,94.30073144884136,1341
2037-03-09,93.65744071633829,94.3888136956132,94.14156730666268,94.20896736276278,5802
2037-03-10,93.4801655786072,94.36466845802458,93.30475710987756,93.60436800714298,7731
2037-03-11,94.00554551047264,94.26361942898887,93.56669777302193,93.63273884879138,2046
2037-03-12,93.19928124132713,94.30814371383924,93.14915626434258,93.68946686881966,2020
2037-03-13,93.73777301320544,94.04878228981126,93.39301579059125,93.78238568327103,7969
2037-03-14,94.43065264396641,94.66732357523304,94.02306836339382,94.24232144124825,3242
2037-03-15,94.8910339113965,95.05275117984482,94.43284003257999,94.7517830612932,9902
2037-03-16,94.47573342503587,94.47540660626726,94.36459144735389,94.45467762510236,2161
2037-03-17,94.29533494977936,94.71540599856002,93.99554936742969,94.1466058960779,3557
2037-03-18,93.44325935391888,93.96777656367694,93.51599392502463,93.62650654060016,6342
2037-03-19,94.5557531323403,94.23429815951354,93.97588375292662,93.9759143757404,6547
2037-03-20,94.21713907404171,94.83882159546881,94.32363748799362,94.70032442990926,9005
2037-03-21,94.89140468925343,95.39464704330342,94.3621424128546,94.5427834659548,9918
2037-03-22,94.47891654462735,94.76550830098637,93.98171066803883,94.4220681835923,7359
2037-03-23,95.3405922314511,95.6684770858194,94.89102226928047,95.15545946204179,7466
2037-03-24,95.64660219392442,95.46253162706327,95.28461485545964,95.4082383886493,6836
2037-03-25,95.79304482208879,96.14222573130685,95.32064950659228,95.62635624104982,7054
2037-03-26,94.78759145989525,95.7543394714433,94.97879453125543,95.03089798806295,8840
2037-03-27,95.28438111585602,96.09707909814014,94.96439186581908,95.37026202270266,7858
2037-03-28,94.47021695233013,94.99170953350561,94.8749895770147,94.90569385244778,7556
2037-03-29,94.24913504167688,94.705843760637,93.97674391618003,94.3386837594803,8312
2037-03-30,94.26205366953948,94.96539261447803,93.93706221312169,94.16529797109695,8341
2037-03-31,94.05454009197962,94.22566199608292,93.67877458232313,93.8724016093726,4341
2037-04-01,93.87903206567836,93.84718735980084,93.46057550057502,93.76160176218008,5772
2037-04-02,92.51458402248858,93.12646368629487,92.87522424804524,93.04111094491762,3929
2037-04-03,93.35186691842523,93.97092496865713,92.41762775077737,93.52051909815145,2642
2037-04-04,93.88568739859942,94.2439102625352,93.80113975202016,94.08436224540968,2874
2037-04-05,92.71764062836627,93.35398163151665,93.09822926526218,93.11069100833927,1852
2037-04-06,93.34913989084141,93.65021646386165,93.18996952279312,93.59991991117255,4100
2037-04-07,93.19503935037258,93.52943175944964,92.95431539127347,93.19465559626173,6339
2037-04-08,94.04727992098665,94.39023384509673,93.16163595513662,93.62314336475312,8216
2037-04-09,93.30300081965723,94.95316999106822,93.14130251008815,93.58892011841992,3040
2037-04-10,93.2646485699587,94.28501002412916,92.97654087157063,93.60330790046041,6121
2037-04-11,93.33091734265643,93.60148857922107,93.29035431007551,93.5107590757498,9901
2037-04-12,94.21806359399238,95.00283759207856,93.50545705079767,94.11682367786655,1069
2037-04-13,93.8641420387116,94.49555338991303,93.19195235200276,93.49702967160404,5800
2037-04-14,93.77499716866456,93.84986308689767,93.66013458298517,93.80094984097154,9237
2037-04-15,93.91785129963071,94.43879871730047,93.51800912299045,94.35161492341632,4134
2037-04-16,94.3398601152025,95.3405344590877,93.61227894912264,94.70978496368652,2654
2037-04-17,95.92861883744621,96.07190784135608,95.69980326852624,95.87213442084823,7881
2037-04-18,95.9062373578887,95.68256639885877,95.60296573547657,95.60766103948588,9020
2037-04-19,96.63103602823503,96.56111357281515,95.91135953554553,96.08631345078264,1916
2037-04-20,95.67854788264111,96.78277416722871,95.6209229580065,96.03326813311193,2050
2037-04-21,96.69190348567356,97.11439679431338,95.55568047529252,96.64997117128827,2214
2037-04-22,96.33717316225403,97.2692914123018,95.75320122783346,96.64612667342759,2814
2037-04-23,96.18260077982096,96.47117064660166,95.88320047619344,96.45218878249635,4299
2037-04-24,96.81023136474971,97.17725100019541,96.54357361887523,97.10522488443216,5963
2037-04-25,96.75916556549033,97.03227074322552,96.44328897179564,96.8594439149227,5319
2037-04-26,95.88839730968068,96.53900627837582,96.12943571261816,96.15308103547243,2081
2037-04-27,96.63831141096556,96.3105241630596,95.52638348261512,95.89465759388551,5816
2037-04-28,96.06627133219408,96.29941691608234,96.19376702251581,96.20417406717978,7797
2037-04-29,97.19652687623116,97.04062806587214,96.68902364190764,96.90019344297332,7672
2037-04-30,96.75789982823113,97.70523736195534,96.22894118126243,96.95575813062158,5591
2037-05-01,98.28482882319905,98.08127611041971,97.53838129955548,97.61485666423859,7895
2037-05-02,97.03748869792544,96.97194939845399,96.52280302620414,96.93576920349979,6157
2037-05-03,96.96521698994924,97.52874199063086,96.20721689055677,96.71413747109084,9025
2037-05-04,96.39252665963201,96.7418499656663,96.29499571143543,96.56984991251379,4169
2037-05-05,96.80550238030824,96.86161193123635,96.34846003278703,96.51257019877752,3105
2037-05-06,96.655084100648,97.93187820710182,96.20460724643485,96.55461739290263,2370
2037-05-07,96.78637960783617,97.02600759575773,96.10122320861826,96.90007287159872,1528
2037-05-08,96.3537020215846,96.88601544591135,95.82729098424619,96.67766945251348,9823
2037-05-09,96.67592074269916,96.85761093605481,96.50926360756806,96.74718379599004,9726
2037-05-10,96.62767930724128,97.17831282720968,96.08599351660804,96.72462235082801,5577
2037-05-11,96.52238588185837,96.33577204408427,96.00701107364002,96.26167739888244,3769
2037-05-12,96.13516939466243,96.90083984243239,96.10175070249947,96.20484405434172,9404
2037-05-13,95.55655117840782,96.35621353880092,96.00533577373474,96.13301428939316,3195
2037-05-14,96.2443280214426,96.53326078628824,95.93584058634394,96.05047400689165,2119
2037-05-15,96.45430370976385,96.46951934462217,95.9904791646946,96.06635373518236,7403
2037-05-16,95.60437025998053,96.48356860181708,95.78326837455234,96.10419050548906,5168
2037-05-17,96.42946209995422,95.88887084374637,95.806016254391,95.8880429159354,5426
2037-05-18,96.94339582386702,96.70041269731566,96.50858327483157,96.52440028292102,5144
2037-05-19,95.75039576877963,95.94323659636827,95.84197976994008,95.93965996831952,4293
2037-05-20,95.24402703203928,95.89998753030518,95.54633467768109,95.57917491408458,8532
2037-05-21,97.2850499632739,98.25294928516323,96.60436151570411,96.96915672619635,1793
2037-05-22,96.0392662948403,97.16007370543052,96.40346756362626,96.45016104870173,5600
2037-05-23,95.57278153788162,95.98182396035118,95.67262072753604,95.77328371134685,3866
2037-05-24,95.74598316139557,97.16229126079557,95.9491959096917,96.14052208384746,1679
2037-05-25,95.1037344998048,95.36725233478413,94.57574119365331,95.10196215696052,7180
2037-05-26,95.42388074498595,95.01149562249265,94.90731073660808,94.98432520197431,2202
2037-05-27,96.16971271481795,96.47130773331901,95.45351464253109,96.05723766451256,9248
2037-05-28,95.5901920530527,95.63055040478274,95.06283908807065,95.28476970343586,8912
2037-05-29,94.18824671790608,94.4295785606433,93.8850404899591,94.29378746056649,9527
2037-05-30,93.5733877083962,94.04884433747755,93.13682684667835,93.54419685958764,1583
2037-05-31,93.62544531436627,94.47260133438854,93.82581810986416,93.99337664376114,5098
2037-06-01,94.52669922519256,94.84329410184773,94.19843801351391,94.55576500375405,4262
2037-06-02,94.07567957236782,94.6651010919283,94.11507267281671,94.29947060526479,5302
2037-06-03,94.59299571775244,95.85176668320396,94.46442358735163,94.64107680726532,6230
2037-06-04,95.26750084923593,95.40706036618008,95.07695580270915,95.33620447102132,8673
2037-06-05,96.13554571483203,96.69723655115048,95.98335143000106,96.22987767823624,3610
2037-06-06,96.73897713762535,96.61503164130426,95.32357735409843,96.10671003764631,4205
2037-06-07,95.4862375746249,95.39135736703169,94.69993676923073,94.95597417881132,3001
2037-06-08,94.970377432069,95.17138374186655,94.3604499001963,94.54553471760647,2304
2037-06-09,94.87065031038802,94.34293539393468,94.11891126200837,94.33213262013884,6345
2037-06-10,94.62845401663301,94.61730006513288,94.06499794128374,94.20266322184965,6657
2037-06-11,94.10202032111224,94.18615874550048,93.72760850468363,94.10873352134529,9121
2037-06-12,94.63070793879886,94.8128331382475,94.18523118806384,94.66818082031062,3639
2037-06-13,95.37601510881058,95.87631049752252,94.80900538360827,95.3053950336544,4092
2037-06-14,95.15635273107739,95.58912648630736,94.82543947410672,95.21955820669201,6459
2037-06-15,95.4567870302882,95.87878568805445,95.50273864904295,95.76880064471793,2595
2037-06-16,96.03661290469759,96.76493408391408,95.5101357353495,95.94763132803348,5969
2037-06-17,95.51004798939876,96.07828987601357,95.7448351777929,95.97988431446475,9945
2037-06-18,96.47444888515665,97.06682487600303,96.28513854839757,96.43315639301974,9637
2037-06-19,96.17085055161586,96.80396046526384,96.2022257130328,96.4692824171387,8698
2037-06-20,97.47387634457637,97.9672779312982,96.74302312098042,97.49818800568758,5490
2037-06-21,96.83634345505205,96.95756371514094,96.2347238115233,96.7789824222903,4661
2037-06-22,96.41554093132345,96.96937047453869,96.02650946880952,96.5213969727443,6475
2037-06-23,95.96598426540612,96.59365465069794,95.55997934185457,96.45813752426731,1642
2037-06-24,96.32145821946145,97.04589647876664,96.13539398240256,96.6778638694963,5309
2037-06-25,97.44931719955187,98.37353338224696,96.31777820595202,97.31184411304785,5223
2037-06-26,97.13241217127572,97.45295472292074,97.1280894977141,97.29964482942978,9703
2037-06-27,96.75678493051198,96.66276184545012,96.18268830729906,96.58853000467667,2642
2037-06-28,97.01269734039364,97.2686658607586,96.86298897569755,97.00978695290418,2068
2037-06-29,97.32791676864201,97.72375994555779,97.05308252360953,97.38726633597516,5481
2037-06-30,96.52063008272192,96.80610924396515,96.29991578091715,96.41633700628546,4940
2037-07-01,96.21196581788162,96.61516836869083,96.41351843915282,96.41443493945006,6302
2037-07-02,95.73948249953183,96.37887381037541,95.11761159290171,95.61936402410991,6906
2037-07-03,95.16118635061477,95.29262248011204,93.9727779051599,95.28703847535888,3564
2037-07-04,95.5965196795893,95.04792655990104,94.37628027380342,94.83563401187747,2954
2037-07-05,94.90008567585765,95.40106020321133,94.95947791904045,95.24026636099848,4090
2037-07-06,95.19150685906536,96.07049670902141,95.27345772669733,95.29868144808457,2514
2037-07-07,94.56081384862078,95.13960065728358,94.27986886810812,94.65588594770655,8017
2037-07-08,94.69035926086696,95.5501260487283,94.96490894106539,95.09591892918522,2872
2037-07-09,94.59675979395057,94.7344030298086,94.31164748560035,94.379016017221,9610
2037-07-10,94.41545568813231,94.63504563162769,94.39292869090973,94.54407291245649,6492
2037-07-11,93.42313411130817,94.43559562767999,92.97454006987292,94.13706757781071,3684
2037-07-12,94.16276760800905,94.40110993523936,93.18675589952969,93.95422903654544,8015
2037-07-13,94.01551377615877,95.01644375304299,93.95861186151703,94.20636441056463,6272
2037-07-14,94.43561868321848,94.96135216241812,94.4278571633702,94.4670891100944,3773
2037-07-15,95.33862042082914,95.16748425938921,94.86650737219567,95.13557364687239,6772
2037-07-16,94.98503482153002,95.74857342474884,94.6810294381002,95.09444679703665,2321
2037-07-17,95.13580323669635,95.3255013773542,95.03825888566607,95.24767222851833,4214
2037-07-18,95.76821416261281,95.15709226524082,94.65311350562288,95.02880356731616,9460
2037-07-19,94.4736747841871,95.47431339628672,94.22754312476532,95.11979850862757,3378
2037-07-20,94.95375188664298,96.01648746229353,95.21643741875481,95.33954153263181,6291
2037-07-21,94.96276832842699,95.33796186493302,94.28342159370972,95.29038660890463,8091
2037-07-22,94.92521818913109,95.43900496176494,94.29493762341971,94.38851136685838,5386
2037-07-23,94.36086282321122,95.43389032504412,94.43142013896106,94.55424681502383,5330
2037-07-24,94.80859021615527,94.94619848993237,94.04445749167833,94.73652755370156,5182
2037-07-25,94.25421735465089,94.7957010116196,94.2458473364887,94.39644081552758,6452
2037-07-26,93.93520740019059,94.70785829733573,93.68753598023669,93.75424729749133,1709
2037-07-27,94.48837280842986,94.59307406089289,93.89200476992201,94.4921868727433,1732
2037-07-28,94.81383938705038,95.46649597740098,94.4078007256226,94.73790962819051,2824
2037-07-29,95.0095430241206,94.70408306174606,94.37671392125169,94.62336911272965,8169
2037-07-30,94.18693356521061,94.07223729520314,93.83095706661892,94.05485267115591,5512
2037-07-31,93.42342504370836,94.20321596161322,93.39867083424267,93.64394525694524,4642
2037-08-01,94.38886057006494,95.04903302272032,94.07572353799071,94.29524045533836,6882
2037-08-02,95.08966725027675,94.81829400859526,93.59638328898454,94.36407142577238,4096
2037-08-03,94.25826903297315,94.13781811741191,93.98335522090912,94.08877789227202,4314
2037-08-04,94.38919540437804,94.85804708468915,93.85348301232966,94.34362250788435,8594
2037-08-05,93.52525752833297,94.15229900167675,93.31358897949119,93.93642341416118,9643
2037-08-06,94.90417048850085,95.35296722268309,94.60040544883408,94.68684492930137,2101
2037-08-07,95.62491326080426,95.97199485985767,95.04754548661433,95.36324519674974,3768
2037-08-08,95.22377510518454,95.7758618879819,94.92811160141554,95.12995816114835,3152
2037-08-09,94.84985127336105,95.05453011409324,93.98804690743796,94.81562303763292,3441
2037-08-10,94.35631834263896,94.24501744939413,92.68131184651428,93.50655643828678,2138
2037-08-11,93.02239437724842,93.04824181583871,92.3829508834253,92.7657660525111,9789
2037-08-12,92.4680396435851,92.4105988141611,91.8570670306436,92.09603116503222,5143
2037-08-13,92.18369098185246,92.92534736459373,91.89979434295309,92.16362633552592,6694
2037-08-14,91.96103115789381,92.09067010789389,91.4447283120611,92.00050948330524,9982
2037-08-15,91.51747146290826,91.66212304776617,90.9508919209608,91.32784173959762,3273
2037-08-16,91.14749685970446,91.91132210600378,91.09155741022333,91.18725971836534,4151
2037-08-17,91.42479809678558,91.54187002667894,91.28109358529169,91.43992829218901,5723
2037-08-18,91.8428096717091,92.06180653738959,91.64892950254476,91.7038479671468,8566
2037-08-19,90.60016987303216,92.22089815033209,90.66886926384646,90.75401282671736,9647
2037-08-20,90.75600385099334,91.35760761732632,89.6895371465987,90.68988108647545,5094
2037-08-21,90.02223594194744,90.17505038593517,89.75279860650096,89.99821069798963,2766
2037-08-22,90.739182737796,90.80743887041845,90.00135460108562,90.44907504655978,9106
2037-08-23,90.65775395329091,91.0475078943339,90.08784002268037,90.84114825473652,3809
2037-08-24,89.79215506999107,91.25349588235697,89.84716569164613,90.3921346415743,9843
2037-08-25,89.9159215643313,90.27614351853258,89.79571634267484,90.0091120403741,6212
2037-08-26,89.89766432194237,89.8197736778332,89.41566680580637,89.77847851512495,5747
2037-08-27,88.94131405490735,88.66813954547544,88.63813907668847,88.65208181775928,7803
2037-08-28,88.61221300364802,89.36386939707904,88.27352752864019,88.82006590447956,5065
2037-08-29,88.84627358920235,89.06467556824079,88.4897163694048,88.6836436313095,6933
2037-08-30,89.50927748227883,90.12934988113822,89.14473390679376,89.16873117259343,3806
2037-08-31,88.8449017625438,88.69645367804891,88.29505635550817,88.61952656361215,6298
2037-09-01,88.07277455845347,88.65557130838275,87.6875703964374,88.30996508948719,2472
2037-09-02,87.35173454801642,87.650910883922,87.42592888354092,87.55670246046763,4739
2037-09-03,87.1850582136229,87.2623888649898,86.11052705809759,87.0545571787205,4378
2037-09-04,86.95116827432393,86.9714944401829,86.37161389041414,86.4635661806864,6115
2037-09-05,86.96580256792434,87.69506999582897,86.54711544598135,86.96155302010962,2618
2037-09-06,86.56282377993504,86.6166909033235,85.64666822837053,86.61242209573392,9847
2037-09-07,86.26362469857236,87.47928076662541,86.60485573348826,86.67450993810623,1394
2037-09-08,86.37484217222806,86.60423267167658,85.79736492538656,86.48412823617532,1471
2037-09-09,85.63482415699357,86.31490153060346,85.8039436745651,85.84939560316892,8179
2037-09-10,85.77340520383797,86.0118041551911,85.45942394748064,85.7652453915831,4363
2037-09-11,85.61094985963435,86.54272736077739,85.92758104402867,86.0647970575149,5152
2037-09-12,85.3623402249251,85.86579763204318,84.46842891999562,85.46091736124322,9655
2037-09-13,85.56279345288056,86.2681745916417,85.25409204499697,85.8654737566089,1601
2037-09-14,85.72268208762172,85.4507492419312,85.29037988471714,85.44061329587007,5611
2037-09-15,84.9413696254707,85.9652322264538,84.76026069267277,85.19912133283364,3780
2037-09-16,85.29275812304374,85.5993331976445,85.31063392373821,85.46446289433867,7799
2037-09-17,85.21738277351531,85.25918314448676,84.76032364812669,85.13274481572893,1021
2037-09-18,85.01541757214568,86.04385004887173,84.99245027366034,85.15153224539685,8274
2037-09-19,85.70202261774871,85.19554592563772,84.88167069652201,84.9941868310028,3473
2037-09-20,85.33802538153854,85.37148506979128,84.7339706717224,85.05887083435472,8406
2037-09-21,83.87366325508724,84.45073920511797,83.71046218551616,83.86850128159297,9230
2037-09-22,83.06409078962302,83.43598916843645,82.09981701541224,82.95366037398892,4828
2037-09-23,82.55501692072167,83.34418520819784,82.81096790570054,83.26164387701235,8829
2037-09-24,84.14975213195002,84.99294087573882,82.82440263710798,83.78023457983687,9221
2037-09-25,83.47856022900126,83.36455233926337,82.72524250270854,83.32499122807111,8581
2037-09-26,83.18102970510732,83.76119242637665,82.51830036819666,83.20297705198554,3208
2037-09-27,83.52009158326301,83.83220561702325,83.1961204879719,83.35033667843669,1615
2037-09-28,83.90330025241889,84.4360023364599,83.11138059151111,83.69694547926605,6789
2037-09-29,82.55819508822975,82.83834648193358,82.17869120220531,82.68310684343062,7041
2037-09-30,82.35413533228996,82.31346045604404,81.90606476601718,82.24008671994143,3181
2037-10-01,82.38841439246251,82.23877642393671,81.69089012305629,82.0737970300165,3613
2037-10-02,82.56183645159518,82.80242336853004,82.27744460102261,82.42536712863452,5023
2037-10-03,83.59880057432407,84.23304212645135,83.6003927412464,83.67458237049527,8992
2037-10-04,83.64957473558776,83.79858450710084,82.30927506178669,83.56057950709041,1079
2037-10-05,83.2717624951252,82.90598827458052,82.63935375201933,82.85709077603842,8130
2037-10-06,83.2934175969437,83.65071703843923,82.47119792448993,83.05822481463906,6239
2037-10-07,83.3698025631278,84.62737811927222,83.47195555375367,83.71872270940942,2157
2037-10-08,83.9487349141629,84.47102869301077,83.67714550561556,83.77272976989917,1446
2037-10-09,83.45565286887958,83.74949810271295,83.00525522523877,83.31940549732202,6420
2037-10-10,84.14763652517551,84.30057259921183,82.47694722674989,83.79840246806204,1978
2037-10-11,84.1400211311902,84.334623364806,83.61108803896414,84.13017527731125,1028
2037-10-12,83.50633276779384,83.72209788141994,83.08919878453541,83.61713485521344,3424
2037-10-13,83.39739821964352,84.1240671830187,82.70674009163952,83.80784766398061,2973
2037-10-14,84.09810212571266,84.59508327407401,83.90538455646849,84.30648044781005,1032
2037-10-15,85.2598091400152,85.25766852321664,84.51194846435307,84.8974254690895,8621
2037-10-16,84.92358792744452,85.13234601271749,84.4202528055889,84.86420098143476,6055
2037-10-17,84.65522491431702,85.1977285606239,84.202709878968,84.6851612583451,9811
2037-10-18,85.68748530416352,85.75109377624229,84.26912102949817,85.29879816938575,3947
2037-10-19,85.02059865809909,85.1601322699414,84.65482810239051,84.6937179178953,8668
2037-10-20,84.6922838972674,85.2608302884159,83.82744537457758,84.9130075633558,3548
2037-10-21,84.58829314976148,84.69846222599503,84.17857249547883,84.22799424967359,5798
2037-10-22,84.26310807659965,85.02674045289659,84.33364726044742,84.76068238580339,4664
2037-10-23,84.76952311056793,85.2395964090973,84.49195186069599,84.6316596279978,2941
2037-10-24,85.3683437650397,85.50995798900955,84.79689656633624,85.26595124582154,4217
2037-10-25,85.85659219779083,85.52205963588557,84.52924415316934,85.5116576239993,7712
2037-10-26,85.014351011842,85.05512442201909,84.82827829033734,84.90004750896834,7427
2037-10-27,85.53899331536607,85.68057483404061,84.20853598336753,85.61236137500697,6014
2037-10-28,86.3383151859058,86.95095945628853,86.28164903013575,86.38798400822083,7279
2037-10-29,87.63710195054341,87.45043732699288,86.35454472317525,86.82912725452043,4243
2037-10-30,86.4731254563968,86.48774626173905,86.1428019647198,86.44833332200233,5984
2037-10-31,86.47444905240789,86.33525476270827,85.48566935500828,86.29532634482362,8177
2037-11-01,85.76169142553685,86.37370614271038,85.84718485425519,86.3680399535265,3344
2037-11-02,85.76797768441438,86.35423556068574,85.28045910257678,86.01618475386078,3754
2037-11-03,87.01798845348172,86.97009639817456,86.83510582920542,86.86235804009239,5094
2037-11-04,86.45016451889899,87.21601086690784,86.30681249376376,86.9345212759554,1329
2037-11-05,85.74766690250189,85.65514063606494,85.35264853258901,85.58284725240172,7591
2037-11-06,85.53498755245451,86.66420463979807,84.90401525211807,85.75252515877983,9206
2037-11-07,85.26829106738454,85.61880332373441,85.4103535585602,85.57844646037118,3263
2037-11-08,85.32233230622347,86.71134448807479,85.44544296399582,85.54098318231195,6372
2037-11-09,85.8149351568624,85.53267929496454,84.16806135316372,85.3566734994191,5425
2037-11-10,85.86022208416952,85.86703529301656,85.60092240175148,85.76019670772244,3611
2037-11-11,86.04690968367386,86.76976458512897,86.25027186245761,86.32004059699914,6549
2037-11-12,86.69416913382089,87.1830114651573,86.43005096611081,86.46156717812846,2082
2037-11-13,86.54083308778695,86.78763272675747,85.62086613217687,86.29191158455939,7319
2037-11-14,86.156850551914,86.7110461367368,86.2283300621483,86.2712429821548,4889
2037-11-15,86.56879487797222,86.4784528006497,86.22960145237523,86.28104279044362,4419
2037-11-16,86.18185266119067,86.14291045604129,85.39552352278434,85.8798277705112,5456
2037-11-17,86.42469168500084,86.26275562107406,85.57591928758264,86.16929209479682,2789
2037-11-18,86.19718764675534,87.0403024379154,86.15852791534319,86.39931325672705,8233
2037-11-19,86.81581830878264,87.21343805243282,87.13706738732904,87.16953387661539,7056
2037-11-20,87.28934856949934,88.83678711599303,87.5684316760689,87.79720876675962,3617
2037-11-21,87.25771691622029,88.04227679813415,86.92893358313879,87.45437130796455,9830
2037-11-22,87.75417720770815,87.9398122694065,87.71988436921689,87.86452049521904,3563
2037-11-23,87.30311297783649,87.6587002654773,87.11961039158719,87.3890438036718,3480
2037-11-24,87.72284879791677,88.20526315717073,87.67636099953111,87.73700985414223,6151
2037-11-25,87.9985993195252,88.59859856994522,87.19721139782371,87.47870275476217,6806
2037-11-26,86.86520299110491,87.68863378766329,86.66965563245824,86.96707614307438,2597
2037-11-27,87.09246657944618,87.16077222564856,87.01183016955959,87.10709881442308,3273
2037-11-28,85.22453769866114,86.54550411085076,85.17527339667343,85.76981525034601,7287
2037-11-29,85.56271890250481,85.00724838016205,84.3762052856427,84.8943274631434,7161
2037-11-30,84.41080930104772,85.48135524838837,84.62882751162302,84.80558152125626,3779
2037-12-01,84.63474599322687,85.44538570091879,84.78715725172582,84.84680240457368,7889
2037-12-02,84.87085963355564,85.49863787091707,83.87661691707723,84.6621430194946,6509
2037-12-03,83.94628260160124,84.18299226953391,83.49999473056818,83.87242487013579,1746
2037-12-04,83.95643483015627,83.93496063529142,82.45419609287508,83.46347894906654,3409
2037-12-05,83.87508770940349,84.39776989300067,82.90491258174488,83.65908361268524,7078
2037-12-06,83.92558928262805,84.45552300079291,83.82429985817856,83.9499744979994,5944
2037-12-07,84.25508809985475,84.57889276083485,83.93369505802464,83.94186293920144,7243
2037-12-08,84.86867221348045,84.99530076985285,84.36004143501417,84.52027982971994,5351
2037-12-09,84.52093071303491,85.48153116195674,83.97039287353635,84.71897834144956,6434
2037-12-10,84.63415933031972,84.4118337591518,84.25816238626815,84.34525051447045,1161
2037-12-11,84.13832113895512,84.37256255430147,83.3619467565288,84.20499948776464,5012
2037-12-12,83.47252303688506,83.68586731101313,83.45485201106295,83.50356640916071,6760
2037-12-13,83.49237689887366,84.1885888817845,83.1232979544602,83.44949691396499,8932
2037-12-14,83.89131296187344,84.87243076857979,83.57261259011676,84.00554722357566,4214
2037-12-15,84.21781492158334,84.77803979158003,83.93078368659735,84.34819226593115,7366
2037-12-16,85.34461318336531,85.59750945096437,84.93139380720876,85.04919692889071,7450
2037-12-17,84.4390726353862,85.32562196742164,84.66089890453743,84.89775430699122,1570
2037-12-18,85.25231612061059,85.80828255650904,85.31739074855943,85.57080420424835,7288
2037-12-19,85.67657228595752,85.88113798896963,84.83917534654681,85.47415209102437,4895
2037-12-20,86.18807479456156,86.51489598578391,85.60581576149879,86.2099446323093,7800
2037-12-21,86.49647005419509,86.92182135897653,85.73950842732836,86.19901625858824,9977
2037-12-22,86.66001162892742,86.57284641540713,86.54440113427137,86.55263194549039,1822
2037-12-23,86.89007672993222,87.67652482297554,87.10112583746051,87.29018812764531,7626
2037-12-24,87.21232463913799,87.58662342880486,86.61884905375958,87.19347431335471,9624
2037-12-25,87.46303314745356,87.62269684764325,86.99937337635536,87.30266880712679,8062
2037-12-26,88.01731241728994,88.79117904618134,87.485988259063,87.94710051972994,5372
2037-12-27,87.74011668567668,88.06376267953546,87.62169564427634,87.88059893776492,4740
2037-12-28,87.13797070047576,87.48049168005187,86.25623741002826,87.22015279651183,3733
2037-12-29,88.12363077707606,88.99170622971819,87.80166780362462,88.29165632380429,7243
2037-12-30,87.65921496715536,88.37060543964907,87.3610569290604,88.05677409163572,6172
2037-12-31,87.69733024765017,88.88028122351601,87.77664972849198,88.13615211710449,9838
2038-01-01,88.83116173865837,88.81420248139425,88.33278892876406,88.71415545183005,2884
2038-01-02,88.14847099030578,89.12122523457167,87.83780102239626,88.40990849996446,5672
2038-01-03,88.07865407158901,89.1329438798161,87.78923309206608,87.9059745433534,6140
2038-01-04,87.85432294550534,88.76059233778028,87.16220716363125,88.03284319174081,8467
2038-01-05,86.74236041677013,88.2182931594354,86.83238388957137,87.13630499278462,7502
2038-01-06,86.86996886378328,87.02357544268222,86.4366738622641,86.99235195435065,8927
2038-01-07,87.74318377823377,87.39015808335915,86.6070479200085,87.11487128650836,9334
2038-01-08,86.95121210434087,87.2096330540721,86.44252471298536,86.97989533809577,5705
2038-01-09,86.40192986700256,86.64963226929628,85.57466887844227,86.2081698665029,8169
2038-01-10,87.05589998758214,87.61303045063043,86.74265836159707,87.00525884460491,1642
2038-01-11,86.63546851072955,88.32857451631688,86.97872863862106,87.05702792157949,8855
2038-01-12,88.20729295426732,88.16795929020465,87.2283555516958,87.77260398046036,3499
2038-01-13,87.56823931242296,88.3703225931788,86.81508565550672,87.64258585537014,5142
2038-01-14,86.80942609510916,87.94154323260453,87.01868591999197,87.20257986452476,9618
2038-01-15,87.18350027211933,88.24500905219249,87.2239827232323,87.33717032465233,1867
2038-01-16,87.16740353299596,87.93074129769478,86.23421839286375,87.22927676148822,2562
2038-01-17,86.86523988954292,87.28625383625317,86.19768585444506,86.64039603249255,3947
2038-01-18,87.17105920770322,87.85098065363668,86.46021205532787,87.3752881618863,3739
2038-01-19,87.85025673043448,87.84904139279874,86.70097539947785,87.0641530504393,6036
2038-01-20,85.86286916328893,86.33915362350733,85.86941131570894,86.14401985804152,7631
2038-01-21,86.99170137368948,87.09818474608244,86.71042009719588,86.80810288502018,5767
2038-01-22,85.96376205469038,86.92995157642747,86.47125383681708,86.55595387711386,1528
2038-01-23,86.21493233092826,86.86643160625856,85.73216787634037,86.25204193080606,4350
2038-01-24,85.4795184210877,85.41878445012081,84.80912289153581,85.36934813729107,5661
2038-01-25,85.90394390444278,86.58278613256438,86.23040904140889,86.23981888058957,9716
2038-01-26,86.04479223129722,85.8317491786773,85.57822668085598,85.59507858698473,7901
2038-01-27,85.75464632269279,85.73269934318151,85.15410354286448,85.62430332733754,9641
2038-01-28,85.98532134915384,86.34823634057797,85.58494061476149,86.08061348860777,9974
2038-01-29,86.4185752055977,86.39812024292536,86.17719807017336,86.29147195510932,2763
2038-01-30,86.0836505505322,87.27966621553328,86.04991355331252,86.26164479911323,7807
2038-01-31,85.78622584069178,85.6192616880292,85.13802779482258,85.4108118699695,1496
2038-02-01,85.31053903263252,85.52645206122777,84.67976276170599,85.00594945208587,3886
2038-02-02,85.21186664123937,85.39156640568511,84.86128803579234,85.09984962110713,9399
2038-02-03,84.88977020036302,84.77802492082512,84.65567422997492,84.70626258611364,6584
2038-02-04,84.36478345308265,85.51555928154625,84.74186687104559,84.80794231611301,2501
2038-02-05,85.58889755254393,86.26456218812183,84.88704019158493,85.14881402052059,7197
2038-02-06,85.60025811704105,85.80630493621396,85.23582994341405,85.63006546342064,2779
2038-02-07,85.32448947934213,85.20591051149498,84.98552582581098,85.0169757845143,7358
2038-02-08,86.34025147906118,86.19521648795782,85.55520408180035,86.11529881200377,3501
2038-02-09,86.801952914544,87.36409686888527,86.16977550306555,86.49903848428085,5506
2038-02-10,86.18385252236862,87.33805407070581,85.60394943258291,86.49818140744631,4964
2038-02-11,86.76679989628985,87.1809426236949,86.34050135021356,87.04294969898463,5027
2038-02-12,88.90013601563078,89.26928966588143,87.63453597547378,88.22565358498461,5204
2038-02-13,87.05049091240846,87.570657874826,87.38290696872073,87.50629353445618,1026
2038-02-14,87.06437910715789,88.01132920286224,87.31157430181177,87.3936622132105,2439
2038-02-15,86.21741958225329,86.51364480975415,85.63480112444427,86.20444638327383,2005
2038-02-16,86.31426606779642,86.40421341447625,86.29756654091193,86.30077214959785,2011
2038-02-17,86.32146384742067,87.14887122838034,86.46483546576574,86.48346927056042,7493
2038-02-18,86.64871187441481,86.63355613504707,86.02952359644317,86.46388821283904,7005
2038-02-19,86.40724645862004,86.5499473260561,85.95162417372613,86.13662142733989,7789
2038-02-20,85.10641387937308,85.82954858276916,84.81860805976231,85.11186416924572,9521
2038-02-21,85.21808405304509,86.02049019574913,85.00969009245019,85.29863101095161,7051
2038-02-22,86.01966959602473,86.26774859725175,85.56533756375634,86.02634825290927,5017
2038-02-23,85.58163078745024,86.44985338597918,84.41769439744495,85.73083902504256,4004
2038-02-24,85.44139790689746,85.98530630931101,85.90441475462998,85.95086898955412,7226
2038-02-25,85.25707416394636,85.3117024306274,84.82495066303946,85.1667968328441,5362
2038-02-26,85.62515407881477,85.53444316247713,85.04211014204424,85.39540336469037,4457
2038-02-27,85.15253403232086,85.7533162071114,85.1733151982041,85.19871221581803,6176
2038-02-28,84.1379797859449,85.1226135867855,84.27462007888552,84.81750324051657,7942
2038-03-01,84.265806906312,84.78146397415263,84.19579463408279,84.43732141990851,3234
2038-03-02,84.51223225045237,84.65595696081957,83.81395514435408,84.240515628892,8504
2038-03-03,84.00025773297722,85.42336861469865,83.64350328566044,84.43173228673827,2870
2038-03-04,83.98441589277162,84.17584623828886,83.5283983712643,83.77565068614051,6606
2038-03-05,83.44346818184566,84.01828767189589,83.43865280809354,83.57709302035659,7256
2038-03-06,83.55072458615452,83.83119203810102,83.50168362234595,83.556357131357,7132
2038-03-07,82.80106766585591,83.04673173480724,82.55519345854198,83.00683751909108,4413
2038-03-08,83.56449536704321,84.06859632305905,83.81218949314818,83.90517011992858,8937
2038-03-09,83.90869632037904,83.59207927764407,82.41736765128115,83.47842237989792,8630
2038-03-10,83.38845563285263,83.6889000224849,82.57577016488341,83.14370392308118,4781
2038-03-11,82.84796625702054,83.46122941270967,82.41074626438937,82.65454994816993,1918
2038-03-12,83.82635663639955,84.00056109468353,83.08529705498474,83.55378999173898,4701
2038-03-13,83.98105706772947,84.50971758167228,83.75679855408772,83.83024260603872,9347
2038-03-14,83.64518597965098,83.62611204747212,83.12250911789067,83.3619466029169,2598
2038-03-15,83.71589215855276,84.12332415470448,83.50363167446783,83.91506238234689,2046
2038-03-16,84.42871779567503,84.11409596060867,83.36869829200984,84.01541172949132,4947
2038-03-17,84.53056775790827,84.70803975314783,83.65695976915805,84.14403844004707,5882
2038-03-18,84.08594442592623,84.55192390158567,83.6531869866479,83.97179983567085,4482
2038-03-19,83.51069347782685,83.69361724367141,83.31594224974492,83.59709184219236,8941
2038-03-20,83.39891612612475,84.5249504576413,83.3940626614031,83.76597489171967,1227
2038-03-21,83.56202860898314,84.38326222026572,83.0909630931365,83.49343127672188,6882
2038-03-22,84.90728364540983,84.6798028083545,83.50182080629989,84.40180909150942,4152
2038-03-23,83.41891238688257,84.07138205958344,83.22314412100701,83.76716353888787,3635
2038-03-24,84.84066446987303,84.7385129944487,84.31304878276256,84.53524192531535,4352
2038-03-25,84.33815083874448,85.23512927514271,83.94532868484048,84.47958250091645,7774
2038-03-26,84.51329603248242,85.15680190166252,84.25169609132573,84.629125367927,3811
2038-03-27,84.69306655386285,85.78131012338129,84.18732287664955,85.04570425124172,9365
2038-03-28,84.5048317257694,84.84099684975804,84.40205775510304,84.7305796037395,8526
2038-03-29,85.35673842175714,85.28493102089158,85.10101974340036,85.1627037960888,2398
2038-03-30,84.04027013902525,84.32835172438926,83.5854726872552,83.80893186839822,8222
2038-03-31,83.51969452611023,83.50220944000444,82.83260583007038,83.44893710178725,8831
2038-04-01,82.83666183868876,83.30438713492299,82.61554641699324,82.98690569811671,4402
2038-04-02,82.02908553126116,82.37423614615561,81.70959848842759,82.36015269193084,4735
2038-04-03,82.27120281293443,82.26876824836351,81.774734635051,82.25267527289137,3434
2038-04-04,82.33606396571723,82.48828888215637,82.39511072467542,82.44555025698222,4219
2038-04-05,82.8602346829631,82.89140921665806,81.55554137514471,82.79688025623187,2147
2038-04-06,82.82094732488598,83.76060375637279,82.56286327233677,82.91731863483207,5835
2038-04-07,82.49577246637966,82.96863364923362,82.1550417793125,82.5844719023853,1705
2038-04-08,82.81666832713162,82.89136754185374,82.00210023712022,82.76898012129789,7222
2038-04-09,82.93678070811643,82.95568347046766,82.30213445268924,82.8311229687233,3596
2038-04-10,83.66632743972063,83.37705559378227,83.1067685418058,83.29915105269131,4528
2038-04-11,83.58652290393465,83.84929623887642,83.13077364661292,83.68761940415706,4832
2038-04-12,83.86650596623306,84.1346568074833,82.83035947725341,83.70285761111738,5807
2038-04-13,83.79531772574637,83.50078083852489,83.21817952815158,83.25423110803675,9792
2038-04-14,83.09937892738898,83.08117190231502,82.7124184658732,82.92775603012072,7369
2038-04-15,83.00213664837119,82.65543292057262,82.08138148184256,82.65286135030169,3382
2038-04-16,82.30903998156295,82.69191735557843,82.4840806227167,82.49522818334357,9313
2038-04-17,82.41314670503395,82.71952854258133,82.04641835432251,82.62925339713846,1475
2038-04-18,82.939028353687,83.50166822004869,82.96668929245318,82.98684059220247,9428
2038-04-19,82.94539928013067,83.66032226565419,82.5706068449094,82.96128124569479,3826
2038-04-20,83.2905909947798,84.26806224333264,81.46467306830343,82.96934363964502,4913
2038-04-21,82.82209160739062,83.6059043072773,82.60014169606995,83.04099679214502,9573
2038-04-22,82.75645576251958,83.04235663621104,82.51917635014492,82.78304413557885,8571
2038-04-23,82.64279558086133,82.57884815801434,81.74252545211084,82.32034800675737,5484
2038-04-24,81.50729213312164,81.62305936288487,81.155005792045,81.44262905810203,2470
2038-04-25,81.09180928797221,81.35548722534438,80.70633050039919,81.09505437906358,4264
2038-04-26,81.40317639213755,81.55298564046356,81.09241400528025,81.33162710569748,4724
2038-04-27,80.64190563622444,81.09945042199747,80.36351151849354,80.9801713866777,3510
2038-04-28,80.51814193369214,80.89193970008516,80.40665840742346,80.86126786796473,9776
2038-04-29,80.6180193861808,81.25054919544154,80.45624224833765,81.09448351167089,1514
2038-04-30,81.4168327960931,81.4775331307679,80.18406305518668,81.35482825988223,4467
2038-05-01,81.0907182587521,81.34274460717455,80.1964305412176,80.8150618337992,1209
2038-05-02,81.54326745740718,81.32469162374369,80.88564461016044,81.31359151202602,7967
2038-05-03,82.22035495447322,81.88504013352556,80.99880202760407,81.87726655670377,5153
2038-05-04,81.74860829381065,81.84642214553247,81.03004567749045,81.31234162809449,4840
2038-05-05,80.94381740862036,81.38110337318332,80.50529153408328,80.90042319327391,5039
2038-05-06,81.47658621951494,82.28793675532874,80.97323228461397,81.49596853484701,6232
2038-05-07,81.8653311826721,82.30065689145914,81.36620210109481,81.42254177421935,5166
2038-05-08,80.1023482414903,80.76521239207811,80.25062509157415,80.31265280049342,2068
2038-05-09,79.25925226201211,79.91360207082818,78.97214203602992,79.61281204812708,4856
2038-05-10,79.38646339977011,79.93095343441748,79.4324479876918,79.48812723554084,2765
2038-05-11,78.76988291759828,79.03239986939796,78.54251748700024,78.90660591039854,7685
2038-05-12,78.71439204882664,79.22545489895933,78.40701474499922,78.69989402508033,5571
2038-05-13,78.46108622457918,79.1306715931648,77.65927042472964,78.71609213192211,8407
2038-05-14,79.55813937736846,79.66850064845087,78.78744003315936,79.44721943393947,1571
2038-05-15,79.13125886370844,79.7376693136911,78.63177290784304,79.30199247582559,8621
2038-05-16,80.20672452351872,80.3737731568777,79.23918004155043,79.83826337561196,4225
2038-05-17,80.19427380559844,80.62378630285292,79.9727574754415,80.55264345663035,5561
2038-05-18,81.22795644649075,81.42028247962759,81.22771062863582,81.26979829130639,1224
2038-05-19,81.31170130052593,81.81024134077065,81.35883439575267,81.41217558799917,9749
2038-05-20,80.49979799088084,80.87010761362646,79.81571096919426,80.43053101407969,6673
2038-05-21,80.93895479162963,80.728465747713,79.7869228209261,80.66094344678162,4528
2038-05-22,81.26500666260506,81.58596324914022,80.94263430417524,81.18514339068838,7635
2038-05-23,81.10603247846531,81.46647683856673,80.97466718309474,81.14460983797068,9644
2038-05-24,82.22427828433788,82.44760813760148,81.8898791315309,82.0169017730083,2897
2038-05-25,82.69972598456688,82.77290249629988,81.77660896293996,82.44681855374203,3849
2038-05-26,82.81171518132973,83.14892513040168,81.85861773025682,82.73095524231843,1741
2038-05-27,83.39042314611329,84.07923049691806,83.27135228748767,83.27414559792135,9900
2038-05-28,83.63482118744047,83.62440230907539,83.21395246474603,83.44083052355178,9345
2038-05-29,81.70124725609934,82.75590995964697,82.14970684423244,82.19442527385411,9657
2038-05-30,81.83961423468199,82.27283607418961,81.4121479830173,81.94485579811892,9758
2038-05-31,82.65630999110545,82.54422571542943,82.43096773647433,82.54343981174284,5057
2038-06-01,82.0521618965614,82.34799688348923,81.76038287131134,82.13964414169371,3814
2038-06-02,81.94146382218378,82.22278895713345,81.80524380798745,82.02790788907524,6569
2038-06-03,81.61796019496367,81.5598821850541,81.34732263550377,81.50548973212369,7222
2038-06-04,82.51674452192921,82.9316697726475,81.89654944612805,82.39745102972458,9202
2038-06-05,83.37831506480485,83.41225093103424,83.10583832437685,83.23819725843359,2004
2038-06-06,82.55859577234713,82.90404754154311,82.75431650119017,82.79626281086323,5905
2038-06-07,82.4445708028915,83.54544904028351,82.41233364230538,82.86991181105776,5944
2038-06-08,82.77098082188148,82.94888891262453,82.45421475231448,82.52966478717573,7304
2038-06-09,82.61441245444487,83.04239050243461,82.68846633413366,82.83713710669143,1498
2038-06-10,82.84852103843092,83.09673456528309,82.9772289534218,83.0919786453126,7315
2038-06-11,83.22730597349562,83.65221232671591,83.0384681136165,83.49783143111922,8000
2038-06-12,84.00909969737383,84.11950437374215,82.94033568256295,83.66379065497317,7369
2038-06-13,85.19510180179334,85.91991867096202,84.56167938085953,85.13149375816741,6939
2038-06-14,84.7202888951774,85.03652148300169,84.01101696118302,84.61753187566204,8436
2038-06-15,83.96909555341202,83.88802660207465,83.3602561274575,83.76223019844377,5390
2038-06-16,83.55297393896838,83.80961964212995,82.64318256612685,83.56568509809304,8486
2038-06-17,83.08549750411264,82.79983061163209,82.28904634875741,82.78169096531292,2551
2038-06-18,81.67641888351605,82.2642647012801,81.68728460475609,82.03545983030992,1725
2038-06-19,81.20912040148472,82.21993079781487,81.3548522243718,81.53480250321093,5681
2038-06-20,80.73147721079532,81.07701617257187,80.10895320572429,81.07370805049513,7727
2038-06-21,80.72289954879119,81.19176332401001,79.99704688368112,80.59639899952009,5429
2038-06-22,81.0074337836024,81.7362594214888,80.62115699111808,80.85550847474279,7880
2038-06-23,80.46063933318607,80.66742093082769,80.25195985250873,80.60241394420012,5457
2038-06-24,80.44292515212724,80.53349726037233,80.09267522157778,80.51265665676388,1934
2038-06-25,81.34019422425293,82.06543955831512,80.26184219528831,80.95977304401436,5585
2038-06-26,80.36828092283771,81.14407392242325,79.47113217598721,80.57661178162364,4812
2038-06-27,80.53296866964727,80.7529811168989,79.97583186386154,80.44433883227128,1872
2038-06-28,80.42150406401178,80.93671055076081,80.08127853945021,80.62721882531774,9490
2038-06-29,79.98522722248968,80.13470965590126,78.77467525859878,79.65643492500763,3606
2038-06-30,78.65251002581414,78.9695007355552,77.68326604070815,78.46398217053233,6818
2038-07-01,78.21736440712982,79.18090421060063,78.48479510789353,78.6370408349312,4268
2038-07-02,78.80480766632027,79.05019795709016,78.85565909172097,78.88304797521465,4984
2038-07-03,79.29145600532198,80.17401842465439,78.95313912072147,79.91515804264085,8186
2038-07-04,80.26434215487751,80.12257238231429,79.53787591179841,79.99420548057427,7061
2038-07-05,81.01826802447974,80.7189877413265,80.17219649180355,80.4040753392033,8540
2038-07-06,79.65220668141016,81.03733543284449,79.83386088202045,80.30633901741032,6273
2038-07-07,80.02682302092175,80.5783212684796,79.95385630130123,80.45495262820286,9385
2038-07-08,81.3387770741486,81.49404858736456,81.02190157046746,81.28858104907764,3651
2038-07-09,80.22104699692797,80.26665317395471,80.11821459608232,80.2265846400148,3435
2038-07-10,80.31013921725912,80.52990383515963,79.7485045241711,80.43339276880066,6525
2038-07-11,80.979900128664,82.01659869719906,81.21655720622724,81.50118613383934,1367
2038-07-12,81.73923729243656,81.92463899054746,81.39785567057028,81.64220324344402,3609
2038-07-13,82.73374388064452,82.77650576201346,81.84667969423134,82.46748972506043,8615
2038-07-14,83.00697928492198,82.57552380259914,81.63707209385989,82.1528836502957,8122
2038-07-15,82.52904627985491,82.5798411872138,81.85948699909247,82.13685990321386,8945
2038-07-16,81.76400745682578,83.03150618328718,81.7836101280181,82.15362225440815,2889
2038-07-17,81.04125929138024,82.02837399618184,80.8554873683537,81.04482671472877,9719
2038-07-18,80.63836111723828,81.19592786814151,80.37125959516044,80.46073780080366,3147
2038-07-19,79.70582182685467,80.59306936253573,79.880610826679,79.91230026111167,6558
2038-07-20,80.5573369005908,80.33143659986996,80.24924809775081,80.32333330012793,9469
2038-07-21,80.97042318995105,81.01003439637357,80.67415821388704,80.75940985296997,2401
2038-07-22,81.29263598904399,81.1896719378839,80.29320658742503,80.92142807432323,1328
2038-07-23,81.57415234873133,81.36157148194724,80.79600420339911,81.33347952275108,2023
2038-07-24,81.33694791142251,81.28879546471585,80.66047447765577,81.25140481639019,9955
2038-07-25,81.66099112705729,82.37463386606903,81.35966974270649,81.85237065115996,1032
2038-07-26,81.46884129412805,81.92976282963232,81.26119318610199,81.856764872476,4168
2038-07-27,81.95140173763558,82.5852456358211,81.8101080595132,81.88569689618939,1385
2038-07-28,81.63175035204507,82.06331555220311,81.49867702765928,81.75290057955817,7756
2038-07-29,82.00296664707444,82.4040239551169,81.84812498472488,82.09512581837639,4388
2038-07-30,82.22106355728573,82.13309342200489,81.45954310173278,81.88452641006992,7464
2038-07-31,82.78341930281073,82.73647450189611,82.1817639549048,82.37274209866897,5181
2038-08-01,81.43605754343496,82.4154415392863,81.43126240888515,81.80666752831095,3589
2038-08-02,81.1940802191723,81.45973487741963,81.00929828253113,81.25720940094686,9271
2038-08-03,81.47096122742114,82.00015917690993,81.11317299887895,81.60092277851011,1393
2038-08-04,81.6511232638194,81.71653969178202,80.90416445079373,81.5566506712186,1666
2038-08-05,80.64982165644919,81.37828851632828,80.7578690421518,81.32970496314204,3925
2038-08-06,81.33648243386693,81.92201808566735,80.78483152779503,81.77473382937977,8978
2038-08-07,81.43585464242521,82.41601007428365,81.42573698119118,81.47110312233673,3258
2038-08-08,81.60683705647814,81.82753789815098,81.28240195820202,81.37100249518654,8538
2038-08-09,82.09320369145819,82.08412174737308,81.9102849463408,82.07061647022212,8266
2038-08-10,83.04163976504476,83.54439933523045,82.80998868063207,82.84018764312745,3314
2038-08-11,83.68557926156872,83.87636799686693,83.3552972612118,83.62638674826262,8289
2038-08-12,83.86821073191891,83.84084691106833,82.62972184528968,83.48532385979567,1031
2038-08-13,84.54644157693755,84.68619583211881,83.99822261794165,84.1006753122879,2020
2038-08-14,83.39806003225391,84.69668404656873,82.93748057346211,83.62619889840356,5563
2038-08-15,83.43784106297879,83.17995574236029,82.69143582223873,83.17274746104252,1291
2038-08-16,82.14995539927045,82.02194373133509,81.63107462921539,81.99751953473034,8598
2038-08-17,83.58535407920465,83.1672762321586,82.7343955164551,82.8339536356796,9791
2038-08-18,82.16261320543734,82.65033258952944,82.05315647378367,82.40196371114158,1170
2038-08-19,82.30367676195849,82.91769832452916,82.22830911946747,82.33869742126804,7511
2038-08-20,81.57385316030914,82.96598154485464,81.33033209210834,81.88353525030391,4892
2038-08-21,81.93923700483836,82.88979352679497,82.11157752165832,82.23111787446896,8300
2038-08-22,82.15897025060384,82.53544926670882,81.06584179932875,82.04330104411031,3930
2038-08-23,81.45255562505557,82.08610710178873,81.2781963078882,81.39089259889383,3939
2038-08-24,81.77415920915931,81.71443051621573,80.52729395813559,81.61172388098686,1111
2038-08-25,81.05078498681645,81.49940206758873,80.16849841731553,80.89485886858174,1354
2038-08-26,80.40546438007668,80.77270870560287,80.03468274142472,80.476156005924,6889
2038-08-27,79.3499497280015,79.92376600092784,78.91885670972586,79.42271144861095,9073
2038-08-28,78.41949277277058,79.03577927016649,78.43820699030401,78.71073239251216,9382
2038-08-29,78.58965068608701,79.02596504637539,78.27896306560683,78.79999697737239,4642
2038-08-30,77.80068842535354,78.11944787556523,77.11475262652809,77.81772895832093,3309
2038-08-31,77.1362649885627,77.84154551386523,76.30623822358969,77.07715609601007,8215
2038-09-01,77.28920800542025,78.0364782073553,76.73689936474771,77.07597163794367,6020
2038-09-02,76.9868263878348,77.13212775972656,75.68878436332344,76.80416818989714,4927
2038-09-03,78.26730953754651,78.44633819534101,77.61972732137215,77.80018650787679,5424
2038-09-04,78.42532835313972,79.19776052461452,78.15476925187521,78.71713478088898,3919
2038-09-05,78.21339792632018,79.28804023294776,77.840689735867,78.2831735495134,9964
2038-09-06,78.29615099185582,78.83626957429459,78.20657111803891,78.56174235871515,3064
2038-09-07,79.31956975796349,79.69174946292448,78.71230482776227,78.93638363715488,6655
2038-09-08,78.48690204168373,78.77005632937505,78.06134590753372,78.63764420814266,9026
2038-09-09,78.23638167562696,78.48905421339312,77.66674668491494,77.88987343989356,6743
2038-09-10,78.31956005535736,78.3922980524292,77.30875379993499,77.88372421523954,7225
2038-09-11,77.92133246687072,78.41295350961683,77.52886529651256,77.79730137783248,6637
2038-09-12,77.66733677766469,77.63144236986672,76.35264134352197,77.57941912934717,3843
2038-09-13,77.81217110707479,78.8179521425057,77.24308281223091,77.80057756342941,7249
2038-09-14,77.33008094907669,77.83599482223892,77.4014884946085,77.42521275992661,2683
2038-09-15,76.71799855698862,77.19054023978335,76.72706428350504,76.84921398613704,8887
2038-09-16,76.85953045419768,77.30544482489512,76.74011789434238,76.90375547131197,1146
2038-09-17,77.64405403474014,77.41043976040707,76.60536217117598,77.0967405175964,4079
2038-09-18,76.19586148115653,76.61681368444863,75.80562600410767,76.50841804564638,4876
2038-09-19,77.03384611827471,77.23237785247743,75.9685724922354,76.97246335114191,3558
2038-09-20,76.3006145715101,76.42951559182454,76.07366730568442,76.08722278225387,9926
2038-09-21,75.71285330049335,75.86221549507555,75.47710515846234,75.79816605289605,5133
2038-09-22,75.79398649616972,76.07759253490474,75.66603619800534,75.66916178479725,7070
2038-09-23,74.89966938466625,76.4246159784543,75.32787557915229,75.35104992847128,8391
2038-09-24,75.46603263559024,75.56767197598488,75.03746799179105,75.06851969169568,9078
2038-09-25,76.34340154628208,76.7552514236945,75.44383400331253,76.00405693284975,9762
2038-09-26,75.5490871185182,75.6322081207215,74.82137015931318,75.57861488833029,4658
2038-09-27,76.53527498997474,76.96572681429078,76.60611306269377,76.79922574956626,8529
2038-09-28,77.25565858370786,77.18107064736331,76.9238679357962,77.01778913943178,2419
2038-09-29,76.71938086819716,77.20535624488691,76.59467625885793,77.06381670808778,1848
2038-09-30,77.00054966500873,77.4375426224216,76.9342564714606,77.30193688478161,7930
2038-10-01,78.55081791208698,78.80238429430017,78.16264466303275,78.56690075940759,9956
2038-10-02,78.52551672753827,78.43758666531787,77.50380860298094,78.07010425744187,7426
2038-10-03,77.70206985475427,78.3766159676658,77.12738170039641,77.50989529797367,8604
2038-10-04,76.93836364869092,77.24955927543681,76.78704141475905,77.13246219968771,6801
2038-10-05,76.64390439071533,77.18055819567884,76.02387037718059,77.14853377316999,5347
2038-10-06,76.29810433485324,76.73901269343874,75.2636688295096,76.2856482107637,6420
2038-10-07,76.37224436619348,76.51479099237268,75.95186094714556,76.29681783042301,9899
2038-10-08,77.12175737265319,77.47728294870012,76.86099279421107,77.14359139712984,3083
2038-10-09,77.76121259651173,77.31544668458304,76.67846750155738,77.21929509244222,8626
2038-10-10,77.03337429607207,77.34525861504662,76.78097547811942,77.0729523629546,4354
2038-10-11,76.07923602636005,76.91013023538746,76.47895750981726,76.76387213861278,8499
2038-10-12,77.09098612343564,77.54862431693302,76.87641728734259,77.21312799088855,8103
2038-10-13,76.93660497783377,77.25651276128441,76.37197355970575,76.80021160426953,3949
2038-10-14,77.83947875719474,78.1727234979344,77.42702482180752,77.72340956456915,8243
2038-10-15,78.63708595255584,78.74901160149699,78.61167335515825,78.69008943842634,4511
2038-10-16,78.71579938193538,79.33844891356576,78.39036978546117,78.81846483775723,2151
2038-10-17,78.21282042827944,79.11866382003983,78.79977403857477,78.81270729371892,1277
2038-10-18,79.35376842470615,79.62561585978206,78.67549640177049,79.32803719783969,4766
2038-10-19,79.77384961612967,81.09984260182347,79.83425122362644,79.87543644895335,9522
2038-10-20,79.54721554803669,79.6428009691897,79.42916675961466,79.47244058342365,7503
2038-10-21,79.35654979906137,79.43708185604936,79.044670377403,79.20916301685529,8731
2038-10-22,78.92030981112704,78.82601557825335,78.31839503806783,78.54798929951365,1870
2038-10-23,78.46585223828652,79.23950529080523,78.58710153564009,78.75252176868068,7245
2038-10-24,78.6976410640544,79.4239936421978,78.91070518642559,79.08583571040911,9568
2038-10-25,78.23868287214115,79.45210887982981,77.88633771168311,78.41087289147848,3636
2038-10-26,77.96259546555352,78.85999097052428,77.78373791065346,78.1832734390704,5093
2038-10-27,77.26202360786485,78.62471160673704,77.17407192624192,77.50964648027973,2863
2038-10-28,77.49371850741828,77.19216069035812,76.82536523034075,77.0602465751578,6978
2038-10-29,77.38027986673245,77.92481905294599,77.25563869149282,77.33575510527096,5223
2038-10-30,77.56073211072025,77.41120417961292,76.90183428330985,76.96901407193182,7495
2038-10-31,76.81767996700825,77.50686242378501,76.47321609912304,76.81860109391567,4753
2038-11-01,75.65338229522222,76.1054787249577,75.81551418857084,76.00494522994201,9450
2038-11-02,75.855987959545,76.58113841439518,75.9534519448129,76.09844033480434,3069
2038-11-03,76.3836402789952,76.37106224113028,75.55868825347211,76.07630367488201,2184
2038-11-04,75.37166852877728,76.09456466008649,75.30196964925207,75.71182404986544,6861
2038-11-05,75.78467989430337,75.63908973706364,74.88391216832775,75.6173169010242,3406
2038-11-06,75.60043858253013,75.79391018366977,75.63717956620052,75.70746434127592,2878
2038-11-07,75.02108259502182,76.24781765343553,74.86896087559441,75.30003026682125,1829
2038-11-08,74.97785491446483,75.52004937781922,74.31423750382844,74.56189899482037,6404
2038-11-09,75.28811640026777,75.48209236854275,75.40089087084935,75.46468621116378,6953
2038-11-10,74.89977855142853,75.3058337050759,74.6260522631433,75.14804985880863,7449
2038-11-11,75.07600188334935,75.57294407107358,74.63527450805678,75.0996698072152,1047
2038-11-12,75.45261836687278,75.78249873381455,75.57773543909836,75.60508967472535,8467
2038-11-13,78.03411303869055,77.66479837256807,76.73686552381045,77.3696172685106,4575
2038-11-14,77.06548123157883,76.9199171365737,75.74119978890572,76.74737404356615,2734
2038-11-15,76.79507992369285,77.43828321307117,76.03367737554615,76.97228765042941,6384
2038-11-16,76.47591037440483,77.22414425602886,76.27226165063007,76.61851150778236,7328
2038-11-17,75.74328187297368,76.74836880780184,76.29771471298405,76.349116355494,7926
2038-11-18,76.03023144031805,76.44677524085299,75.54333050461459,75.98901034499062,9926
2038-11-19,75.20206505820869,76.05820794634391,75.20714917802509,75.42618286109033,4516
2038-11-20,75.43194059484597,75.61437473052398,75.10086173240897,75.405537180198,2906
2038-11-21,74.0784036082026,75.40878203873262,74.35224614490816,74.66828583667387,2262
2038-11-22,75.13366271913313,75.33050940582312,74.80749293463441,75.1416896199298,1557
2038-11-23,75.67879247981655,75.2787203819588,74.80494272076326,75.1691910879465,7470
2038-11-24,75.39665092276692,75.3837105296389,74.91548471788961,75.38040857439722,4362
2038-11-25,74.91490961230895,75.15923615249217,75.04971164624786,75.14731426842411,9047
2038-11-26,74.95757228384528,75.2234079623635,74.5787853224325,74.96371230131822,1289
2038-11-27,75.08821963304607,75.923438678087,75.10590182914946,75.10749425390189,3274
2038-11-28,75.18301887992587,74.67361662045082,73.78472681425639,74.52546893769897,4870
2038-11-29,74.24662114172611,74.39384295840877,74.32990498939726,74.34647372049231,4595
2038-11-30,73.55567897258622,74.1108040910163,73.9163126416366,73.91666696355308,5270
2038-12-01,73.4778200105258,74.96130981662614,73.13610256266124,73.47138255825757,4712
2038-12-02,72.47512340929654,72.98232553224459,71.80684836914874,72.41646343794476,1846
2038-12-03,73.254815522591,73.5086459885429,72.41149910278249,73.08612673268476,3809
2038-12-04,72.96958591117728,73.43314286483135,72.18385150209006,72.74285735610786,8874
2038-12-05,73.91120320934257,73.44084500290738,73.16791466481762,73.32454538368964,5930
2038-12-06,73.68024243388503,73.98170076605048,72.27947065209246,73.8589415443868,8473
2038-12-07,73.00997676787509,73.44860295029909,73.08520740985809,73.21594169112855,5982
2038-12-08,72.11549513014573,72.94159947236801,72.61084460178684,72.67173607329212,2919
2038-12-09,74.15048368298469,74.02318998628404,73.64281158806601,73.95198755296997,8779
2038-12-10,74.56125621430179,75.07850443634838,74.3389860725268,74.82745052393354,1858
2038-12-11,75.07922055124386,74.9667791808609,74.7267987090421,74.81169126726948,7896
2038-12-12,74.79288734640241,75.49749499384946,74.35820407295803,74.94037782047816,2139
2038-12-13,75.14274201053269,74.96346985390497,74.02796902749161,74.62495461900457,8843
2038-12-14,74.41107890941072,75.28163764968734,74.45808676373338,74.84113097610474,6870
2038-12-15,74.78941767674931,75.02549923149687,73.90129655045368,74.4825400257435,9358
2038-12-16,73.73751591243814,73.60777722365366,73.46089158620256,73.46636314359431,8177
2038-12-17,72.96355818187804,72.88490576336034,72.17435994783445,72.80558525033878,2823
2038-12-18,72.48095251456782,73.20225815970568,72.15486265845547,72.81613162426407,2971
2038-12-19,72.40994325260534,72.44618708833063,71.84512760384042,72.25059800651277,9519
2038-12-20,72.25502169629502,72.47880204039446,72.21589650297705,72.21695927405601,6166
2038-12-21,71.13055189121577,72.04546491765004,71.44593896947617,71.67962875433957,4596
2038-12-22,71.75593369000899,71.46184307038568,71.12392179311651,71.28845179308858,6954
2038-12-23,71.61135102152008,72.06341337765232,71.52253485167542,71.71503444629518,1820
2038-12-24,72.28314002892255,72.4189431481653,71.62024147676841,71.83877472011523,5494
2038-12-25,71.81364407442796,72.54981725157909,71.22198240865009,71.83394250945855,8924
2038-12-26,72.5681223149835,72.48691468174727,70.9975044487077,72.27342449599388,3778
2038-12-27,72.25587125914548,73.06373711370489,72.31742242662536,72.51372879266756,3682
2038-12-28,73.30134092459178,73.45661932070415,72.99704403289377,73.23701043829324,1488
2038-12-29,73.05026340507396,74.24896380342942,72.8078753950606,73.00708080713567,5845
2038-12-30,72.69518300965413,72.9861217511177,72.72291560474196,72.79226331787191,2338
2038-12-31,71.88094184050185,72.3042569204117,71.8150832120056,72.14170868467625,2133
2039-01-01,71.0071781067382,72.02327066630487,71.68780773150011,71.92721832599003,5651
2039-01-02,72.15587545059319,72.48391346485698,72.17407648794881,72.40960327314126,4162
2039-01-03,73.26974969334505,73.45033499217296,72.40132407296099,73.05959695927233,1238
2039-01-04,73.1211806786486,73.61135608491871,73.43891641957227,73.53974954331565,8467
2039-01-05,72.28621351809235,73.1804510641401,72.45025340012576,72.64265361004094,9961
2039-01-06,72.75376737386189,73.34137087411065,71.9626249544476,73.1842262163713,8410
2039-01-07,72.32763333962843,72.82054955418526,72.20686021615748,72.26496690473527,8120
2039-01-08,72.44600359126846,72.88619851926329,72.58655364608457,72.71402556679644,5086
2039-01-09,72.89623619667096,72.80589700356173,72.44241313122075,72.53013330351091,1776
2039-01-10,73.10178587261362,72.90786969459523,72.81645265500224,72.88139996047784,4778
2039-01-11,72.27521300571584,72.88040162231171,71.99084343400854,72.21517578653055,6015
2039-01-12,72.89194450285639,72.87520100089407,72.37825964833782,72.80075960288363,2733
2039-01-13,71.83938780803628,72.11234966426639,71.77000053656967,72.0682722298312,3948
2039-01-14,71.50523698660618,72.62286718381431,70.85486776020838,71.7340447744046,8235
2039-01-15,71.44830542449468,71.67310045635591,70.58596258489152,71.23499746052008,2693
2039-01-16,70.63187264119995,70.6448956751621,69.44499276052458,70.35785503410884,8395
2039-01-17,70.61579752947712,71.38418462555394,69.77702880454217,70.40511881790306,1946
2039-01-18,71.16698857989452,71.55306900421854,70.32818395080311,71.30816337682154,5255
2039-01-19,72.52421936472547,73.63487955897031,72.02590790344846,72.64161598798155,5937
2039-01-20,72.41066684698318,73.10652676046486,71.82016524692631,72.69019388152468,7898
2039-01-21,73.47901067023581,74.04453874761776,72.35260364892208,73.24853451905844,2124
2039-01-22,72.77614516941061,73.59058452231392,72.88667474672692,73.3645818380227,9746
2039-01-23,72.9527525439497,74.47089522247143,72.88492719324832,73.6140234354068,2388
2039-01-24,72.84149129810794,73.67637681504316,73.30588451129819,73.4429491098432,9606
2039-01-25,72.8976807877462,73.72237983735943,73.32247712346413,73.5404875725545,8645
2039-01-26,74.21636919530715,74.19428647847359,73.5688486714942,73.80922692485771,6142
2039-01-27,73.75603866949062,73.69442305901514,72.59193016071697,73.51999706041954,4647
2039-01-28,73.12167092996813,73.99753077065333,72.88171225165428,73.48124991047305,1839
2039-01-29,73.42025497896807,73.80901130705409,73.40094096111577,73.45203485097431,2206
2039-01-30,74.30497362179408,74.13780694939484,73.6959358864792,73.86523650963957,9847
2039-01-31,73.48228001009946,73.81504524362938,72.84211579278966,73.33222042382573,5872
2039-02-01,73.94076219991314,73.40119910771797,73.0631543288986,73.3064493195219,1978
2039-02-02,74.22817221382041,74.42437168721197,74.06254680677159,74.26245205404825,1550
2039-02-03,74.64793444642945,75.3427463386505,74.6573275972463,74.84448213034122,9491
2039-02-04,75.19473890477944,76.17493187124093,75.46507202902275,75.51907165478558,6388
2039-02-05,75.53838097161443,75.77722665016404,74.50602196209144,75.5312875748746,4979
2039-02-06,75.97260567419369,76.25332655638792,75.03873700033473,75.6917863567176,3095
2039-02-07,76.22264195004986,76.23243694981275,75.15767528239203,76.19290444006907,1204
2039-02-08,76.86557370494164,77.20168865811289,76.88465511386713,76.97303220483454,9613
2039-02-09,76.37418687898825,76.07506844223728,75.54825472245979,75.9972307483931,2985
2039-02-10,75.49817772370807,75.36725005425085,74.58650373428031,75.33951009486816,7463
2039-02-11,75.96020119658353,76.11568341592512,75.04904069413577,75.9942321455695,4746
2039-02-12,75.62581008565157,77.11991001784195,75.77138976189009,75.85578746768509,8311
2039-02-13,75.44359423559652,76.05447921863903,75.4105867654458,75.51992707305605,2703
2039-02-14,75.03467074638533,75.31546163227668,74.8528910307225,74.89284657955825,7233
2039-02-15,74.38123356595167,74.69077204304197,73.77806378416355,74.6153382287862,5024
2039-02-16,73.54405770544403,74.00709252888541,73.76859064772766,73.91415358707428,4683
2039-02-17,74.81565534646002,75.27779096778254,74.10222977966589,74.95970072344052,9165
2039-02-18,74.93371978982691,75.07727357205545,74.86413836706495,74.94848269745023,2793
2039-02-19,75.32849447611862,75.56987496176255,74.39949016263279,74.91950742656888,7101
2039-02-20,74.86553455319404,75.93704807294533,74.96520295450055,75.2135457641528,6378
2039-02-21,75.76274277786594,76.33067750049726,75.36111894953903,75.69471834878608,7254
2039-02-22,76.08439098507124,76.79676107207686,76.13443636522945,76.1676624270634,6658
2039-02-23,76.63609116324037,76.87082604620429,76.07004900874355,76.70447339901719,7078
2039-02-24,76.85086051448704,76.68676281624326,75.8707385430284,76.38905062362176,1683
2039-02-25,76.26448086234093,76.3095492157436,75.87128759371153,76.24011722114332,8175
2039-02-26,76.35056657534973,77.1512881886854,76.56669965916393,76.62463304886447,1022
2039-02-27,76.62756253450834,77.42599065120514,75.97290982462326,76.36093851804466,6765
2039-02-28,76.6029574070231,76.73402405460234,76.29861763687859,76.35838520203104,7714
2039-03-01,76.25741575066696,76.70523445179852,76.25419372987982,76.55776708424345,2791
2039-03-02,76.59247860649252,77.12027020955279,76.55847954071355,76.95035962539863,7031
2039-03-03,76.18467506162565,76.15258657971913,75.47950194558938,76.06151914421353,6454
2039-03-04,76.40900129353552,77.09877791582217,76.02745319256363,76.41889196915801,5782
2039-03-05,76.16085512881946,76.32438431861193,76.2913935154166,76.30202994023215,4495
2039-03-06,76.97264834806086,77.09881512133816,76.58359012703949,76.65575879566434,6266
2039-03-07,76.86654043303102,77.85406957460006,77.04002563317458,77.04422464184175,9186
2039-03-08,77.97465104315235,78.10470610610646,77.60467754281457,77.84818217240134,1751
2039-03-09,78.87730230659717,78.6485530590258,78.1251581669841,78.52490899621193,8595
2039-03-10,79.09645556947262,79.52114891414823,78.76694246083277,79.19819482751709,4426
2039-03-11,79.37130036668144,80.43303704995385,79.7432470681548,79.92002998710021,9857
2039-03-12,79.94479914448972,80.27660791170199,79.93419131056339,80.06571947950818,9499
2039-03-13,80.13859714549922,80.14913406893898,79.83792300727231,80.08181202302659,2868
2039-03-14,80.8191223474446,80.52655263126474,80.09765509373236,80.51822056461576,9494
2039-03-15,80.7279128332615,81.0597374114013,80.80901788225721,80.88426104033226,1711
2039-03-16,81.2466559559021,80.84766045483792,80.38028137404821,80.72972792196313,1525
2039-03-17,80.54249291274715,81.50789719933377,80.73985474288011,80.93213962636727,8321
2039-03-18,80.96383449233916,81.48583234203419,80.52998906853038,80.91459139297497,9951
2039-03-19,80.41587602863218,80.73188500798194,79.68234833812193,80.48762493874494,5701
2039-03-20,81.53698257737511,81.21893464423634,80.95515085664289,81.13285530943313,3546
2039-03-21,80.71836077646358,81.23733684547052,80.62516359586029,81.16045493069817,8911
2039-03-22,82.31249948698837,82.62073134448464,82.10070067349596,82.18480905954759,9297
2039-03-23,81.29879343487926,81.39671163705626,81.23565455830875,81.37206292444768,9076
2039-03-24,81.55241582293178,81.33378816897883,80.55028905575739,81.09367353802598,5835
2039-03-25,80.86142535200466,81.467925271157,80.66382812967284,81.10999295637143,1906
2039-03-26,81.8032789839342,81.93086610537618,81.45865411866592,81.67868350518587,7301
2039-03-27,81.62696072935562,82.02800992189387,81.81322141538506,81.87841819148697,7388
2039-03-28,82.0900732218042,82.15904837218267,81.58127261771284,82.03365456857735,4665
2039-03-29,81.35921321048104,81.53636356216022,81.00028792865832,81.47002267230027,6654
2039-03-30,80.77598304710831,81.0525826719247,80.84752691102807,80.89155197368554,9261
2039-03-31,80.45657371239929,81.28834450587892,81.02603147768427,81.05280430383048,3925
2039-04-01,80.49512652622873,80.41157366143044,80.23690945965438,80.3707513069213,1134
2039-04-02,79.7801406906911,80.30208444893499,79.421362086768,80.10481243177665,9110
2039-04-03,80.020267211804,80.36402977776744,79.8214880359906,80.35527109631957,1736
2039-04-04,79.39752393851356,80.66616946641635,79.51741560828168,79.86410896018118,8033
2039-04-05,80.3499721338424,80.68247114941194,80.12745230333014,80.66678694136209,9329
2039-04-06,81.42889904337979,81.31052409105943,81.1413384102069,81.27875511348103,2876
2039-04-07,80.62839710085781,80.61434308288861,80.38190177746694,80.49304511431188,7856
2039-04-08,80.22597278088325,80.32372408956375,79.31761697641915,80.02685949272089,4958
2039-04-09,78.57587660261996,79.48170572880616,78.76453867488358,78.8839708704734,2437
2039-04-10,78.55710967687116,78.80497851164648,77.86595377766054,78.49267518919935,6551
2039-04-11,78.69125436758432,79.01267270575264,78.59052009222002,78.87586942748555,3287
2039-04-12,78.95534086284961,78.75454398019062,78.42347997751773,78.66892195634811,7680
2039-04-13,79.0271247646094,79.04005061810025,78.65859352524954,78.89932057815611,1216
2039-04-14,77.94119792100115,78.14118433190202,77.35408006622934,78.13815341901523,3928
2039-04-15,78.84931370690164,78.76178372027408,78.43125248167223,78.53714104630617,4083
2039-04-16,78.4117897345344,78.74362822691891,76.9782025014114,78.259586432342,7650
2039-04-17,77.84957042540931,78.5025371038678,77.48357957231401,78.26567127348346,7561
2039-04-18,77.71777736838746,78.5207940669,78.0702532447047,78.21923402278694,1386
2039-04-19,77.1791540161828,77.6654355027882,76.84606174894991,77.5834597623408,6253
2039-04-20,77.50167211142889,77.21214770742193,76.5741361832727,77.0069175964709,6434
2039-04-21,77.18617604316168,77.78422118877415,77.48464385565349,77.49081483097261,1922
2039-04-22,78.253152972028,78.29225372690996,76.46562728685024,77.69031090972346,9227
2039-04-23,77.89513985558386,79.4283782374267,78.02547253583745,78.21533543050018,4264
2039-04-24,78.02550503166823,78.64155048622415,77.79526026932129,78.37766454825143,7825
2039-04-25,78.71314560997502,78.76086844495663,77.69957000670567,78.44915986565604,6261
2039-04-26,77.86381154959338,78.55588633110771,77.18506233671363,77.58615455632265,7391
2039-04-27,77.61771876003216,77.84592508136902,76.91636674540736,77.45097120794208,3368
2039-04-28,77.6401121358777,77.58750045215398,77.20253893874406,77.4372790477402,6643
2039-04-29,78.17334611426898,78.44739084064405,77.81556925353505,78.41383264687649,4457
2039-04-30,79.00721192157002,79.17361457279526,78.5750975371203,78.75731096292583,4938
2039-05-01,79.59734055529617,79.96618976725946,79.22727866425717,79.52534155378059,9514
2039-05-02,79.71452778985278,80.1072457607573,79.617007906149,79.82411040672795,6932
2039-05-03,79.49684476258865,79.72567170238409,78.914365239284,79.46845879325322,7204
2039-05-04,79.84521464677293,80.04810830487736,78.88264995351831,79.52702090132814,2824
2039-05-05,79.76268790534762,80.30574959329212,78.8223554980136,79.64513272446027,3966
2039-05-06,78.52821431176481,79.66881194147702,78.51079446041584,79.17555493957492,7471
2039-05-07,79.25072961266603,79.04354781575624,78.16736574772216,78.98336125127847,3215
2039-05-08,79.12486936847864,78.98797002260626,78.53526723675814,78.88047775443988,3405
2039-05-09,79.56956826683027,80.09476198365361,78.21247343484056,79.68328767072244,3915
2039-05-10,78.67794189599269,79.37466895967916,78.34938893878645,78.64291740802695,1682
2039-05-11,79.27964854373276,79.72713340574079,78.45061935000456,79.24582661838497,7227
2039-05-12,78.18359112811224,78.79844851940389,78.74768653090669,78.77742900090527,5921
2039-05-13,77.97088831454224,78.54500673729927,78.06721257965197,78.09138940727047,6615
2039-05-14,78.57246734890562,78.87432703554748,78.65341765344367,78.6813604722897,4069
2039-05-15,78.99969144625089,79.16571842842531,79.02694646753429,79.04730950690688,4967
2039-05-16,79.51681452893719,80.0312179464078,79.48821370578762,79.67456885809749,3528
2039-05-17,80.27377236263729,80.44109387169554,79.34697177110029,80.07491983187028,9837
2039-05-18,80.86210366316958,81.50362514408195,81.06751529675326,81.10484233273897,8455
2039-05-19,81.65722740101828,81.53180487776257,80.87474195664336,81.38420425121122,5288
2039-05-20,81.49068818816878,81.61323918197508,80.39912902125204,81.30596556314964,9691
2039-05-21,81.88555426815078,82.03197848454867,81.3584330881573,81.47742875181031,9860
2039-05-22,82.6193030262244,82.15154932182406,82.03435834334145,82.09916331598329,5670
2039-05-23,82.23161119977789,81.96621983524025,81.45926206380878,81.70947565335322,6656
2039-05-24,81.02784597277713,82.05490516374591,80.63691058235149,81.38353136208754,3038
2039-05-25,81.33230710546714,81.55627422156425,80.98590304953632,81.2290513547886,1316
2039-05-26,79.9614240785119,80.49149820396315,79.83043429693075,80.17675995540591,3647
2039-05-27,81.22988903652143,80.27501031487462,79.83438952685249,80.24579915961469,6657
2039-05-28,79.48695621533462,80.22351761588146,79.13781031250643,79.30273480763918,8445
2039-05-29,79.75415806101363,79.89356149784479,78.84396237579631,79.32926446410549,7072
2039-05-30,79.89252019322267,81.14083615694679,79.11647903889921,79.76190934217311,6949
2039-05-31,78.73283818614026,80.51553514523,79.26089875084209,79.5234711118512,5473
2039-06-01,80.12695953745975,80.62569408668496,79.88463749859713,80.36202904694463,3165
2039-06-02,79.42610371502948,79.89531419657445,79.32369798197799,79.63177859723538,2937
2039-06-03,80.11036835478221,80.54619886699007,79.70943586789387,80.2274089380513,4870
2039-06-04,80.67284795633078,80.63888851140638,80.14075764302773,80.56497746625476,7169
2039-06-05,79.85736065942373,80.97267586498842,79.53640907814106,79.70696084209942,5334
2039-06-06,80.2741570597047,81.41584572385497,79.96276291742234,81.06235799161968,8276
2039-06-07,80.95940947961488,81.1553480923945,80.962030353491,81.0304853488677,6209
2039-06-08,80.4459805013742,80.61456476445679,79.0638888632178,80.5917433377899,9573
2039-06-09,80.30251123750863,79.89862048146676,79.74702655420923,79.88819974039788,3840
2039-06-10,79.95586410779217,80.02481781466456,79.54360509806838,79.77819072656804,2655
2039-06-11,79.65956403365192,79.72893805212199,79.31686270668942,79.71448729037306,8859
2039-06-12,79.8329143018017,80.70283780600849,79.54021739704382,79.76581005464288,6137
2039-06-13,79.1108050652153,80.71507809379217,79.06742697862134,79.61691197653091,1663
2039-06-14,80.13193024503799,80.53392504130268,79.6544749453851,79.93352463158845,1501
2039-06-15,79.621048039079,80.38218204623425,79.23966448452181,79.73970971525684,1619
2039-06-16,78.53001402480807,78.94479627187489,78.70204098883089,78.7722276566366,6774
2039-06-17,79.09181646076264,78.81556400388979,78.30978018667408,78.69754690881177,2919
2039-06-18,77.59588232892841,78.05323286537961,77.4214287586983,77.51380808212514,7919
2039-06-19,77.49106411851663,78.77032786523073,77.29994796395327,77.69069339757084,1216
2039-06-20,77.01972533855468,77.45054741464442,77.16382566717499,77.20104328242952,7167
2039-06-21,77.39249536177957,78.16304168155618,77.14657058439222,77.28272345988742,6613
2039-06-22,78.02621233959192,78.0823087085639,77.86364932330982,77.93976095064973,6881
2039-06-23,77.47421411844306,77.70163704955819,76.43991641311668,77.46538660301573,6095
2039-06-24,77.635007815693,78.03586176596315,77.81577211891819,77.99601473227179,7516
2039-06-25,77.46268074289593,78.0817571484333,76.81210340512011,77.7793199489287,6952
2039-06-26,78.43142315651163,79.03142904565676,78.14800427759432,78.6559173499615,6657
2039-06-27,78.41449711413658,78.78316938924397,77.96936309246139,78.4733410433624,9521
2039-06-28,78.04070123167669,78.28043092108034,77.06362446371064,78.05309455060905,8321
2039-06-29,78.34872246808622,78.67241294719581,78.04626396520266,78.39671377580669,6953
2039-06-30,78.14454542267373,78.2672689562403,77.96091363257162,78.17881891099488,1935
2039-07-01,78.32246783330669,78.04396344504296,77.49599252332185,77.75809415393037,7560
2039-07-02,77.77394925455643,77.57860046958886,77.51681234685212,77.51917422857848,9614
2039-07-03,77.85333598945145,77.74745199752121,77.48795827302034,77.49687096248698,6760
2039-07-04,78.3072402255786,79.25635087859533,77.69866709156781,78.1679610281094,4345
2039-07-05,77.22263795707448,77.39797312056504,76.00099279865177,77.20091715537961,2181
2039-07-06,77.33544495673908,77.36702657852223,76.18770382576305,77.21245748485482,2690
2039-07-07,77.59265533396648,77.5559847352247,77.04057564332848,77.52490928218184,5795
2039-07-08,77.8640270322612,77.69629028061358,77.5333807246455,77.62163356967774,4504
2039-07-09,77.98402401439999,79.55962584736072,78.19714215656485,78.27656615439452,5208
2039-07-10,78.45681761790019,78.45932012106546,77.79079471337847,78.23939348951525,2780
2039-07-11,78.19723536905546,79.04183712396096,78.0896691616812,78.14711776842228,8779
2039-07-12,77.90115643063422,78.4497331897131,78.36656206538295,78.44328254192895,4509
2039-07-13,78.51865595539394,78.64658436874197,77.17578032540015,78.49293944940462,1017
2039-07-14,77.90586973999763,78.30618817805944,77.88106554399326,78.29773508026439,1158
2039-07-15,78.39530779804176,78.73319353437158,78.18349057675808,78.55580710005758,2033
2039-07-16,78.18178575552277,78.55895307579398,77.90220884091329,78.22954295344925,6881
2039-07-17,77.47182381678708,78.03839445901856,77.44812796563097,77.92395437743959,8683
2039-07-18,77.64383501168491,77.87241716775362,76.87094307519622,77.65995736655678,1564
2039-07-19,78.35703236976113,79.17481734802067,78.27320229327852,78.33649194663998,9890
2039-07-20,76.9525058881862,77.22910916836348,75.27259674424921,76.72598376864713,9582
2039-07-21,76.78765358094334,78.0939332939571,76.34944605985972,76.9237831860286,7282
2039-07-22,77.02326159442455,77.26930427230457,76.06083855555106,76.94091909312871,8027
2039-07-23,76.07186003877551,76.93857861726066,75.37795019907277,76.10048386350965,3809
2039-07-24,76.12986603221715,76.65068407303895,76.01172257369507,76.25534725307764,3172
2039-07-25,75.9920500604513,76.67000632236365,76.33955509175279,76.49322324899342,4699
2039-07-26,76.75456277247328,77.15428112929118,75.81295747240992,76.78804286467212,3266
2039-07-27,75.6854825823704,75.71751742910189,75.09179521482508,75.46212883314965,8919
2039-07-28,75.86520850190132,76.18930567781399,75.99773924009396,76.14532353907686,7245
2039-07-29,75.71112002834495,76.23168573796036,75.41674831198384,75.77645518673444,4111
2039-07-30,76.09859286218274,76.47487450926698,75.9446173926571,76.11973906011103,2399
2039-07-31,76.8210081399867,77.324967680226,75.84066373827902,76.49027595045217,2214
2039-08-01,76.06095975479934,76.7442257200062,75.78101587700687,76.05192740764252,9054
2039-08-02,76.46858359641223,77.3520031051825,76.21168779353992,76.38215738381831,3481
2039-08-03,76.18681394924306,76.69007383076192,75.81964512002024,76.18941076336212,3058
2039-08-04,75.006030426201,75.19858496185692,74.44398431439164,75.15372217369304,6819
2039-08-05,75.39725096118968,75.93892724207531,75.31749084703752,75.73759313645694,6365
2039-08-06,75.26454902572742,75.60358478634431,74.98120936107038,75.35007065494881,7275
2039-08-07,75.04083171491754,74.99072174370829,74.8950278503039,74.92282392357978,7627
2039-08-08,74.75821389996129,74.74553892033583,74.54880995581459,74.72129098956142,1414
2039-08-09,75.30126443113936,75.48502247554241,74.70073889755155,74.85740935222512,8497
2039-08-10,75.11252975779922,75.81310119700636,74.49634715326282,74.82877414681407,5663
2039-08-11,75.4749749793241,75.20249756949465,74.56739247906027,75.10280760916766,3402
2039-08-12,73.82337994300795,74.85587716989804,74.12849146379804,74.43306292590333,2579
2039-08-13,74.53567001640315,74.33473276100605,73.89296768120683,74.06186974068795,9452
2039-08-14,74.08391468312533,74.09541659683283,73.6943617144535,74.00387120452719,7735
2039-08-15,75.07549248958308,75.46787590350493,74.39700118561596,74.95281485085654,5675
2039-08-16,75.16471678534802,75.48537928270335,74.56328750277484,74.89590858164966,8171
2039-08-17,75.44491490600456,76.487083319667,75.32792819955709,75.43851971348047,7484
2039-08-18,75.13668313362164,75.60910406084577,75.39386377946454,75.45779729787265,1969
2039-08-19,75.65019026909276,75.63253454599403,74.83878361618775,75.21596797915386,1094
2039-08-20,74.86213914905947,75.50090755227549,74.87735112230047,75.09260576709664,7159
2039-08-21,74.71268069723745,75.59756897348562,74.63502478967676,75.0083959110822,6230
2039-08-22,75.2399285060608,75.8582248044981,75.12274677628271,75.31021878056256,5081
2039-08-23,75.88172323398688,76.39904561488295,75.94409810930937,75.99752441435083,6341
2039-08-24,76.17850688846244,77.00462147862652,75.70171543994573,76.177364838194,8438
2039-08-25,76.74144119367323,76.89734371045408,76.39246604483323,76.77090367756489,9527
2039-08-26,76.69264773902081,77.50936230220128,75.82534007509321,76.28850880875004,1163
2039-08-27,76.21899033405869,76.68622652093083,76.0705533642644,76.08119355434303,6505
2039-08-28,75.46170319349932,75.87223296932036,75.69207206577116,75.71904228723919,7555
2039-08-29,75.66011330513933,76.80096858561582,75.77271701136797,75.87626458267661,9510
2039-08-30,75.5803287957895,75.85512713406862,75.50212552859426,75.69678539008692,2278
2039-08-31,75.94641155717285,76.32217380690645,75.65063351112316,76.061671858604,2854
2039-09-01,75.44174776174374,75.79819558605426,74.78770278410275,75.59617100278778,7693
2039-09-02,75.28716388403535,76.51689397903084,74.91578412302826,75.61768648944843,2443
2039-09-03,76.0482360861854,76.38749937623952,75.71525371282593,75.96111544495456,4765
2039-09-04,74.79178270667259,74.95182411756673,74.8644080098755,74.92846405743424,1186
2039-09-05,75.70373927338585,76.33906435038857,75.92216601913239,75.98927971109936,7285
2039-09-06,75.99334632718723,76.61880021575303,75.29990160004505,75.84770376865941,1427
2039-09-07,75.08953041145331,75.2779474979743,73.8685867010625,74.83518381182132,2147
2039-09-08,74.84053963176966,75.14586554568348,74.83430705131538,74.91423076110972,5120
2039-09-09,75.46539840445185,75.07279171994571,74.85245116086783,74.93095249509629,2826
2039-09-10,75.55466151501939,75.10340040193937,74.32827680173034,74.89000530531004,7990
2039-09-11,75.53466790778177,75.72833728811759,74.663806637067,75.38560086177338,4758
2039-09-12,75.61868013172861,76.26217089114601,74.87233588266486,75.75932334748691,2680
2039-09-13,75.98894750931184,75.92708512908351,75.51033896323709,75.90826144299882,6142
2039-09-14,75.76600634039798,76.71394496117797,75.0879118613156,76.13333925997216,4807
2039-09-15,75.8196009529835,76.88519860297988,75.54174505838304,76.0811600352531,9313
2039-09-16,76.46409871835286,77.36662181327685,76.75735733787641,76.96890545987313,1982
2039-09-17,76.0407679559438,76.2438946640783,76.10348719335187,76.22930745069425,9208
2039-09-18,75.92937721274482,76.43402525250217,75.7444412974218,76.29913328780219,5097
2039-09-19,76.5188626229713,76.33744253305927,75.79606756469495,76.3316456033966,9458
2039-09-20,76.51353824875179,77.2512574762786,76.3282952787466,76.73828580642888,6647
2039-09-21,76.39934525517141,76.3286825568217,75.34946222756555,76.31635886771643,9442
2039-09-22,75.6688944987352,76.11193597531242,75.05734571900807,75.44452256651817,5372
2039-09-23,75.87433679801981,75.58497268761877,75.11776343141263,75.52293407456726,6933
2039-09-24,75.55752195828326,76.48160187597473,75.65570151403865,75.66354932067657,6356
2039-09-25,76.50154027508232,76.81977863679207,75.90706082511305,76.40834902540038,4606
2039-09-26,75.8759184524069,76.23472759435612,75.08774262448814,75.77316800223785,7076
2039-09-27,76.73214230005287,76.38672942041735,76.33594170985093,76.35051488559621,3271
2039-09-28,77.76928949133494,77.95141022348713,77.34210334947409,77.53422206760976,1940
2039-09-29,77.73634312048455,77.37659650793714,76.8934145008267,77.34533962384853,8653
2039-09-30,76.20047307661774,77.22042242236421,75.85818184259816,76.69986851410192,9664
2039-10-01,76.29710002789368,76.82288530007018,76.41330605076554,76.49638133091523,1513
2039-10-02,76.8129288648681,77.74545585497359,76.46324133866686,76.50338381460092,6461
2039-10-03,76.95948830317373,77.38151645335816,76.58185121597276,76.78527775210438,9491
2039-10-04,76.45206672346859,76.5915805777242,75.88995588797847,76.48958038718536,8118
2039-10-05,77.12496468925102,77.60575464132567,77.16738269271742,77.26717965425902,3501
2039-10-06,76.94651886014367,76.81113508384666,76.32944620804818,76.709913496755,4961
2039-10-07,75.24643779923686,76.40406304421185,75.66333185067916,75.8403109206686,3528
2039-10-08,76.63132348840608,77.04655442195602,76.28346144120425,76.39366613281226,3122
2039-10-09,75.2835620970214,75.76085135567497,74.79162133655936,75.25635561720915,3356
2039-10-10,75.00763887749511,75.27481784006977,74.9816326354851,75.1542907327728,5171
2039-10-11,76.86386356794776,76.8500991658425,76.23264176695321,76.71313129737682,8468
2039-10-12,76.59129479621132,77.32757911458926,76.21250382899215,76.70710952089685,3794
2039-10-13,76.15543131596648,76.56990140865173,76.0723123310329,76.14672569554872,6935
2039-10-14,76.10415322338822,76.84957758928017,75.66429801246151,76.11802696365532,4568
2039-10-15,76.31598554654059,76.21443658009046,75.27291629509236,76.09262656934555,2219
2039-10-16,76.2207060858771,76.2567673022663,75.28434481073171,76.17295153952212,7623
2039-10-17,75.93134713526796,77.06058338017127,76.49125310605257,76.50408303060193,4176
2039-10-18,75.56689930566709,76.5000488158094,75.73970361533055,75.98452744641806,2800
2039-10-19,76.50305161307679,77.48760538812549,76.68046690653908,76.82830147403646,6193
2039-10-20,77.08782201625635,77.50980578558288,76.44619506370591,76.95085861622277,8408
2039-10-21,77.48131136588049,77.70631140645179,76.98648865117791,77.31425563942366,4722
2039-10-22,77.50128809497211,77.55722215761358,76.50743084775569,77.00018093954586,8276
2039-10-23,77.33904288475334,77.93919491571484,77.13597616369825,77.64337200804361,5123
2039-10-24,77.90762169460344,78.27556229409424,77.35861837556122,77.51484580363709,1149
2039-10-25,77.07225846089082,77.91992030419088,77.15836934817258,77.65362206038385,9873
2039-10-26,77.19239640903763,77.46067824192328,77.11536024531395,77.1870690217903,4225
2039-10-27,76.76216422860264,77.58349859374343,75.89963667380509,76.68860320858923,9953
2039-10-28,77.1051829387865,77.1807981388099,76.50912015415753,77.03270586181567,9374
2039-10-29,76.71802379138487,76.89103209003281,76.46514451877931,76.81090244671198,8370
2039-10-30,76.41935958051793,76.56861284876767,76.20966835750123,76.3839909029598,9364
2039-10-31,75.69183336075568,76.85781689890976,76.00342058034462,76.06239923194627,9546
2039-11-01,76.6714242138439,76.5911529977499,75.87916674822911,76.41187576780499,3201
2039-11-02,76.17229396723921,76.30160659628129,75.4962523133932,76.09735683720318,7744
2039-11-03,76.14719939544665,76.43557122470482,75.83140804345112,76.03852937140209,9924
2039-11-04,75.96233830807942,76.08277977382775,75.78460683985868,76.04604324654565,9037
2039-11-05,74.98897491611585,75.5761922221179,74.90966753527657,75.0873688035405,6217
2039-11-06,74.50922486910332,74.86624432169322,73.96536151171775,74.35180560085374,6419
2039-11-07,74.99693670046474,75.42411557248963,73.77981081702812,74.51994454547751,9552
2039-11-08,73.73334053772139,74.2211868790677,74.14866168531803,74.15142986490116,7027
2039-11-09,74.24657126810321,74.98485909308535,74.24512776851827,74.67979232054138,1717
2039-11-10,75.24305746638332,75.33425558272148,74.23580264693624,75.16319587266665,7803
2039-11-11,75.42312017993808,75.8814216923522,75.49058398512457,75.52278020584437,5936
2039-11-12,76.46989783100241,76.76279545285394,75.82477387910905,76.43266609950066,9446
2039-11-13,76.38398464124927,76.83414112982203,76.0703379838543,76.39112143562907,5356
2039-11-14,76.9021652089371,76.7267547268294,75.46304510384024,76.715562398581,8296
2039-11-15,76.337512881217,76.74928269627316,75.72699485090547,76.42336191028298,1522
2039-11-16,77.28708332974756,77.8810032564639,77.47163230301558,77.64954686671734,7019
2039-11-17,78.40440750460776,78.9788831986451,78.2377677609174,78.64136369293536,6648
2039-11-18,78.59916841372589,79.24605116847643,78.48317038746566,78.64730391019424,3627
2039-11-19,78.46410588448543,78.88394431088962,78.31944190880323,78.84059702514685,9607
2039-11-20,79.50918965280395,79.89174353029883,78.9516235603886,79.52024582482925,4076
2039-11-21,79.46490246913655,80.21122657575881,78.69151148751533,79.44667607242219,1917
2039-11-22,79.01102295706099,79.67712431140964,78.21403252285893,79.11836403702233,9397
2039-11-23,79.61812555266332,80.1154236156913,79.25932707638454,79.55535891252578,7612
2039-11-24,79.11029496130892,79.69091850049236,79.06090118060953,79.59457853556762,5852
2039-11-25,79.40012045882126,80.08304332084549,79.50805553839619,79.68607576039024,9458
2039-11-26,78.92613042296517,79.37573837613841,78.56202444300108,79.26894008885625,5570
2039-11-27,78.67406103605879,79.01476624856376,77.94603806774967,78.41010401467456,1152
2039-11-28,79.2200244203883,78.67954711586664,77.75262532001564,78.52817521961411,1553
2039-11-29,78.71641036636953,79.10883673223044,78.26725872394913,78.98065624036121,5582
2039-11-30,78.79718019473296,79.1596175465841,77.72725319678577,78.86775286582319,8970
2039-12-01,79.37793885281798,79.64996611320932,79.30028653764673,79.58596762560262,8758
2039-12-02,79.30037703513723,79.61473724127677,78.44360200974823,79.23400946289485,8215
2039-12-03,78.52413464058584,79.0349102769995,78.55387533809046,78.70665723541188,8191
2039-12-04,78.75787604483797,79.32967822543995,78.27309028606324,78.67304208181382,2398
2039-12-05,78.83125377915465,79.3611553620664,77.93422922407782,78.63174579413817,7852
2039-12-06,78.64958267843856,79.13243919040829,78.32175325096529,79.01673015980579,4428
2039-12-07,78.71070304243129,78.75201283380188,78.33706598237731,78.6292487477738,8639
2039-12-08,78.77507905921554,79.59257494282204,78.88460181623168,79.31329586618125,3612
2039-12-09,80.21979415810323,80.59209836985747,80.2561483425598,80.29675434743537,2521
2039-12-10,80.18007820630697,80.98167448392707,79.62694252343421,80.2771823339512,4796
2039-12-11,80.83329642888884,81.3140808343155,80.78240545623808,80.90203754404337,8975
2039-12-12,80.28017087181335,80.52536592291887,79.96339068259196,80.37378900873072,8170
2039-12-13,80.76292164315177,81.22903047160099,80.37004489255023,80.91139977932168,4120
2039-12-14,81.35530333008295,81.80987145907437,81.14998177549235,81.43503798360142,4085
2039-12-15,81.93819793122941,82.03378316472478,80.99562713895635,81.86675662369636,9060
2039-12-16,81.93885224147753,82.50834592256646,81.15851769117657,81.85897507926121,1246
2039-12-17,80.41641041205008,81.2429843041337,80.29016660697427,80.38185060864019,9623
2039-12-18,79.8889078097202,80.80406269938581,80.0464195916041,80.06098703681414,1566
2039-12-19,80.07213002244826,79.9738791284598,79.20083163549872,79.74802902797182,9672
2039-12-20,79.71650808403905,79.37060076711263,78.82311330779251,79.25890155894159,9726
2039-12-21,78.93349876670155,79.41857705518382,78.93909628920991,79.32002306121512,7251
2039-12-22,79.15982208523948,79.4895741915415,78.88565053544143,79.11054133845451,5271
2039-12-23,78.55779275381465,79.57714878332298,78.14175770854233,78.698235333572,1468
2039-12-24,78.44651467531659,78.45403362924645,77.43660923188568,78.16883525944809,4958
2039-12-25,77.80730050634293,78.36987178801714,77.52178249924778,77.81107876670548,3574
2039-12-26,78.38778175700138,79.14564875942807,78.1757362176096,78.37182837263043,5247
2039-12-27,78.18980619233412,78.93488513910891,77.66090123955543,78.04131584531669,6395
2039-12-28,77.69458480454098,78.28811189622638,77.14304377135208,77.78384649210005,8205
2039-12-29,78.05874200780784,77.67892663084386,77.16826028712559,77.55549768458843,2621
2039-12-30,77.87791635998812,78.50521117539567,77.29326470334053,77.72499444149315,3995
2039-12-31,78.23260143424986,78.50919371716071,76.91413855667135,77.95311918575742,2970
2040-01-01,76.36462423734659,76.85924355138839,76.27729829517334,76.43079091613583,9622
2040-01-02,76.90475182457385,77.22900513665729,76.45932027571465,76.94160852304964,5415
2040-01-03,77.90327999804072,78.29959959976038,77.0756881720689,77.65979254017151,3118
2040-01-04,77.34805395196855,77.85934548569259,77.08886358007179,77.13469927149067,2111
2040-01-05,76.27394958942347,76.70513547326829,76.3888179288165,76.64855014912325,3214
2040-01-06,76.46171323417897,76.64875754401814,76.20199670831488,76.42342345523413,5726
2040-01-07,76.18757282917575,77.17522245937707,75.86102329152668,76.04542144550582,1796
2040-01-08,76.11829469498012,76.51796579352121,75.85792852295634,76.15738488247914,4307
2040-01-09,75.29780050900469,75.31228456578413,75.09375029183559,75.1841222392997,3969
2040-01-10,74.59876016092761,75.30693140860113,73.89369433158582,74.62515843528132,7463
2040-01-11,74.72073175218209,75.5457223528703,75.14127926766703,75.39475703536878,6934
2040-01-12,74.53737961970313,75.18345734465437,74.7882737714179,74.93064705169478,5627
2040-01-13,75.84485652100409,75.59244107099002,74.82748696531851,75.55236119074624,5102
2040-01-14,75.6567162134146,76.24935743220117,75.04016268299802,75.7300302885413,9429
2040-01-15,74.8823037298199,75.82148921442177,74.55847758137315,74.82539643124717,9029
2040-01-16,75.14196398795791,75.28707639857488,74.45288686836655,75.14306102885527,3498
2040-01-17,74.83663788811026,75.77575607704965,74.67561479577277,75.08422737775885,6233
2040-01-18,74.71637030808706,75.11242805018074,74.57446782876089,74.85649384963398,9640
2040-01-19,75.07765723927143,75.75202667643569,74.69659067681967,74.97897239621999,4229
2040-01-20,75.34558797971253,75.92366104868329,75.06976404459415,75.21628913900338,9001
2040-01-21,76.22660789113479,75.60284960773517,75.08190917446156,75.5700850499907,6518
2040-01-22,76.01588882013141,76.44348112620919,75.59514310020371,76.15921147376469,1638
2040-01-23,76.86447117765164,76.50695886722869,75.84037770446987,76.36327943015387,8903
2040-01-24,75.41733792089052,77.0077696317614,75.36580373096089,75.67546238576068,3629
2040-01-25,75.5852197150587,76.37585188040171,75.41651876923817,75.4386396569351,9120
2040-01-26,76.96352561042895,76.97285931047277,76.44144006699362,76.9101638245694,5760
2040-01-27,77.23464968940772,77.57648613057047,77.13443549335827,77.27240935476027,2558
2040-01-28,78.4553554696072,78.51557352295664,78.09480857447441,78.45705300516602,8817
2040-01-29,78.96798554869385,79.276683509574,78.55971522345574,79.15477004626561,3960
2040-01-30,79.54684244868264,79.89735045084817,79.11689970353399,79.27567108204349,3227
2040-01-31,79.17359010475737,79.46639525154167,79.08434579664335,79.42637461693404,1952
2040-02-01,79.50334237309009,80.06928675940149,79.19921341347484,79.40808459699562,1492
2040-02-02,78.76593978914559,79.4388606296806,78.17096829718973,78.53918228907237,2616
2040-02-03,78.96346684332279,78.9614978978751,77.53711848589218,78.54820591530648,8880
2040-02-04,79.44507403224696,79.84094217660495,79.15149397285231,79.15354319157757,3990
2040-02-05,79.02545202808629,79.13400186671416,78.77483753854014,78.85372319416697,4398
2040-02-06,78.86838010475289,79.9067875727934,78.6990901697669,79.05969969369788,4583
2040-02-07,79.24976267095255,79.83066374786866,78.87781472534098,79.48549521664448,9981
2040-02-08,78.68908133144933,79.25119632791844,78.48238136384512,79.03065499698823,7065
2040-02-09,78.43472389398838,78.95838990714822,78.50108049942247,78.8050035648164,3381
2040-02-10,78.29562660813453,78.44954599815912,77.38103967652025,78.29604781957782,3499
2040-02-11,77.66674000552317,78.19361455111215,77.72863565122583,77.88496501623312,5279
2040-02-12,77.60093006475348,77.59045011483761,76.722342367025,77.2411623744066,7847
2040-02-13,76.61724966624945,77.21534087258331,75.54253908515804,76.79093814371758,7483
2040-02-14,77.528942735328,77.53287708390509,76.9130994460735,77.5006659841165,6991
2040-02-15,76.9635343390393,77.72291157640748,76.89612389007254,77.04292746957135,5706
2040-02-16,76.68499984788646,77.3077421624189,76.09076558003926,77.1061570791017,2476
2040-02-17,77.18155495174032,77.06572988197158,76.55428047784552,76.85472270226623,1224
2040-02-18,77.6528002961782,77.55251317647792,77.28767660806658,77.4441556707847,7999
2040-02-19,78.34289344576342,79.0333524626769,77.60432299415656,78.0997368190865,2316
2040-02-20,78.71025580823066,79.3137364426063,78.52379249522373,78.53177181015597,4544
2040-02-21,78.45699357620882,79.79348094183413,78.28160047174579,78.68483908670736,6973
2040-02-22,78.34729462871587,78.93472676813575,77.51778455985192,78.56930931828691,3796
2040-02-23,78.10896825854921,78.32858423323701,77.33662745807395,77.97337196619128,8428
2040-02-24,79.40801227654764,79.4730587254693,78.77759225714071,78.94513640675238,2671
2040-02-25,78.68109356722906,79.05578535713914,78.55343808455986,78.5652998978761,3813
2040-02-26,79.19066307444783,79.3726337394816,78.86781736059176,78.89712307139253,7964
2040-02-27,79.26914415801485,79.6581798191031,78.98225846498637,79.42690585770423,5462
2040-02-28,79.47862088224255,79.33779606406576,78.91065998642387,79.14926560925156,6402
2040-02-29,79.54243135526912,80.0589863326423,79.31995445262402,79.66827187290954,2506
2040-03-01,80.12242625595282,80.26297495121541,79.35544060817678,80.05037847457896,1832
2040-03-02,80.80451206365622,81.10385242929895,80.84194846487017,80.91436039226986,6830
2040-03-03,80.94643401115957,81.08457679533721,80.52611590443753,80.6796871590565,2410
2040-03-04,80.30758374720219,80.70919854080724,79.30571920958225,80.03675515041664,2212
2040-03-05,79.34097594865143,80.85537019589366,79.69681245400544,79.78401027269439,7633
2040-03-06,80.2860263942282,80.10507913077548,79.55391007660353,79.88843704396155,7193
2040-03-07,80.63046616533182,80.38298005203691,79.49129276952655,79.91754340750407,3248
2040-03-08,79.61422465445742,79.84860430886022,79.43917556143448,79.72082445936681,9366
2040-03-09,78.72818525837921,79.1948714819397,78.35542489355795,78.76622572987819,4346
2040-03-10,79.37329616621477,80.00961438315431,78.82722237655814,79.00146722794273,3237
2040-03-11,80.00766970407554,80.14538787164558,79.82191623767964,79.98763946748383,8301
2040-03-12,80.21857279353542,80.54669733886652,79.60603454040557,80.21976508654534,9070
2040-03-13,81.09342346623832,81.19973155737745,80.42271190913287,80.5243328460721,2636
2040-03-14,80.40426635072724,81.24158429442292,80.44716425986955,80.81055549914964,8981
2040-03-15,80.77238989505072,81.06483828234374,80.76244297352581,81.00907883409084,2568
2040-03-16,81.60025871559165,83.0105801683279,81.30751167195518,81.4749118175249,2651
2040-03-17,81.18673527995502,82.7612166925661,81.0209182066529,81.67259865811772,3376
2040-03-18,81.40435731827017,82.20081725712846,81.33572169066576,81.5162600732911,8668
2040-03-19,81.00361592926414,81.31534466654975,81.06068821636782,81.11826561828671,8708
2040-03-20,81.28231093671307,81.8023546478664,80.31212566252756,80.99377879064637,2396
2040-03-21,81.35869944922229,81.41432111065421,80.7680644939167,81.15084353887171,4582
2040-03-22,80.48783388366142,81.13154167897895,80.82558061231131,80.99280205831022,3822
2040-03-23,80.94203439737058,81.66870473465846,80.61955174540007,81.14997139987594,3529
2040-03-24,81.16252958149806,82.23052861079223,80.70855962796523,81.36954646672615,6586
2040-03-25,81.72116341933615,82.49708272671342,81.36713267224049,81.78613618236125,1430
2040-03-26,82.09826950989793,82.91022467713297,82.03413437072211,82.42753366678073,4585
2040-03-27,82.60203175861166,83.03161972215321,82.37311925725442,82.46653737602016,7147
2040-03-28,81.6043929726552,82.00829157200675,81.79722311919109,81.81264909344632,5432
2040-03-29,81.81668362583784,81.96739855550122,80.89701522255415,81.64009704503673,8614
2040-03-30,81.66127205559052,81.76808362547877,80.53182818027624,81.66212832874002,5125
2040-03-31,80.45232140894836,81.09916528037384,80.64614150223993,80.74424395065148,7271
2040-04-01,81.85505940152638,81.45712238167094,80.89838604242,81.43857621070272,2887
2040-04-02,81.93508315724287,81.87459410810503,80.52905496239144,81.50976516695796,9416
2040-04-03,81.78754517881103,82.21443862085681,81.10307571736925,81.7004415842481,4345
2040-04-04,82.31144295165802,82.62276437940262,82.3745860480097,82.38320481551123,1407
2040-04-05,81.75124555642763,82.38249867456987,81.70545983583683,82.06813340044006,7820
2040-04-06,82.6764883768438,82.44895286592788,81.9068475709695,82.35515436588207,3205
2040-04-07,82.54701416483805,82.9840479562991,82.19329938036043,82.3002223043311,7550
2040-04-08,81.96398008731924,82.3383941640707,82.04580969346267,82.20817887082315,2192
2040-04-09,81.61603885681671,81.97346994948373,81.66194220166791,81.82208267692096,3391
2040-04-10,82.79196042301693,82.98512877493707,82.60563708069945,82.65488428376422,2422
2040-04-11,82.11450113952108,82.53334705619811,82.25789499625506,82.46713426372644,7655
2040-04-12,82.62916046004946,82.85926525168736,82.3912395383922,82.81686638717429,4273
2040-04-13,81.56719299394652,83.13958192874784,81.38477025145029,81.87936269343831,3042
2040-04-14,82.16685675539291,82.4777106506522,82.15730943308874,82.46935695828321,4659
2040-04-15,82.77944318800243,83.90906050499737,82.80369922808865,82.99546253626174,6728
2040-04-16,83.31598083776205,83.65465487690983,82.82947705136525,83.0441795914104,3818
2040-04-17,82.40434441423932,83.59836962771918,82.7713377352628,82.93070835834143,5177
2040-04-18,83.2607536451419,83.65199993791512,82.68398932997519,83.13070836114821,2316
2040-04-19,84.35248789143141,84.54953062140449,83.89761271953299,84.27510369158836,7918
2040-04-20,83.6839884713621,83.63673164990935,83.12465017221741,83.39348534213661,1878
2040-04-21,83.86161373206282,84.11663663805224,83.69551161883004,83.78449903592367,7585
2040-04-22,83.21503858744688,83.43988429191407,83.11303195955598,83.32869038484672,4204
2040-04-23,83.07413826906489,84.26926840110585,83.11536584143614,83.31873118669685,1594
2040-04-24,83.49191462933037,83.23643844593093,83.09389257565672,83.19479112715753,5280
2040-04-25,83.12971642353523,83.13975962155035,82.36471602769475,82.98063199825864,1667
2040-04-26,82.82745873608742,83.13968269185877,82.95576520943382,82.97539943373229,5644
2040-04-27,82.68098737834339,82.43875684954673,81.9622628408699,82.40831386109339,1216
2040-04-28,82.78914061459554,83.0180591418559,82.48471848424036,82.92290407915738,7007
2040-04-29,82.02554976390988,82.40813212237586,81.83540643791986,82.02583232355808,5703
2040-04-30,82.11436946740885,83.08315457370361,81.76367294360948,82.29571457997224,7756
2040-05-01,82.29259922502503,82.25460517302479,81.17949437644023,82.13244665370496,9157
2040-05-02,81.24872680174427,82.30115225583009,81.38888043916981,81.54698420680123,5480
2040-05-03,81.55859928568074,82.35650654624956,81.3024185388845,81.64817589210058,5192
2040-05-04,80.67333421377201,81.29516881263524,79.73829536740195,80.86970034874734,9788
2040-05-05,80.96867084810576,81.157969601585,80.26048389551616,80.88955725960716,4981
2040-05-06,80.2946651811737,81.00543617990243,80.13255829103463,80.17811880570139,3798
2040-05-07,80.0775065697328,81.36767884866364,79.90538831660112,80.40875484786031,5783
2040-05-08,80.06850559769254,80.01111617506854,78.92697515868389,79.94657618104512,5738
2040-05-09,79.27806215742315,80.20579539417463,79.4221393288822,79.72107917253047,4578
2040-05-10,80.52564581793372,80.00320002531429,79.38513804307297,79.86805386650204,5784
2040-05-11,79.32834088979689,81.03013056746695,79.46726960750063,79.48178281058092,6559
2040-05-12,79.76757901023745,80.23747898210937,78.95119680081494,79.45280081074677,2752
2040-05-13,78.7562354778941,78.93115512988905,78.4364804190369,78.69588556012434,1699
2040-05-14,79.08386201222817,79.71766893816874,78.88413312210925,79.01132336192242,4317
2040-05-15,79.54395808694393,79.9561621961365,79.5748225954933,79.89378026469781,1352
2040-05-16,81.54291695637727,81.89123021310021,80.95428870278919,81.28988469865278,8165
2040-05-17,81.35006291156031,81.38984428340281,80.97976128738368,81.335468771986,9062
2040-05-18,81.87061274898993,82.70461842239398,81.72708019041481,81.7295708423846,9668
2040-05-19,80.81204370907733,81.14806833847318,79.92644046242236,80.83925800593086,5090
2040-05-20,81.62963808795864,82.20179779731764,80.73323270225067,81.59062516908365,7809
2040-05-21,81.71258794317617,82.17071123247744,81.87240299310095,81.97873942144571,7134
2040-05-22,81.69090537592086,81.80433770250794,80.38213437473456,81.73677269897009,2069
2040-05-23,82.22939633661878,82.43706671448024,82.02909525093848,82.35536309911458,1861
2040-05-24,82.0164537014651,82.31858039840444,82.1231475224259,82.22812506079192,1085
2040-05-25,82.03947019119312,82.01819726276786,81.77520153103563,81.99911246928464,7890
2040-05-26,82.34579601874394,82.62083840821373,81.22713717345908,82.23677993199838,3641
2040-05-27,81.78033428500218,82.32162224880871,81.19203148046525,81.70510268208324,7020
2040-05-28,82.18523682583225,82.62295067552928,80.93244444551846,82.2159150642832,6265
2040-05-29,81.81125287482887,81.84258440470693,80.64330342139809,81.68792015831978,8421
2040-05-30,81.23554202700272,81.61370248787057,81.01918825849535,81.1628927634082,8689
2040-05-31,80.73730603055252,81.41888239323355,80.65537880780826,80.70804786920402,7785
2040-06-01,81.13764319395277,82.07315852888486,80.65018357338054,81.08779788796208,7106
2040-06-02,81.1343111041326,80.89256818365148,79.72642237011947,80.77941020720223,7588
2040-06-03,79.74389024659784,80.35358552055389,79.91397125372086,80.10541231501864,6525
2040-06-04,79.70699346410537,80.16372240902753,78.73167640294298,79.80257231505074,4977
2040-06-05,79.88800351229736,80.07587665677073,79.70133489126817,79.7865511297105,4386
2040-06-06,78.72124411713351,79.57616104874876,78.9703529784802,79.19606488787831,5075
2040-06-07,79.03499967835896,79.05368695303335,78.456106550281,78.62022433336114,9254
2040-06-08,79.75231786312828,80.02262041071323,79.06572260890839,79.67587250041093,2777
2040-06-09,79.53266032783111,79.8358390420028,79.03442926944888,79.24558979850399,5030
2040-06-10,79.41999717768395,79.21683004483415,78.67492523473673,79.08406861411748,4205
2040-06-11,79.02418599239104,79.35311819747527,78.28505181058962,78.90045011371784,1815
2040-06-12,78.01999359819939,79.41741619778323,78.54751965750691,78.68977170983261,7856
2040-06-13,79.04475334633624,79.43553416719055,78.68207326834776,79.00044507981717,7031
2040-06-14,79.53808262911177,79.73442916613996,79.43053577574422,79.47451655505319,3209
2040-06-15,78.99547931261597,79.41575937949777,79.16349946458551,79.3215393392874,4069
2040-06-16,78.16639815896538,79.45733813589172,78.13723334976274,78.70330019599122,9618
2040-06-17,79.47902110075609,79.71149003679392,78.90118626232986,79.34052030991568,9215
2040-06-18,78.91809266315195,79.67089370466483,78.42719179641183,79.29284976431734,6093
2040-06-19,80.77643583443596,81.45164639966858,79.47936876189014,80.15801067174593,6221
2040-06-20,79.11415890750729,80.0233257551585,78.53813369981268,79.03521772296334,2304
2040-06-21,79.53837284885647,79.23347323124972,78.6481406619469,79.132919333605,4947
2040-06-22,80.10157152035343,80.29836279961485,79.89330029278275,80.0922225005431,8933
2040-06-23,80.1410520812169,80.22364050944365,79.76819668119998,79.91559043282402,5394
2040-06-24,79.81882290052562,80.22760471465376,79.39072169378008,79.8028437211567,4078
2040-06-25,80.25227144606458,80.38396590228204,79.83521671439358,79.95059956695188,8098
2040-06-26,79.05970208704879,79.74812548761773,78.28902739945083,79.6712016575094,8706
2040-06-27,79.78161004464987,79.77620164373221,78.56610718357378,79.51516569148303,9739
2040-06-28,79.54688739266759,79.9559736858647,79.18865305418447,79.34625814438732,7120
2040-06-29,78.98630227974924,79.37073002869195,78.80648048262665,79.03254777717414,6522
2040-06-30,79.52422688687498,79.82291295041769,78.08081297687019,79.64697605227443,8352
2040-07-01,79.7877843932697,80.35035958717121,79.33808958775835,79.87751506842264,3275
2040-07-02,80.0876592749889,80.51684851402072,79.97531741051512,80.0028291844743,8236
2040-07-03,80.77132649731614,80.44148971630113,80.39589022806663,80.40711468791935,1196
2040-07-04,80.11468000898437,81.18620394316092,80.27376782241032,80.27493677131761,8313
2040-07-05,79.37730473479353,80.4318015914557,79.0184790018759,79.88783486214116,4231
2040-07-06,80.33189700510741,79.77758834777929,79.33822150499591,79.58652270983389,1368
2040-07-07,79.7888865997403,80.0827629851543,79.10223918469003,79.58741423038619,4228
2040-07-08,78.94044489198716,79.33009484211163,78.3398138141152,79.05780837619974,2491
2040-07-09,79.16433188360553,79.05422106893037,78.07969534668909,78.8076778679064,8027
2040-07-10,78.82972771751523,78.83921261754415,78.51988658328295,78.54961954697069,1719
2040-07-11,79.75958237398616,80.02331869849337,78.50383733840926,79.6118976618852,3762
2040-07-12,78.08187468431989,78.33282158566126,77.14779833874788,78.22499019191824,5734
2040-07-13,78.33537708691073,78.35302188717768,77.7155043520691,78.13518033121542,9987
2040-07-14,79.32489487473062,79.61851002699207,78.64892218645429,78.9980272276228,3202
2040-07-15,78.54292764000178,79.21886099099606,78.32608625319432,79.05894945968903,4207
2040-07-16,79.5030066909912,80.20508184163424,79.41536227826862,79.43565819639957,3503
2040-07-17,79.57502406478271,79.94120249546837,78.8393679034937,79.48557135394947,6782
2040-07-18,79.23172766176988,79.41363087825845,78.96201136600287,79.15190466334121,7175
2040-07-19,78.04480178104163,78.6775207335974,77.72790410464661,78.03094669608677,6134
2040-07-20,78.4894964622111,78.2656075500564,77.77093688114547,78.13367453960493,2882
2040-07-21,77.68247615738056,77.94321109163397,77.34913470275441,77.74587123730372,2987
2040-07-22,77.34486789943438,77.48489638188151,76.43527846476212,77.34570353422107,9287
2040-07-23,77.19090950165504,77.65237331842664,76.92833290930587,77.09620990623151,1814
2040-07-24,77.91521975135181,78.19616315666437,77.83759890219318,77.96864060954326,3660
2040-07-25,78.7552590036449,80.08225579694594,78.78240293702731,79.17105938067024,3569
2040-07-26,79.34390236254113,79.82292862838385,79.17220420586375,79.27966334943444,8347
2040-07-27,79.11491665069003,79.30885975417966,78.03418174888161,79.04727973747859,6343
2040-07-28,78.34911700432835,78.97170057012356,78.37065271041423,78.45866652875299,8421
2040-07-29,78.65324213456722,78.78280286653107,78.19702325235696,78.69293660952601,5018
2040-07-30,78.63042833766659,79.62022147943401,79.42233486805902,79.58438940955858,1974
2040-07-31,79.82324103084625,79.80903496665488,79.00648419889531,79.460719216046,2861
2040-08-01,78.54153024842758,78.5898877163055,77.91237361057608,78.2712211956694,1648
2040-08-02,78.2048966774324,78.6910162366863,78.56167203766698,78.60624603157716,9933
2040-08-03,78.89630571379391,79.15912084499077,78.68292436433737,79.09894588730218,2576
2040-08-04,78.74057947542174,78.6662515146473,78.12955479618692,78.30602306710927,3599
2040-08-05,78.04780995574444,78.82355827175572,77.99775849554565,78.39426515894073,5879
2040-08-06,78.76341577377961,79.46763607663371,78.08270922817026,78.61987816700878,2787
2040-08-07,78.43571949668018,79.60690795858605,78.14772953911198,78.58332451600431,1137
2040-08-08,78.31098164346717,78.91564379754765,77.87527592481388,78.18793905646163,3056
2040-08-09,78.71094907579054,78.718500432456,78.0551021124805,78.69590766824342,2831
2040-08-10,78.40924824647595,78.99550770239487,78.3019203760515,78.49421779525908,9760
2040-08-11,77.86818127588455,77.93354493105542,77.17362748707295,77.75162471390911,5726
2040-08-12,76.57897331531973,76.89990467652966,76.52807905404767,76.72688747107426,6894
2040-08-13,76.82204236918727,77.63443946908718,76.93134034187578,77.35731223107392,5266
2040-08-14,77.38732753868337,78.07017136385338,77.2472663737582,77.66564421930948,5607
2040-08-15,77.39527340540977,77.87404640616768,77.60248087684718,77.70963099287405,8678
2040-08-16,77.00825792707239,78.00689323971177,76.7854530194364,77.48949367444865,5470
2040-08-17,77.33581448725141,77.7672297791365,76.36934420969187,77.2249944673471,2895
2040-08-18,76.63529613594314,76.68979142978935,75.68012698233404,76.68712614312629,9395
2040-08-19,76.57758064058929,76.8893832829825,76.29402241103192,76.47139832084635,5152
2040-08-20,75.56758011996727,75.9088635030942,74.94550041618645,75.41135471328626,1656
2040-08-21,75.27026353758008,75.2737173106827,74.70597267895089,75.043322886552,4462
2040-08-22,75.00993065072109,75.08455034735432,73.9258811554115,74.88785412837646,4126
2040-08-23,74.8989115729334,75.64114804115601,74.8653366026279,75.19279415197167,4024
2040-08-24,75.34668857786028,75.50751403984435,73.69218907180931,75.17283092028498,4743
2040-08-25,75.63683389898507,76.44599701409722,74.88132238894335,75.57029247722276,1071
2040-08-26,76.90189146351693,76.28719547852933,75.59426796351521,76.24486002977949,6653
2040-08-27,76.77632057865344,77.54375792379452,76.32738796088383,76.77394507669153,1749
2040-08-28,77.1240699361007,77.6065417343891,76.94857765273287,77.00920000038082,1952
2040-08-29,76.98668365732692,77.036953158411,76.50167015232958,77.0151313399712,7279
2040-08-30,76.53940609097339,76.59464997142746,76.14890595861192,76.52473733576443,5612
2040-08-31,76.88912535522915,77.87953770392964,76.58446759949045,76.89470936145409,5122
2040-09-01,77.60419597970464,78.25383272137196,77.11499711100794,77.73458305256484,5179
2040-09-02,77.95884216971653,77.92536717204202,77.339038065905,77.90563607239005,7026
2040-09-03,79.05079377924005,79.39397635014414,78.66499627010808,78.86426564660312,6171
2040-09-04,77.97562778876137,78.34780721917927,77.94925825715292,78.10147979257258,1073
2040-09-05,77.77507008673588,78.36638411521747,77.01939024157215,77.52439810018281,3059
2040-09-06,78.16629195293687,78.52016696563493,77.50167898006788,77.95199885405694,2277
2040-09-07,77.82006528358556,78.37766517116748,77.7240039670731,78.08414395913356,5698
2040-09-08,78.45192812973401,78.93748872692666,78.45019998927995,78.74103504741946,2127
2040-09-09,78.86774524708817,78.7453849402352,78.33260206516441,78.7332992270561,1602
2040-09-10,78.12305078029819,78.5590298273878,77.58494928222864,78.29931151579193,7458
2040-09-11,77.87880170050856,78.77252508566106,77.95795471725704,78.19251489468941,2524
2040-09-12,77.94124214307357,78.25433416312933,77.36099087924663,77.42617290922755,6291
2040-09-13,76.57197930338941,77.82430032024078,76.57435836930594,76.86187757267902,2166
2040-09-14,76.89102093719026,77.37165192051769,77.21439316869376,77.34809957163803,2932
2040-09-15,77.54938526234649,78.9960463441796,77.64710948168509,77.78449327887283,5292
2040-09-16,78.03548987939263,78.16550938705082,77.07894026513648,77.96599542127586,9856
2040-09-17,77.1275222839959,77.30567265772378,76.65874868245098,77.10545666079564,7333
2040-09-18,77.49241890208864,77.64219940492646,76.82052540051332,76.9262548730392,1962
2040-09-19,76.08323704437733,76.54325715882061,75.925235295525,76.31375492870916,7698
2040-09-20,76.97286847769944,77.59279608504278,75.49411630836441,76.90202155560306,1087
2040-09-21,76.9487071553385,77.41601902163117,76.58660963487497,76.61016048882175,5951
2040-09-22,75.86958187888297,77.0976999153823,75.63934588024215,76.06728663343097,9664
2040-09-23,76.29330197841237,76.34669704131107,75.33150346358157,76.08218471599169,3468
2040-09-24,75.2124561573167,75.85497586928363,75.45499902983246,75.76210748757438,7212
2040-09-25,77.03160580449946,77.06036148183676,76.38686173727096,76.50397944267624,5874
2040-09-26,76.4350013223613,76.61074363357373,75.92060750923862,76.13657399390914,4495
2040-09-27,75.23275736513413,75.82773979390912,75.238355709231,75.43695986429682,9042
2040-09-28,74.60944843976819,74.60613462024872,73.89641029172901,74.36050310641807,1246
2040-09-29,74.73906472504935,74.49487006491944,74.29524718136848,74.34510985521136,3878
2040-09-30,73.67754422313737,74.59616776190518,73.77496310478868,74.0641447982824,7131
2040-10-01,73.1697291253341,73.43898362978365,72.21644766753569,73.34969249502653,5494
2040-10-02,74.34813074980731,74.64541052040606,73.20933184755901,73.94430572565443,4976
2040-10-03,74.29817016620105,74.49205549812748,73.74640455737763,74.27792829936905,1325
2040-10-04,74.39466920961029,74.32909050611461,73.51866384882337,74.26381935990044,9793
2040-10-05,74.96704165056775,75.05341483671779,74.51390392584383,74.94598248198587,1810
2040-10-06,75.54469715178492,75.47181804667346,75.1834171611142,75.27725049868518,9595
2040-10-07,75.01970204009037,75.86389870780341,74.25409247816789,74.86582254792596,7780
2040-10-08,74.37807764510718,74.75229103119761,74.1850149183671,74.34621246593058,6986
2040-10-09,74.12469544381231,74.86066631913947,74.75184440513836,74.7552032381575,6546
2040-10-10,75.14538990554566,75.01089949956258,74.8364945682229,74.95338671639118,7845
2040-10-11,75.25703289337429,75.54264185394308,74.13544395456525,75.03826060037652,5689
2040-10-12,74.24315003711494,75.16659866833888,74.23131006285816,74.61501169894206,3274
2040-10-13,74.56750580997426,74.93499488468848,74.73231771309331,74.91898548244494,3227
2040-10-14,74.69651561957885,74.68656928743448,73.97154186167467,74.54123604087796,4017
2040-10-15,74.5485402340214,74.6545100905381,74.21499615542507,74.49024271358113,9089
2040-10-16,74.62127671219812,76.34978561455992,75.19331134684265,75.21371478677462,8133
2040-10-17,74.63669115762588,75.67779247010843,74.08280144653185,74.88329766886955,2438
2040-10-18,74.19095597000373,74.3993348856941,73.36714763365623,74.09680304033311,4384
2040-10-19,73.77353250514872,73.85132878258649,73.01365857828151,73.57052944439806,1663
2040-10-20,73.89238309179413,74.66732006872394,73.74162754845827,74.06767885774187,9345
2040-10-21,74.15080747988247,74.56983571211879,73.99164133261654,74.19504442643198,1732
2040-10-22,73.8668001053792,74.13166494759633,73.3543312045142,74.13060573708759,1805
2040-10-23,74.27323593668028,73.98340610812524,73.47355333877445,73.87605883443182,5217
2040-10-24,74.1711152714662,74.7468164254621,73.66215801004508,74.1187387882084,9373
2040-10-25,73.49387987786888,73.71645879483569,73.16342646958508,73.6941863627133,9072
2040-10-26,73.50012871738214,75.16036152503389,73.34986245618053,73.84701914703459,4679
2040-10-27,73.10132565198842,73.56287001803103,72.88464406958354,73.48139186262812,5068
2040-10-28,73.57602858576628,73.06415400439447,72.76688222920215,73.03256216999058,2703
2040-10-29,72.66176489931955,72.83477594473884,71.86927188703939,72.71381845257808,9529
2040-10-30,72.40625840228263,73.30816561107574,72.32028106522814,72.5261147293361,7246
2040-10-31,72.43772666700974,72.61410817971499,72.10811905236017,72.50169981136925,6301
2040-11-01,72.43036477308375,73.14014334385708,72.03990443766013,72.6194277089248,7770
2040-11-02,70.743141915287,71.18147997935674,70.44692280094199,70.77524506321058,8018
2040-11-03,70.3818983054187,70.73038547724853,69.66164901145177,70.3714197843372,4298
2040-11-04,70.18013585530183,71.18269165733905,69.18572411285884,70.17563479565918,1727
2040-11-05,70.54938647536041,70.95384519436469,70.56475383487292,70.92816581496335,5958
2040-11-06,70.65589380478674,70.7967122400924,69.67094192595503,70.38816451077228,3937
2040-11-07,70.30367498988008,70.56389804357724,70.34266978194766,70.46956281982224,5023
2040-11-08,71.01947897052692,71.68659255343972,70.94380263376293,71.21707797469016,3013
2040-11-09,70.34944590475676,70.87109249265289,69.70516938159334,70.56059370971653,2833
2040-11-10,70.44183981470938,72.12913775888059,70.66018963809141,70.75758132264872,6667
2040-11-11,70.43678470526766,70.71411419022878,70.32356104390283,70.35644540568146,7007
2040-11-12,70.37262312623884,70.23024427449648,69.25714992131667,70.10412853453684,3010
2040-11-13,69.48567635197004,70.47703209426929,69.52578071104608,69.70257311756019,3249
2040-11-14,68.78370672773771,70.07972408186151,69.00963065867981,69.33664446335224,9855
2040-11-15,70.38946615802297,71.67263950056768,70.28984642523695,70.69760053730549,9519
2040-11-16,70.98534268855312,71.12150728336132,70.76390039615177,71.11982847334133,9456
2040-11-17,71.30126681080506,72.41295778715877,71.59839663517334,71.67069740423443,2466
2040-11-18,71.73707464095206,73.36201564285224,71.25711484679658,71.91669414765268,9445
2040-11-19,70.94810770616748,71.4654636953271,71.02086720926344,71.1135657534517,6654
2040-11-20,71.30639773197828,71.4949763854616,71.27699599501182,71.31104473861336,2236
2040-11-21,71.41102320599134,72.35211112208572,71.36349940850546,71.84750954586703,1609
2040-11-22,71.59484382074517,72.53018148761291,70.99218154051661,71.42080980884748,3033
2040-11-23,72.40175478803798,72.26784393566092,71.62771413819326,71.90347314242804,4194
2040-11-24,72.6843764089991,72.67967471079778,72.05851340096457,72.25564124735507,7680
2040-11-25,73.00644802557244,73.28323945292881,73.14503421288575,73.18166126976192,9741
2040-11-26,73.1733663118526,73.12786302191945,72.6679917790072,72.9727697635051,2218
2040-11-27,72.58904041413784,72.6958675993113,71.86779818553275,72.42396427236724,5294
2040-11-28,72.2300926688022,72.69295954645386,71.06866718175381,72.24315021768096,3189
2040-11-29,73.01403740661532,73.26803092332553,72.37997687865632,72.96093571426277,6328
2040-11-30,72.2516459128995,72.87320005502828,71.70965254271783,72.0467327738418,1354
2040-12-01,71.27755765743831,71.53242606092867,70.94905169898631,71.01254491612627,3864
2040-12-02,70.81374087657157,71.22805178897724,70.51996325136909,71.05724255559208,9154
2040-12-03,71.06025532619981,71.06910873379665,70.47019920073174,70.835947909205,3223
2040-12-04,71.33975061283849,71.55094111008101,70.48706558975127,70.83981185579285,4118
2040-12-05,71.57712223401604,71.42240281259775,70.8903988795637,71.31246774141079,3840
2040-12-06,71.49712194293832,71.09266830632589,70.75237208079342,71.03618306835136,4718
2040-12-07,69.32462434583253,70.196640891328,69.30820111427866,70.09968015288604,9358
2040-12-08,71.30063365027445,71.15351773341114,70.738440128095,71.12192093148602,4626
2040-12-09,70.7025821687391,71.24638928670561,70.47844927614857,70.62330678776664,7701
2040-12-10,70.40191363592766,70.24920742552997,69.49171268879927,70.09378822676058,6418
2040-12-11,70.30796038634836,70.91784874341133,70.31549303079127,70.64564823362187,2126
2040-12-12,70.30156134556961,70.977328201546,69.34761988454385,70.45340367310112,1085
2040-12-13,70.6918697669779,71.03695092526289,70.11880542238295,70.42170874708371,4777
2040-12-14,70.34520324187652,71.3322691225241,70.31918621244273,70.66310380911386,4572
2040-12-15,71.27758963790428,71.97128730305292,70.65525473559829,71.20489536066887,3714
2040-12-16,71.03308343920631,71.22052090068222,70.39065365109869,71.03816501407798,6969
2040-12-17,71.73936181697533,71.93977599210844,71.58903426093258,71.79814101703514,3050
2040-12-18,70.90205068529679,71.23355340846598,69.94016329922201,70.73024109266773,3871
2040-12-19,70.77548447493047,71.39362290664641,70.13894487256994,71.11013471114427,3926
2040-12-20,70.4563358976464,71.1674531892309,69.49799862355094,70.69037093213544,2047
2040-12-21,71.33473195180535,71.56489432530836,71.15119701554619,71.37650659043943,6593
2040-12-22,71.08717412030343,72.18500416970987,71.39407536520908,71.4475288298547,8827
2040-12-23,71.48035270454993,71.60995430340348,70.72338666178173,71.11107616385002,3730
2040-12-24,71.20286656913181,71.72600762681245,71.33643084171428,71.44249671036083,9781
2040-12-25,72.12498976397673,72.36182505396178,71.48929009649137,71.88909088396446,6876
2040-12-26,71.94738695330958,73.0150760069886,71.44499071355719,72.21003794539376,4173
2040-12-27,71.90644898742006,72.28983155229707,71.13575131852235,71.69518982557724,1029
2040-12-28,70.97052666143213,72.11990084678268,70.27756929309204,71.4531812637662,4854
2040-12-29,71.87372946551884,71.51353413504418,70.80189491997882,71.45114484520548,7610
2040-12-30,71.77105492041244,71.55944582752792,71.23726763147359,71.43051501888044,7346
2040-12-31,71.63961270416284,72.40224368372175,71.74642556682518,71.80538775659961,1723
2041-01-01,70.55024495072317,71.29582889542505,70.42187068635525,70.7979371403463,3090
2041-01-02,71.1024414213731,71.1550173951416,70.71422835926758,70.96510066762306,2575
2041-01-03,70.36227812386362,71.10376280305087,70.50196981554214,70.82010999040475,3490
2041-01-04,70.41128530825104,71.2450155879392,70.156317935315,70.40085968221277,3198
2041-01-05,69.78733976285261,70.33259778530172,69.83695190550135,70.02961629332796,8211
2041-01-06,69.84605442648561,69.98541823600766,68.98017441932066,69.922347461069,6712
2041-01-07,67.92865027751714,68.28514036961032,67.77639375149555,68.12180490883924,6376
2041-01-08,67.53164953357532,68.23887782617281,66.8253166738542,67.77116012344345,4561
2041-01-09,67.84469095840768,67.42705212175873,66.9128630249494,67.33325271112031,5045
2041-01-10,67.83380736078273,67.84611922101512,67.56785261832086,67.59964431578163,2126
2041-01-11,66.75292207987472,67.35959161021277,66.68720023103353,67.19688097452637,4964
2041-01-12,66.8265800530109,67.74381877930568,66.98856423886676,67.08932407444112,5203
2041-01-13,68.11769709707224,68.61592466918027,67.83002780216366,67.86046238827177,7472
2041-01-14,68.64824420132084,68.91902376829616,68.31081450551038,68.35763814817949,4405
2041-01-15,68.39324903945537,69.13936658555922,68.70422430970159,68.80877384815122,8736
2041-01-16,68.76841908755318,68.8432519267241,67.53260627915769,68.5588376329458,5728
2041-01-17,68.90986250743052,69.29255805670562,68.19993386432328,68.83035377259061,2833
2041-01-18,68.13090388284412,69.75354618098504,68.68817812775515,68.71340487236381,5692
2041-01-19,68.49439895150736,69.01294577323227,67.90823170901103,68.61535826702536,5521
2041-01-20,68.77935194399348,69.34378926640012,68.5793195843618,68.82020093889862,1754
2041-01-21,68.53625168629836,68.54974700782749,68.0937860603849,68.52170414468816,7659
2041-01-22,68.87203086071375,69.84969613710568,68.98713538542437,69.26820569690976,4801
2041-01-23,68.95923597585539,69.49807616242308,68.74731239685457,69.1881406271108,3531
2041-01-24,69.31043778864611,69.85087399029392,68.98750266490597,69.49732091024063,2265
2041-01-25,70.06441843487136,70.58387045091149,70.14466278654187,70.22512114986928,8844
2041-01-26,70.58524880298103,71.22373554026179,70.53405917314761,70.74094803715687,9467
2041-01-27,69.99669861253726,70.09005209439694,69.72371930567927,70.0364884858116,9031
2041-01-28,70.35182741784968,70.59141968897654,69.8976583890863,70.25893643331655,3041
2041-01-29,71.21656384790124,71.45570720506548,70.67568109844142,70.68429613054687,9369
2041-01-30,71.39149426769121,71.22138499198574,71.02555611043137,71.13022764162724,9862
2041-01-31,70.96863924142285,70.62679793278556,70.16092831665884,70.57358022456992,1811
2041-02-01,70.10083590055416,70.8792419118093,69.67317022915981,70.24506260606127,9522
2041-02-02,70.44116477885919,71.2107445624986,70.68796367780278,70.74234172393207,4555
2041-02-03,70.60188912125496,70.97143313820717,70.14436272961885,70.36146153859076,7696
2041-02-04,70.20675022829316,70.57179225945534,69.64093002361766,70.21161351025859,8437
2041-02-05,71.21864675504844,71.16585779448457,70.58426590829887,70.99955141500958,1173
2041-02-06,70.71096172244167,71.59012424305313,70.08960541440456,70.97565178981718,7620
2041-02-07,70.80683785053056,70.6872008198679,70.13097061390815,70.61226472090026,9283
2041-02-08,70.12088119654585,70.47185293113422,69.81336203663079,70.17345604246881,3557
2041-02-09,70.20154541192093,71.06853468194663,70.31470086496644,70.33981570726141,8039
2041-02-10,69.56321497332779,70.0163859738887,68.90302722717907,69.6732417030228,3648
2041-02-11,69.69670374624894,70.1697654383773,68.96272389968583,69.54957372107458,1598
2041-02-12,69.94843138347292,70.23218793425222,69.32489142522698,69.7161889885696,6664
2041-02-13,70.25583965152717,70.52897271191748,69.64172229477143,70.36576389884343,3184
2041-02-14,70.80283088755543,70.91421329585907,69.85751912531276,70.69953793902843,3725
2041-02-15,70.4447502983373,70.92298172540862,70.12734811766184,70.34250538003734,5184
2041-02-16,71.1532160968287,71.00432936173867,69.8171931765573,70.9317150388192,6713
2041-02-17,71.07803207803042,70.82318049962004,69.91792562072455,70.78195752004547,6766
2041-02-18,70.70747242520257,70.50767616202225,70.11089075423006,70.16410600902076,9535
2041-02-19,69.93853421343111,70.64102074296058,69.71838264283281,70.07808532938802,3678
2041-02-20,71.23517289985892,71.60087220487259,70.69978219401541,70.79716992996087,2341
2041-02-21,70.91491226751174,71.31935800154719,70.78971047167006,70.87978995499334,9226
2041-02-22,70.55761052553473,71.84534559893788,70.68526740536544,70.88605088715823,5430
2041-02-23,71.50951136369548,71.70969021377095,70.87560008222052,71.70465670950966,5174
2041-02-24,71.1287673220473,71.83820863717023,70.73170249415514,70.98897928598244,8300
2041-02-25,70.5633079425337,70.63940629412286,69.79094016807794,70.34617972895606,7515
2041-02-26,69.2333761364543,69.91380176497447,69.26243264026003,69.53825649347264,6287
2041-02-27,69.4954153097272,69.74527346786623,69.22904492841397,69.72458058671268,6933
2041-02-28,69.64789215321255,69.88401589890582,69.43748514830843,69.80782715027023,6652
2041-03-01,70.3201849273407,71.35165001870668,70.40800778909637,70.57919533391012,5588
2041-03-02,70.13690737540426,71.8306260014306,70.27447933890805,70.7009328724785,7792
2041-03-03,69.83306017884986,70.59699046195928,70.3961539064379,70.49885429273886,6446
2041-03-04,70.3852095945284,71.15602632634803,70.10336915735573,70.49975172917792,5250
2041-03-05,70.63422922529631,70.73067229082243,70.26548765120853,70.55860543840839,3113
2041-03-06,69.9194004837719,70.03452456527032,69.66323159104681,69.7227248017443,2767
2041-03-07,70.66919040171942,71.86974939673152,71.00515982927679,71.07789062391176,1199
2041-03-08,70.9342243977449,71.50220955868323,70.50664279815746,71.3378261329627,9703
2041-03-09,71.28445170604269,71.5041578371278,71.01705621934174,71.442830286974,7641
2041-03-10,71.75141501497987,72.15967468193833,71.4458324732391,71.75041227911329,3732
2041-03-11,72.40775224952563,73.11622405089263,71.24677090242388,72.10511776940659,2063
2041-03-12,72.25015764741245,72.29811491623222,71.94842236327159,72.03484102665539,7415
2041-03-13,71.60887200719091,72.1910213164947,71.64171374407275,71.71922045853503,7303
2041-03-14,72.12699239308121,72.60452963559649,71.93711724641093,72.01894580169588,7178
2041-03-15,71.95873945022255,72.83833308542606,71.43009448559079,72.21180122196161,7079
2041-03-16,71.82915989911184,72.32557702062107,71.26297186126811,71.8068561724169,5381
2041-03-17,72.49764699019047,73.44329105685165,72.48236523414764,72.51637397810053,8575
2041-03-18,73.08434068321043,74.04128139480738,72.1058721071668,72.66304999626203,4009
2041-03-19,73.17602620254348,73.73925727629083,72.73269739247613,73.02795967739584,9596
2041-03-20,73.492684607435,73.96736752681679,73.52395075768368,73.7239201212358,5583
2041-03-21,73.50669808407442,73.79416174334665,72.84431853417512,73.73486453181822,3792
2041-03-22,73.79341307544183,73.98106975283116,73.74492934072636,73.89334053531027,2532
2041-03-23,73.8290143532304,75.24371907886034,74.23395939263654,74.29835415456333,1527
2041-03-24,73.86691749921928,74.28945304186392,73.87830122163744,73.93592361266332,7838
2041-03-25,73.9198516811918,74.41455124853402,73.29019687088405,73.9629494440863,3446
2041-03-26,74.1656818011018,74.88517871542632,73.73982467570433,74.02572373741188,8190
2041-03-27,73.73133206721484,73.63634306814384,73.22125640227802,73.54769446157019,9438
2041-03-28,74.73618777872355,74.70704842267584,74.69147754738727,74.70651285590714,1627
2041-03-29,73.51386832816905,74.76280015284868,73.78067965195203,74.00286613416093,3116
2041-03-30,72.98750022297303,73.38151094505852,72.38253538779965,73.35381418231735,7041
2041-03-31,73.8293959930893,74.29789478670624,73.35204244789601,74.01092747016914,7707
2041-04-01,74.56324803015788,74.37220562972075,73.9350695030343,74.36756059556741,9799
2041-04-02,74.04013537814943,74.21753999265123,73.42021655874004,73.85457818682703,7428
2041-04-03,74.08339121244944,74.90452766810989,73.83911530798824,74.15822269437787,3193
2041-04-04,75.60006703980659,75.34659243506117,74.59239599285053,74.89214791687652,6402
2041-04-05,75.34548666359774,75.23773676299314,74.05529831243209,74.87701638807803,1297
2041-04-06,76.5484036574709,76.36088540252993,75.79394223350911,76.17642783811533,6826
2041-04-07,75.5245943790591,75.34595049342731,75.19366203411373,75.3143969326813,4293
2041-04-08,75.79887118576336,76.3273731369263,75.45890797764096,75.66130865961085,6157
2041-04-09,76.36024563855467,76.4436892200675,75.97748340024458,76.24457282772136,6189
2041-04-10,76.14873604001524,77.61858094748283,76.30559889816597,76.69024477852398,9973
2041-04-11,76.27268160816274,76.60428021729466,76.50491450107506,76.58806691520115,3049
2041-04-12,76.376205138171,77.23993751405828,76.18612808102158,76.44284617419558,4684
2041-04-13,76.70328050836248,76.68005309529352,76.20918193467735,76.66491875973921,7985
2041-04-14,77.03545904621247,77.67965210255187,76.99079425624547,77.07279600306525,4284
2041-04-15,77.45571575556973,77.80583547464958,77.13586208836618,77.37403272120643,1082
2041-04-16,77.26307150168033,78.15649416246569,77.27914721402608,77.89406166660312,5450
2041-04-17,77.53632597891556,77.47008171480714,77.1300544133513,77.38462668806976,9332
2041-04-18,77.28938246525155,77.43632333143586,77.13601300240892,77.27074119850795,2831
2041-04-19,76.74449824481857,76.90685038325384,76.58283459426097,76.80073323244606,7743
2041-04-20,76.88587045476106,76.61181409157415,75.9734472839416,76.60767684440299,7097
2041-04-21,76.80162727529927,77.50140480098091,76.6464489319477,77.11528729031014,6515
2041-04-22,77.09821079488437,77.86315579117348,76.80695111082615,77.16927925067276,5930
2041-04-23,78.55803435566719,79.04205830559498,78.21863478593971,78.47270883224765,7936
2041-04-24,78.31350862325961,78.76211250409098,78.12586068481933,78.5694120158425,1930
2041-04-25,77.99825476270772,78.68277950821694,77.91534274254408,78.59925795613236,6007
2041-04-26,78.30643738274887,78.79499039143623,78.38340586105718,78.65234941585248,3288
2041-04-27,78.31402889324934,78.49445530925011,78.12604125583708,78.33344506942251,3671
2041-04-28,78.22982084013485,78.89143576178292,78.24710203419275,78.30452676323371,6420
2041-04-29,78.86294096203952,79.70634085906546,78.03847222632584,78.86842077678953,2020
2041-04-30,78.7276230576164,79.21975237319943,77.54318161196073,78.92540611085343,3953
2041-05-01,78.13499709614574,78.72653201212016,78.2971280630405,78.52867624591168,5882
2041-05-02,78.10723641313474,78.43010886940952,77.79835686626672,78.06613393567237,7935
2041-05-03,77.79107609149354,78.01849366668907,77.47817880634074,77.84103298983945,6308
2041-05-04,78.0693151718734,78.94161341391968,77.86606828413521,77.8779647070449,7276
2041-05-05,78.25045253990469,79.39746991718529,77.8928310236117,78.47475797478302,5196
2041-05-06,77.19825805684621,78.18203065205506,77.30049100773338,77.80451365409981,9097
2041-05-07,76.86326252162038,78.59290254944239,77.46741229158101,77.64460051515542,6477
2041-05-08,77.59631476052864,77.73905486087058,77.55774557187016,77.71675552487297,7107
2041-05-09,76.83827538969359,77.1528952238077,76.03955444736968,76.79990264105825,6484
2041-05-10,76.3134097429865,76.9674879580806,76.01689672576792,76.38310349957504,4180
2041-05-11,75.87361409401058,76.07077444794751,75.93673007209391,76.04315922970696,1186
2041-05-12,75.16775931883427,75.8193282403037,75.27629017745465,75.6451740427817,4476
2041-05-13,75.17431015388036,75.83730327881128,75.1761586827952,75.74111881529252,6471
2041-05-14,75.77102144484,75.989893415233,75.33012258584999,75.66083901054162,4032
2041-05-15,75.31491559030427,75.89194149068514,74.58257779843262,75.3831959592411,1046
2041-05-16,75.48812177808941,75.6539757363348,75.44735667879553,75.59717727251743,3868
2041-05-17,75.99618934486541,76.96421311137856,76.0369394267561,76.45871463134056,4912
2041-05-18,76.98846590973842,77.28368954560966,77.00339644650312,77.27834288971142,4037
2041-05-19,76.33048830853318,76.49416028741743,76.12158711650103,76.31695700368026,4305
2041-05-20,76.69087788163735,77.03202332362365,75.98080585336038,76.60549309559784,2613
2041-05-21,76.46720941094337,77.08044394332433,76.22297183066833,76.51648145056592,7360
2041-05-22,77.0078339498473,76.79692737281471,75.99379757602188,76.59405912199858,7317
2041-05-23,76.22226943647043,76.64462490919685,76.1085509278558,76.39491760522732,9145
2041-05-24,76.83977349662386,76.69997364327409,76.20025782002449,76.45371192017092,1112
2041-05-25,76.59447564659453,76.69332497611492,75.73865805884103,76.52941561820693,5241
2041-05-26,76.2723797722187,76.47966944500769,76.07051619131165,76.23993973953246,3691
2041-05-27,76.0715127805637,76.30578987185193,75.59331589318097,75.79175596561987,4584
2041-05-28,75.38016992006489,75.81840906884341,75.04698135427856,75.56740812431013,3345
2041-05-29,75.58577671878604,76.53796903763504,75.31575726945961,75.68453775653852,1055
2041-05-30,75.6169734575681,76.1179556436648,75.33493991985414,75.98403592738065,1580
2041-05-31,76.69127417250235,77.68752592387501,76.00454982047773,76.41071041605072,4545
2041-06-01,76.2642670368878,76.83181661619639,75.96053427277548,76.16361540451726,8561
2041-06-02,76.63487569374001,76.74410465739234,76.14727718116679,76.30553768816863,8737
2041-06-03,76.84824800508929,77.33515108795991,76.47331866636974,76.78678898414528,2667
2041-06-04,77.70049909627474,77.71364044391949,77.13317773394031,77.36958643171735,9410
2041-06-05,77.11598326736765,77.6171373465727,76.63865329088814,77.34017000465158,5426
2041-06-06,77.52587603927292,77.59438903974664,76.39845475928993,77.22970414218177,6258
2041-06-07,77.20592178086389,77.76907774079018,76.42777694102767,77.32526625909998,7647
2041-06-08,76.75117210355634,76.83074494683864,76.20535221206252,76.75041252265127,8938
2041-06-09,76.87211442113161,77.34579683924035,76.42047213724689,76.65360776713351,1843
2041-06-10,77.72425333925443,77.12985712140313,76.30975817040351,77.02590096637007,4511
2041-06-11,77.59289039320524,77.395820733678,77.25311217964175,77.34687453109193,7708
2041-06-12,77.48604456939576,77.8279679243251,76.13336348459815,77.21174072890999,4837
2041-06-13,77.15698644309309,77.50412322591855,77.10278904007724,77.32059982945357,2119
2041-06-14,76.95537405659611,77.04818058645941,76.1512024219221,76.90827465930823,7034
2041-06-15,77.23126055322027,77.48254208336782,77.23250282390546,77.26002073342073,4765
2041-06-16,77.6434098557186,77.36057156393623,75.88203882242594,77.22111001535251,8914
2041-06-17,77.03935403094306,77.44805580706192,76.76289150766995,77.08313428950443,7397
2041-06-18,77.30083492716255,76.99193638539425,76.26914502336858,76.90227237145774,7431
2041-06-19,76.48033142599199,76.9717179916933,76.84632745368754,76.87082543800781,8958
2041-06-20,77.06651981305679,76.8457567576646,76.03036111329912,76.64688661554183,2938
2041-06-21,76.71753787958767,77.26820774135409,76.14204437633457,76.97595813354312,4055
2041-06-22,77.03448160676126,77.44744117491607,76.08553422758534,76.77831635953503,9386
2041-06-23,77.31549926880795,78.59668275831196,77.47236625350587,77.57479840754871,4096
2041-06-24,78.49290783648861,78.74578365386654,78.06884629538064,78.3074036592894,2029
2041-06-25,77.57285576620696,78.17190235208498,77.18334248006602,77.86163191436215,2504
2041-06-26,78.20742833150378,78.27150313789835,77.57702181570251,77.89648404907679,1864
2041-06-27,77.82472937818983,77.7019444804414,76.97434119372618,77.57115573840869,3190
2041-06-28,77.22762572953474,78.15263676298989,77.3013091457772,77.40783195681439,1489
2041-06-29,78.58247104333364,78.81705722660989,78.10868196799271,78.40904569063679,8127
2041-06-30,78.53948977657562,78.67982980533537,77.31814298273032,78.25525998207888,6314
2041-07-01,78.1583772845305,78.54607212971015,78.4135562657486,78.4353730006176,6355
2041-07-02,78.3958327943442,79.10810249170208,78.53824237565263,78.70603364762174,3042
2041-07-03,77.88432754208945,79.00627830419975,77.87837242450725,78.20571896138011,6880
2041-07-04,77.41427041406284,78.6766794824245,77.52878269829918,77.77817122417552,5882
2041-07-05,76.85233218466739,78.18615679984549,76.6003192751925,77.17516003847146,9313
2041-07-06,77.00961113426857,77.00433602390544,76.52373491552075,76.73217467152257,6935
2041-07-07,75.47451456324318,75.73649133640278,75.02741405225953,75.30715961686398,4288
2041-07-08,75.0706501611033,75.85094341845634,75.03756916213031,75.57945081726079,8113
2041-07-09,76.45349764226695,76.93560448443468,76.04483810649253,76.60654773788883,9229
2041-07-10,76.33310713079011,76.80250588848637,75.92784099822981,76.68045810740709,2961
2041-07-11,76.23078273668945,76.34646100512565,75.8328718740673,75.9723236777368,6105
2041-07-12,75.51604176543098,75.86106750186623,75.50779986935297,75.65093548628681,4836
2041-07-13,74.95816883692817,76.02647957810791,73.97017193252746,75.42149706377432,5834
2041-07-14,74.96375419549881,74.97009908598491,74.68345543704616,74.91270467516763,2026
2041-07-15,75.52474362680462,76.09419685001775,75.31371513851313,75.34279599436522,6928
2041-07-16,75.46181648658136,75.84799329366695,75.66151203871468,75.74792601655288,9863
2041-07-17,75.09072534463962,75.79449096419393,74.56116919692433,75.17020011964405,5125
2041-07-18,75.26202199647572,75.6361488227635,75.2507998653905,75.5327406418678,1627
2041-07-19,76.66936119129207,76.63585675412789,76.25657446052104,76.29614697365643,6286
2041-07-20,77.11801863520964,77.39271625020848,77.2082692345565,77.24742607627121,4160
2041-07-21,78.46348062863548,79.22082245199658,78.63281042506487,78.6800320878142,4767
2041-07-22,78.21363811493785,79.02375923114495,78.11842949813398,78.2290357630926,6841
2041-07-23,79.57888117730013,80.90514827080045,78.77151815333144,79.6411459762902,7425
2041-07-24,79.67059080019561,79.88113982897269,79.04553127885033,79.4640427820358,1974
2041-07-25,79.53262422212421,79.31935309290157,78.7445878669376,79.16781005434555,9580
2041-07-26,79.69843321709122,79.56151015097521,79.26233014305016,79.33134624178447,6024
2041-07-27,78.92574336656021,79.86549282681523,78.39736311440531,79.04031557473796,6452
2041-07-28,79.33137173500552,79.73088384846133,78.35011334892617,79.23983764506123,5714
2041-07-29,79.0263490242797,78.64497765252112,77.72955183187938,78.57979905119257,9603
2041-07-30,78.91852239267337,78.5028668709242,78.44530033632354,78.46042275016086,9598
2041-07-31,78.84044202093364,79.29202307055174,78.96675727475868,79.1032138673417,9188
2041-08-01,79.25235678661912,79.29652108507017,78.3209182085304,79.07468322162612,3024
2041-08-02,79.27244278682761,79.314778331554,78.74418543278698,79.14548111499606,3669
2041-08-03,79.66102668068812,79.47993807567046,79.32497907864763,79.38311041735471,4578
2041-08-04,80.34152650236489,79.99631111867673,79.87136143416605,79.96844123201355,6949
2041-08-05,78.82853607313056,79.47321042078102,78.68205241674787,79.14082887591883,4119
2041-08-06,79.22588741032718,80.55275223511966,79.22664758014687,79.43309090183755,4261
2041-08-07,79.57130395910895,80.07118807570228,78.8799093540217,79.29902133221667,8790
2041-08-08,79.42674950632758,80.48458130531274,79.31869133800961,79.38234027987258,7212
2041-08-09,79.24414300248702,80.45189627320602,79.65534741427224,79.91231536475377,8497
2041-08-10,78.81533730640412,79.42860243737293,79.09718738002466,79.31522203904785,7638
2041-08-11,79.00767176071601,79.14520626387123,78.69870196476333,78.80889981832631,2542
2041-08-12,78.09291811524089,79.33881828386922,77.81678614927908,77.8411848384694,8737
2041-08-13,77.16175905630344,77.58066752955843,77.11419430802782,77.56660536758751,8669
2041-08-14,78.56157180841527,78.62801905948479,77.99169239601483,78.23182153977692,4347
2041-08-15,78.1123837462127,78.66878700355443,77.56233764416977,78.17152794554019,9609
2041-08-16,77.19472325877638,77.85013032696152,77.32177245905254,77.50146549771279,6539
2041-08-17,77.09053735841071,77.40904376890278,77.01986119892591,77.25862612542527,7041
2041-08-18,76.14787230586532,76.82276933812628,76.12285429916177,76.51469527367996,2184
2041-08-19,75.76732892780005,76.14843954957742,75.94833290758558,75.95210222281437,3048
2041-08-20,75.58584228667965,76.66242495331045,75.81910507576383,76.14651167794624,6186
2041-08-21,75.53742513009378,76.00420109602867,75.05241649142782,75.55957501479321,8714
2041-08-22,76.29202777377326,76.33308062840905,76.04419903577995,76.11589216739486,9354
2041-08-23,75.6761045317421,76.14613970861608,75.73070041828774,76.0803320219797,1314
2041-08-24,76.12823545513885,76.36892262774721,75.51294254741386,76.12312937395197,4680
2041-08-25,75.7425472816951,76.09095008499844,75.55338895111251,75.98394289014801,9716
2041-08-26,76.57100706002915,76.72253610999367,76.09812826353195,76.37036680941988,8445
2041-08-27,76.06762462591871,77.20105375238587,76.13959948979645,76.76194675330838,1592
2041-08-28,77.14304058367918,77.80033223919753,76.64400372951815,76.92947392926447,8082
2041-08-29,76.66654150298238,77.63902330742548,76.57609835707918,77.21186848221829,2737
2041-08-30,77.04284154339106,77.22151162600309,77.04008493600975,77.10582364725808,4322
2041-08-31,77.1642497157678,77.38826391345629,77.36233482037377,77.37692515071261,1730
2041-09-01,77.09977538493305,77.54303154988473,76.96195975697061,77.20798626297571,4692
2041-09-02,76.75028484702366,77.66511390955105,77.12849034113384,77.2091020740569,5219
2041-09-03,77.5698214915279,78.06175438351906,76.58366665637547,77.07178019937376,4142
2041-09-04,76.45720200643106,76.93625190750502,76.50781804701458,76.84317092971416,4496
2041-09-05,76.13631894906054,76.54078554695236,76.20649992741639,76.49861503085326,3959
2041-09-06,77.27090625830836,77.15718821033488,76.1406206905226,76.73246008278271,9519
2041-09-07,77.48457353001214,78.32068291679116,75.94448900833177,77.38776303918944,7710
2041-09-08,77.59703706798604,77.98754849524343,77.44768791988712,77.97331402502422,6083
2041-09-09,77.30639505428034,77.83454926978526,77.08651707545606,77.3450313570515,9646
2041-09-10,77.91891404196919,78.3112098813555,77.40747699555632,77.98963288275493,7817
2041-09-11,77.32425838067358,78.44383392189695,77.35668857557891,77.83055363194597,9928
2041-09-12,77.9034413613133,78.22382294456865,77.8803558843691,78.13092013951876,2974
2041-09-13,77.66989825993257,77.70815519009611,77.58067707117716,77.67781247349515,9293
2041-09-14,78.12872780218343,78.2031285713899,76.90841279240253,77.74880243043216,5033
2041-09-15,77.8490150689128,78.95374465990609,77.28492247891036,77.90566402188061,8903
2041-09-16,77.12926806363659,77.40270981642476,76.94408837650722,77.16336162592079,6350
2041-09-17,77.22294520780483,78.04432488480617,76.96437787145764,77.46749520909289,6993
2041-09-18,78.46922994737452,78.18727337254735,77.79801050311453,78.14046271301204,7714
2041-09-19,78.32383526562151,78.50706905902346,77.72772924179975,78.05313874017122,1808
2041-09-20,78.97002323747968,78.74192993008434,78.70083957710537,78.73322280558523,2241
2041-09-21,78.6719277183799,78.88117301888103,78.43502255117592,78.63837605885902,8086
2041-09-22,78.58359625581123,79.49892362154891,78.91872075259964,79.06316832438233,4732
2041-09-23,78.2798843110597,78.69772756460856,77.54317917985665,77.9538833414068,2392
2041-09-24,79.18047115544486,79.44412774502275,79.16084110359674,79.16327223106353,3186
2041-09-25,79.8184238972391,80.43485213812382,79.3058753437283,79.91100135368501,4414
2041-09-26,79.90322632012595,79.95126891779576,79.66115396965016,79.76868860155817,6142
2041-09-27,78.84990099938466,79.19508610710065,78.29250462058823,78.78264408823625,8738
2041-09-28,78.60589887432043,79.36318455222762,78.9214771513685,78.926658272389,4672
2041-09-29,78.1084561404063,78.4504007071969,78.15170935972233,78.20469549885212,2733
2041-09-30,77.85589442990617,79.10036256540887,78.38610723399266,78.42712226763086,9305
2041-10-01,78.6587131175927,79.41277610085498,77.99257734677188,78.63290512721301,2904
2041-10-02,78.56124187290233,78.73573634257153,77.75955255234997,78.16220354271199,3587
2041-10-03,78.18400251327864,78.84755508845109,78.00721656020833,78.72268705451918,8406
2041-10-04,79.16406282686572,79.3409463061649,78.35829089882313,79.12547440592228,2308
2041-10-05,79.81392963470492,79.961901809249,78.24267754415197,79.61338607456656,8571
2041-10-06,79.86272202151834,79.76023477407873,78.54230273997474,79.617814926401,8864
2041-10-07,78.68619596469789,79.48053435912685,78.76640013616571,78.91005289294415,5747
2041-10-08,79.06831981015021,79.62482026569181,79.30420516072397,79.39898902904972,5551
2041-10-09,79.08768773994505,79.42355955444134,79.233795209995,79.26380332948182,7822
2041-10-10,78.92617456687333,78.82634384785308,78.37631054146541,78.5689132578855,4284
2041-10-11,78.73206624727547,79.4249210276631,79.24480134023923,79.24493294087266,5507
2041-10-12,79.92984660260836,80.5006938514892,80.22793910670528,80.2946367011239,1910
2041-10-13,80.13638179127658,80.97224548686218,79.61955348195622,80.27401263663431,2979
2041-10-14,81.06087184856231,82.39215304358638,81.07077517406053,81.35357321393596,1550
2041-10-15,81.38672875761742,81.79785672751164,80.91982865105625,81.39923057824163,6733
2041-10-16,81.63336040798708,81.97853008694369,80.83866566899059,81.20900262615845,4542
2041-10-17,80.53262786502323,81.50793725433793,80.63171989747404,80.89377339906571,4181
2041-10-18,81.66840475011276,82.03082740799852,81.43967774027148,81.71231460306208,5871
2041-10-19,81.31976737154805,81.93107835117144,80.92617344918712,81.3222426623682,7953
2041-10-20,81.5895014427853,82.03751193090007,81.61109101674417,81.6898773173557,9634
2041-10-21,80.93676790700172,81.59238043139729,81.29945866376353,81.41029539982608,2358
2041-10-22,80.98879436188584,81.67973547001974,81.05568545982244,81.1801420185389,3893
2041-10-23,81.50481596005875,82.32176674410789,80.48120783704749,81.69526686552369,1915
2041-10-24,81.69529962907029,81.59898918612465,81.24189877591171,81.50524844237901,4644
2041-10-25,81.42872454197841,81.90489422775445,80.94626413160606,81.30285075266886,1543
2041-10-26,81.40368437639704,82.3999895877181,81.8580474798044,81.86925310125628,1644
2041-10-27,82.55181084046204,82.7257621430778,82.02535853293921,82.66795174786708,4832
2041-10-28,82.84022008705406,83.47323246663674,82.50798102191317,82.99029664950919,9214
2041-10-29,83.2493203468124,82.87618140671049,82.51361168192552,82.66291176169722,1143
2041-10-30,82.49530146613891,83.15267930999016,81.79681976671766,82.40760751204843,5679
2041-10-31,82.12433361820929,82.52184285136875,81.34455891308295,82.44756514391845,4296
2041-11-01,82.37499079810078,82.67310570587406,82.0814438776374,82.60803017488128,2071
2041-11-02,82.00053360005276,83.12314558622913,81.67435146416852,82.11409721981138,7548
2041-11-03,82.58432646221878,83.06941674829,82.09095913917402,82.47561618960133,7909
2041-11-04,82.66384913826978,83.11399045201149,82.4504594371342,82.51837285442112,2552
2041-11-05,81.72066348790949,82.1959474940583,81.20942821341797,81.66051869510206,5336
2041-11-06,81.13312588018081,81.62321412345858,80.57640336323486,81.1960554538717,2970
2041-11-07,80.90319101978875,81.58986504241217,80.68288984471015,80.94399111704585,7210
2041-11-08,80.86887150470109,81.04784975560463,80.70491700005813,80.90756227262533,5873
2041-11-09,81.31732870119156,82.14366641817696,81.2798769482678,81.85220167037733,2028
2041-11-10,81.95289983695405,82.51857396905743,81.95409635829921,81.97128732344714,5077
2041-11-11,81.37772516175951,82.11732248435428,80.44072548143458,81.55090137849783,6878
2041-11-12,81.16536771441599,82.21387373139805,81.5270434469329,81.66121678065142,7191
2041-11-13,82.21053768033542,81.5074239480841,81.20178556630587,81.48517290692448,3381
2041-11-14,81.74094310848739,82.0056492834979,80.96833740413763,81.64755202669124,1135
2041-11-15,81.94176684769255,82.03351699726487,81.63079371264779,81.93783587020906,5614
2041-11-16,82.43111279664228,83.01356620260493,82.28261134356303,82.54245119382102,8650
2041-11-17,82.74937468358061,83.04248384091599,82.48819406477922,82.53030794598601,4359
2041-11-18,83.00109813202383,83.56462627332323,83.25594664226861,83.34978820978593,9533
2041-11-19,83.70998825347118,83.96148598911772,83.39555266319692,83.80379954105402,4349
2041-11-20,83.1644285038457,84.10446892089091,83.38910628191212,83.45007976864792,4801
2041-11-21,84.77147645762356,85.04748265302509,84.4957346557263,84.55500760152216,7770
2041-11-22,84.47048251440141,85.11015923651973,84.12828734821458,84.7185048581572,9476
2041-11-23,84.6313409496612,84.69357028595687,83.9796676838308,84.30094260617109,8390
2041-11-24,85.09761651550517,85.70205142048138,84.27736665832732,85.1273991317863,2724
2041-11-25,86.39863495343364,86.68199587760253,86.07416888408669,86.16628792438553,9568
2041-11-26,86.26973295783701,86.31069288753713,85.26697894561299,86.14977529252575,1052
2041-11-27,86.2157236125366,86.28862901014642,85.55767489342841,85.89795016233795,1327
2041-11-28,85.53120970480255,86.15744087415138,85.47461306059256,85.81176268361111,1638
2041-11-29,86.44081550285395,86.46430939327263,85.72041520989562,86.16912854736997,8285
2041-11-30,86.24928027891644,87.18283439360779,85.9235258483088,86.80805687488522,6699
2041-12-01,87.10623856895111,87.23035627800736,86.40494149301585,87.093300540317,8657
2041-12-02,86.98038556486199,88.00468570736773,86.72236713310511,87.1441621445529,5601
2041-12-03,87.4718056145066,88.38437614994558,87.65578640879767,87.89316802970511,5963
2041-12-04,87.46869315568134,87.95195714752299,87.109421770716,87.73674979317934,6063
2041-12-05,88.060012744479,88.93630397423709,87.35413577320442,88.2522094623628,9750
2041-12-06,88.049212558556,88.55874987845176,87.47583504564201,88.10817806318715,5035
2041-12-07,88.16623464663783,89.13562024835366,87.82183415733031,88.3236895421926,7797
2041-12-08,88.29091605185927,89.09372586781231,88.19501488158629,88.26690825979738,9200
2041-12-09,87.9899346737944,88.50635757076643,87.15343515374971,88.23898216847097,6531
2041-12-10,87.90723159943946,88.14453233961927,88.04076632963515,88.05028890973986,3571
2041-12-11,88.63599610581797,88.92835588749548,88.12984416831523,88.72271592533022,6723
2041-12-12,88.41088177297519,88.6920082089265,87.63693439815808,88.35625290627596,1276
2041-12-13,88.24079096455287,88.90688413466982,87.92258329751405,87.9861367800016,7582
2041-12-14,89.30273246504376,89.05400742193257,88.75574821042649,89.04663356292414,7963
2041-12-15,89.60680254279197,90.17834014210688,88.71558437087437,89.53555734525132,2817
2041-12-16,88.47207640088646,88.36008643667195,88.05810456483826,88.34300049590479,6909
2041-12-17,88.15393120105324,89.11825653108109,87.30087458242531,88.0603711262996,1434
2041-12-18,87.0599838047595,87.40904900568393,86.85564892211295,87.15437645751857,2267
2041-12-19,86.9492060115963,86.77641811362497,86.29344320814387,86.67903111081094,8716
2041-12-20,84.83542944994879,85.56309797059856,84.98380096851257,85.10977377769392,7887
2041-12-21,84.4268353483558,85.18142463482991,84.9721426555898,85.04127898884695,7988
2041-12-22,84.15786126323998,84.61655017323744,84.0750437947393,84.47030807926629,7052
2041-12-23,84.9211969521958,84.68146192450855,84.33871299700556,84.50026070766451,5109
2041-12-24,83.59907013667396,83.80363906575387,83.46743244698081,83.68770007822326,8150
2041-12-25,83.8113947066644,84.20916126590318,83.3842728924052,83.72915600480927,2158
2041-12-26,83.43951286077804,83.9447203701938,82.78533649506124,83.5216978657491,6498
2041-12-27,84.44117394699131,85.14342017665045,83.99890923459678,84.2726743483434,1566
2041-12-28,84.99956657901814,85.46389694840732,84.65653330326262,84.97835277921622,5897
2041-12-29,85.35044797795167,86.07287477309397,85.17522632141522,85.37102558072135,1126
2041-12-30,85.39185219090588,85.68902232742907,85.1147295168491,85.20771869039075,6114
2041-12-31,86.06070550643526,86.37731765112699,86.07612055434535,86.2004088880209,7055
2042-01-01,85.5355145839101,86.03982559316754,85.25527179285051,85.42389124910099,2867
2042-01-02,84.66969543599582,85.01176125685897,84.40121020839791,84.72211193431916,4683
2042-01-03,84.64799250841075,85.1446041519125,84.66509469921884,84.68022038437462,4230
2042-01-04,85.56166018903821,86.02627876288695,85.41091694174486,85.80723943883518,2558
2042-01-05,85.64128329058427,86.06637525973962,85.32578475688688,85.70606998540015,1738
2042-01-06,85.45207459872135,86.75698961113018,85.59774542969134,85.6144473637955,1078
2042-01-07,85.23246823936793,85.5537903306129,84.17307399635412,84.8934921857396,4163
2042-01-08,84.86123547921716,86.01266144360915,84.29880960333494,85.36645697837479,3187
2042-01-09,86.1098230729728,85.95487974263841,85.69409651780923,85.84304510553946,1266
2042-01-10,85.71430540203272,87.16868936946385,85.82284580680057,86.23758270623942,8218
2042-01-11,86.08413706109873,86.27240546003674,85.70744130511751,85.92297236981574,9420
2042-01-12,85.3182999153655,86.03131922189178,85.18180983119727,85.56961898562923,2392
2042-01-13,85.09295453967725,85.00603872616321,84.85646497417925,84.92305786042675,3604
2042-01-14,84.92858640890238,85.15036960321105,84.77579334732617,84.96499411130722,6218
2042-01-15,83.99508443990133,84.51425631113705,83.54883004153132,84.42479044666797,1596
2042-01-16,84.24366775599646,83.8708152198496,83.360924365134,83.83608219404331,9920
2042-01-17,83.85723072854468,84.30410646310649,82.95058838549406,83.62423683558798,8976
2042-01-18,83.53061138509554,83.5919330478557,83.36763486343634,83.37965874799588,2921
2042-01-19,82.91855856026854,83.33950528918169,82.69948901402746,83.1106694835849,3624
2042-01-20,83.58721716604077,83.92647034395229,83.29806674320446,83.34389178200503,9846
2042-01-21,82.99844019660068,83.57780005829495,82.64861999936329,83.38341568308016,2974
2042-01-22,82.5710438310724,83.87027638950384,83.20305663519646,83.2393376678246,8509
2042-01-23,82.86214637122268,83.93432929429646,82.63209946179994,83.33084413198034,4091
2042-01-24,82.5584842005301,82.90300148548208,81.83576984880105,82.83508061142803,9524
2042-01-25,82.66126885815571,82.95739552733234,82.05356436360061,82.88771992338287,9486
2042-01-26,82.83256809915136,83.27968613057031,82.72376893272975,82.96302116980519,4742
2042-01-27,82.09436776974056,82.51992540667824,81.93936931510558,82.21149774012645,3610
2042-01-28,82.51439313262432,83.13270578669704,81.96452069616583,82.70934461731163,6815
2042-01-29,81.63373333304827,82.76095566376694,81.44276029283515,82.26862776469812,9032
2042-01-30,82.37141967458454,82.70569436717469,82.13448205668546,82.31378266430136,4868
2042-01-31,82.81658610853358,83.29246933729172,82.77795361976146,82.89598853456899,1249
2042-02-01,83.1499238380617,83.64334168205579,82.98768929682241,83.35882691342591,8892
2042-02-02,83.79539999512215,83.44175497274942,83.0296734951599,83.37599360771034,1300
2042-02-03,83.12209449690269,83.28243394842978,82.59405723451191,83.1947441062693,6125
2042-02-04,83.68605958029393,84.27366198552785,83.06332573505853,83.66850006055708,5317
2042-02-05,84.24460259499634,84.19270798470662,83.43113851132539,84.0058475494614,7456
2042-02-06,83.24970678677107,83.8816546463797,83.32539899253777,83.69666503943932,5443
2042-02-07,83.29243519983811,83.70122471491561,83.02320947377757,83.29921821593848,9882
2042-02-08,82.50080498129547,82.59269014351571,81.94579154972654,82.26304062509048,7234
2042-02-09,82.31265787512261,82.4581338298609,81.99058384181484,82.34005654593228,9102
2042-02-10,81.9077048974174,82.70067686178666,81.44623346204526,82.29870767342308,4918
2042-02-11,82.72206072726077,83.2657292734835,82.07595277388191,82.86680336074436,2194
2042-02-12,83.10302690120763,83.72034803325704,83.0179272091268,83.04633090748453,1293
2042-02-13,83.08138213752615,83.76306031626142,83.46478128938827,83.71344550457088,3239
2042-02-14,82.95896509208242,83.43101743903388,83.26364076868758,83.3647633906128,3853
2042-02-15,84.52589962487714,84.83923834525645,83.71861720419207,83.9338385560966,9222
2042-02-16,83.81475743484975,83.88989227680608,82.86296160354046,83.66938036654427,5877
2042-02-17,84.5032195656553,84.18602816646448,83.28552662695635,84.05817839744041,6623
2042-02-18,83.58869451162744,83.54316319782211,82.20183124302795,83.32879920117507,9190
2042-02-19,83.5645619438104,83.54852045515825,82.82997471478983,83.44636685085817,6217
2042-02-20,82.36129910845216,82.79246698237557,82.06953693418595,82.45402288013521,5147
2042-02-21,82.43481829947977,82.37511226578235,81.99059180179711,82.32045413716433,8510
2042-02-22,82.975620391362,82.54745759014082,82.42162803873806,82.5406311341033,3857
2042-02-23,82.52780853543797,82.40597379298102,82.27930819992093,82.28014685848774,5445
2042-02-24,81.80497113556379,82.21842785847684,81.0977549872515,81.75492804410976,6137
2042-02-25,82.12628315799783,82.51584627996549,81.97659589553518,82.17798727875773,7373
2042-02-26,82.27575296007552,82.36966682009341,81.86329898319036,82.12625588383426,9905
2042-02-27,81.72185777813176,82.21591880618354,81.79764309276018,81.88147056031893,8723
2042-02-28,82.0519608440204,82.06851737896703,81.50608598747603,81.90241852089606,1609
2042-03-01,83.01136644457004,83.93387022090874,83.06959171815322,83.22075309186886,2504
2042-03-02,83.691328250514,84.08386717642455,83.7754931503868,83.79750451675963,6531
2042-03-03,84.07047971098861,84.94433622343799,84.00724926476043,84.37879135085356,7531
2042-03-04,84.46463559712144,84.89678799314407,84.53977863929892,84.59656451034974,9846
2042-03-05,84.47468884909243,84.86619075877651,84.14004079474833,84.67980714663831,7145
2042-03-06,83.98934061980584,83.9350198929395,83.46169649947963,83.48176600247311,3939
2042-03-07,82.8739271020732,83.5049458496489,83.09782015025908,83.14227582924153,1150
2042-03-08,83.01743921132265,83.57446845572737,81.69972943033713,82.90198862264029,9944
2042-03-09,81.68047789481045,82.27123040485313,81.84937282106628,81.96454259061653,8585
2042-03-10,81.39990350651163,81.86316810352349,80.79789459320651,81.3858346955088,6772
2042-03-11,80.48239108063382,81.02307805481297,80.14609679728915,80.3954164600475,2191
2042-03-12,79.8209234400217,80.7429855877833,80.05767467042331,80.37625454219881,8177
2042-03-13,80.36632708112656,81.2306188059018,80.57246761879057,80.78563752762322,5995
2042-03-14,81.05262282956399,81.47709083017597,81.06451374337442,81.33902478693538,4409
2042-03-15,81.15544595576044,82.09073087831182,81.25088354980747,81.546417017975,2890
2042-03-16,81.08994440795936,81.12523578662709,80.94986092766983,81.06471884737572,1110
2042-03-17,80.1714603307422,80.20151222404243,79.33154278046392,80.09868626811574,7323
2042-03-18,78.90133033180473,79.40054192635814,78.85771444991174,79.22025191841499,1976
2042-03-19,78.62302016086751,79.28423235790416,77.85007777816116,78.58576062978774,8943
2042-03-20,78.01410719663849,78.55007327115507,78.02873106617831,78.1413307807699,5276
2042-03-21,78.03161372170345,78.30607641948029,77.63979335516113,78.06145653177411,3133
2042-03-22,77.36584743582885,78.53739862919458,77.37860018480843,77.55437442271062,2706
2042-03-23,77.87015938928339,77.94555036059593,77.17416775568009,77.72386236954475,2629
2042-03-24,78.09820439522633,78.4690394484973,77.21544668445043,77.60772561814503,6042
2042-03-25,77.8452987387011,79.11825973217229,76.81161398497788,77.61299847401553,8230
2042-03-26,78.60114100495487,78.52781502183895,77.48831947346672,78.18312375035113,8747
2042-03-27,77.17216044831906,77.67268717062917,77.12507428237772,77.59300788325095,4724
2042-03-28,77.59964744171519,78.2272576739086,77.38403348647415,77.80236017239713,6765
2042-03-29,77.96494430799851,78.19593785011507,77.78326062762886,77.7953735581591,5264
2042-03-30,78.08111867013928,78.48348336797791,77.49322277614945,77.62863041767424,5412
2042-03-31,78.26639070617921,78.45887394252611,77.77623689246855,78.07125857810723,3451
2042-04-01,78.20289842977358,78.6963616310165,78.33436165521917,78.51076565538574,1212
2042-04-02,77.90712305694585,78.5092551695956,77.97003311311609,78.03752025739152,1633
2042-04-03,78.046461296439,78.01875378235734,77.2174844313779,77.94643996546256,7017
2042-04-04,78.03764795026537,78.52363045294538,77.60579580528795,78.08704580675459,8913
2042-04-05,77.7109106954278,78.14406894586017,77.6800863772384,77.9505424327433,9863
2042-04-06,78.15597676588388,78.3882445947126,77.86555483982397,78.2430530988872,3170
2042-04-07,78.37931830221446,79.79464923276153,77.7572436351505,78.38364910784233,2045
2042-04-08,78.97445333637707,79.83925570100021,79.2964226360966,79.29992972802035,4289
2042-04-09,78.83014288181647,79.10985449925226,78.14545448623551,78.53479016005545,3600
2042-04-10,78.34168771841404,79.20371511821115,78.22818725318022,78.47357216518175,1876
2042-04-11,77.99754804153243,78.37291524907239,77.76708936765212,78.01932090942566,1393
2042-04-12,78.63189044826237,78.35871545687229,78.17734990114263,78.32137463714517,7700
2042-04-13,77.47528909229061,78.01335747106498,76.9751239897626,77.5127886921224,3571
2042-04-14,77.98005269576731,78.48614369667949,77.27897949193618,77.68594504723484,2768
2042-04-15,77.06216057328567,78.076076984856,76.98761737597857,77.37092083156068,1232
2042-04-16,77.13372667288505,77.27061256719219,76.91116834681671,77.00383989850016,4569
2042-04-17,76.53238750344401,77.17255010003356,76.20442202345973,76.28059079672983,6905
2042-04-18,75.7990924240856,76.05017887198929,76.04674141497176,76.04805282362932,1831
2042-04-19,76.53679221106486,77.88499794746932,76.56752271048708,76.59030308877479,9278
2042-04-20,76.53040607162087,76.65005181227257,76.47314319464422,76.57770874701005,8040
2042-04-21,76.9544407210922,77.1796453311115,76.63299653659355,76.89154895594729,7836
2042-04-22,77.86631035213234,78.42382158751519,77.50228987400645,77.72386986693041,6348
2042-04-23,77.58238579975502,78.49456433424562,77.06986617272811,77.85574765934172,8761
2042-04-24,77.55833141582015,77.83171390637848,77.51056678035592,77.57634787331054,9684
2042-04-25,78.2873694329743,77.88054414062385,77.05706428123155,77.80997398090193,6659
2042-04-26,77.85398894523223,77.79489225774135,77.22003730601693,77.53782590774479,9213
2042-04-27,77.52376771966935,77.69370665203425,76.90178128767106,77.2856145660962,4877
2042-04-28,76.46783428690631,76.60173502571877,76.22027871746586,76.5256681662867,4382
2042-04-29,77.62744615924704,77.5434506780779,76.93041743416154,76.9887969118289,1344
2042-04-30,77.10473988055607,77.68623644404434,75.74007547544306,76.79579562400419,6999
2042-05-01,76.89807040729094,76.91205812898184,76.4004498398661,76.88684474691212,2160
2042-05-02,76.434986997286,77.00000272794463,76.0140269124831,76.3688637826088,1483
2042-05-03,76.44918270104482,77.04973991826455,76.01179496659776,76.58683759746653,5017
2042-05-04,76.32387848574648,76.24682312626179,75.46259490823044,76.20586697839899,2828
2042-05-05,76.31293512766615,77.00850746663582,75.52295797105968,76.13501261754807,7720
2042-05-06,76.78470805853176,76.85845632859092,76.12990353234841,76.57392563316763,1315
2042-05-07,76.91510012162678,77.92822162018292,76.22965306707468,76.96930528928391,5862
2042-05-08,76.51618045173714,78.04934090012593,76.21100131751082,76.95829025302544,3329
2042-05-09,76.14676124052603,76.66482020696994,75.98861913074923,76.07422473667208,5470
2042-05-10,77.78266807348157,77.9789423933335,77.38892903008767,77.57063002170239,3100
2042-05-11,78.14999350473241,78.76096084857267,78.01582857474321,78.44355950683897,1808
2042-05-12,78.7776471458845,79.03537624021176,77.60792638611107,78.80489691928311,5611
2042-05-13,78.83073477605974,79.25143672027961,77.52031618037152,78.42829502848763,9705
2042-05-14,78.01045643021563,78.92154742892554,78.31523041553935,78.37149894763664,3338
2042-05-15,78.01466842781184,78.33903859864633,77.64174153173981,78.09978873274838,9186
2042-05-16,79.17785844667809,79.00119823862444,78.70159808345079,78.73171670229658,6024
2042-05-17,78.91028275395662,79.29333714195904,78.61690562223266,78.8629681477225,5580
2042-05-18,78.3130826700705,79.14799168116511,77.3101770892345,78.47088621854257,2896
2042-05-19,78.23339919104707,78.37936219675493,78.04306748257983,78.23550866898019,8601
2042-05-20,79.04387787994862,78.98797923072165,78.3722221345933,78.79610274026514,3700
2042-05-21,79.53510000312026,80.65195827288437,79.45178549031854,79.59615166367539,8282
2042-05-22,80.53959207990023,80.62170081660186,79.54189689905512,80.3603174454185,2138
2042-05-23,80.80933052554822,81.20147875278823,80.70812103100718,80.73883347794549,1123
2042-05-24,80.70764456664877,81.2899675093051,80.20314988061342,80.61252104354418,2626
2042-05-25,79.19022658418206,79.31700113060923,78.5390545052929,78.99176413087962,2584
2042-05-26,79.05189571789174,79.76525469131057,78.37999700612538,79.14034414278373,4458
2042-05-27,78.85607653749999,79.39037682086051,78.83007845240812,79.13942976336168,5368
2042-05-28,79.35173949315649,79.48173250619149,78.65291358955453,79.20942081152235,5760
2042-05-29,79.19664825120591,79.37236947119301,78.17629791795753,79.23636948503895,2405
2042-05-30,78.43880503629036,78.88427082153684,77.8362142081929,78.57323840406437,2244
2042-05-31,79.00985826928239,79.26302089881855,78.46825660187673,78.85194268248998,6892
2042-06-01,79.55125496386401,79.30165616707842,78.75146515429545,79.1680508395059,1198
2042-06-02,79.46284671563009,79.75483243784429,79.21896789192672,79.50922023053573,3130
2042-06-03,79.98504359388984,80.31976124889982,79.52371953961774,79.98250873232242,6622
2042-06-04,79.93000438904532,80.42212577347641,79.74166339429976,80.28453455478324,2330
2042-06-05,80.01271146649022,80.24355503419612,79.81584322728366,80.07951984901378,4344
2042-06-06,80.11048855911099,80.0684433675065,79.94279062712775,80.04410142505573,6757
2042-06-07,80.08353062907611,80.32139403651554,79.40960785342902,80.08966385868243,4132
2042-06-08,80.0348668333795,80.33843740792445,79.59084441423067,80.14351358323573,5442
2042-06-09,80.86037491226166,80.82424700234802,79.83491393908726,80.6426224112216,7174
2042-06-10,80.98185909130633,81.38801239145255,80.57003516343259,80.96445678773284,4598
2042-06-11,82.77976944303231,82.11432558305765,81.35330832036308,82.00312850751781,2344
2042-06-12,83.16867877691698,83.43385524176452,82.74081658116262,83.10636299746015,5840
2042-06-13,82.32223693296,83.8801986131508,83.11773070706204,83.14618778876712,5928
2042-06-14,80.89425053191688,81.71944925503693,80.37521554723038,81.22786001453743,6919
2042-06-15,82.00591203138198,81.85247128569807,81.2697595398446,81.84627624760107,4311
2042-06-16,81.38309513812521,81.68152425736281,80.61971397518185,81.57608807810755,6269
2042-06-17,81.00097703684317,81.69824757504179,80.35394082679872,81.17534611719203,1428
2042-06-18,80.60435452651153,81.21482659549626,80.450714949279,80.97612347969735,3298
2042-06-19,80.60978221509495,81.44000158052712,79.79277111650678,80.75280195629006,7154
2042-06-20,81.11711518810503,81.09382721245035,80.9136313189803,81.05893686134274,3464
2042-06-21,80.39496968609602,80.43319974781978,80.25578756584822,80.27921897177964,1576
2042-06-22,79.4343899034345,79.87178313196402,79.28621881899234,79.74035859888383,9741
2042-06-23,80.15355970997749,80.64880666502063,79.76721396863385,79.91193787598255,5552
2042-06-24,79.86599916424771,81.46649317504988,80.03680080150086,80.22340989118919,6039
2042-06-25,80.67556754635457,81.10420903260709,80.30145390296435,80.5441807136572,5375
2042-06-26,80.25177660658156,80.54623939937267,79.36726359544805,80.15066257419055,9995
2042-06-27,79.38122229404709,79.88991513840766,79.54505886349732,79.66152974955743,4219
2042-06-28,79.09221767483828,81.07616310739802,79.36225392162874,79.40821233266347,8722
2042-06-29,79.64283584098729,80.17009310044097,79.30922561924949,79.52814870880583,5194
2042-06-30,80.1029226378613,80.78410444876005,79.76997999566092,80.27088739344211,1851
2042-07-01,79.19001899696377,79.50101478974842,78.79690337391003,79.24716880055674,5722
2042-07-02,79.34300516745198,79.22210075447258,78.8276159618242,79.13680442207755,9765
2042-07-03,78.61420634993424,78.67417421889094,78.02963337736043,78.47046520156495,5721
2042-07-04,77.36956050835984,77.96405788398448,77.48078578474289,77.6443438628882,7907
2042-07-05,78.11174842847157,78.57424246272026,77.91158239893743,78.12782218556062,4993
2042-07-06,78.11971991224243,78.80806122784954,77.97331044950317,78.40013447281028,2550
2042-07-07,78.88583291577082,78.75131483289049,78.1564412089968,78.62485123078392,9825
2042-07-08,79.54631920993393,79.29332548017821,79.06986626582146,79.08536415064941,8698
2042-07-09,78.59197610770832,79.39088156017746,78.66155421260271,78.84550470226634,5983
2042-07-10,78.61983581290967,79.00469934750909,78.44995087905285,78.62918594409958,7600
2042-07-11,79.99728955586019,80.16978136429827,79.56820044219388,79.72205125246086,7586
2042-07-12,79.60602902782956,80.01737046869542,79.01608567540937,79.59876572533108,7542
2042-07-13,80.13478336807225,80.32823149008033,79.46826520401515,79.96633178185812,7329
2042-07-14,79.98500445179306,80.22673093316804,79.40557978601606,79.96952255233978,4636
2042-07-15,78.72835217493444,79.50063935327242,78.68255112987528,79.04539328730057,4995
2042-07-16,78.0587562905533,78.60370101164013,77.81789762552577,78.02307878539995,3013
2042-07-17,78.0717717671999,78.27226658036113,77.16639140774438,77.73358667542999,7785
2042-07-18,78.35592492220725,78.39207270188793,77.65360404180178,78.26163730126498,1657
2042-07-19,79.14288541471974,79.4978683327533,78.27120063106862,78.65578312958299,1244
2042-07-20,78.58137055398858,79.87354275772775,78.26861811957278,79.112821711695,6113
2042-07-21,78.7330128571189,79.5010006451861,78.29027992663062,78.61929862222684,4764
2042-07-22,79.23283247173303,79.60796703186972,79.16384043157618,79.42723486728799,9327
2042-07-23,78.68209886885707,79.13452784520067,78.4033498199188,78.9447882171948,9396
2042-07-24,79.4515259991013,79.14861982602258,78.97505097988156,79.05120041652978,4732
2042-07-25,78.96952277826911,79.39456372797626,78.36885424808,79.04602427157592,6979
2042-07-26,78.85362378301863,78.99525186206978,77.85322218622052,78.95908736141863,5651
2042-07-27,79.7314561961021,79.99719656320185,79.11430256093334,79.62838343056643,9006
2042-07-28,78.63007263456956,79.62635993597304,79.22855269287216,79.27582817048345,7392
2042-07-29,79.0074853245926,78.84446851777778,78.25137060586931,78.6010255426275,9163
2042-07-30,79.18235237996494,79.06180603338245,78.60348767608959,78.6110232857307,6281
2042-07-31,78.68564395209411,78.79520703609019,77.49311073659992,78.41110991858744,2220
2042-08-01,80.22339830030018,80.78619700300196,79.77248867102274,80.09980137812876,9897
2042-08-02,80.37308248820631,80.69002045632942,79.96225931852214,80.43805511634875,3606
2042-08-03,79.91082113310478,80.8891858436014,79.89498930782399,80.23338482873943,4283
2042-08-04,80.06354818886571,80.12829586419737,78.80849332782616,79.70532904414588,8894
2042-08-05,79.04008732584217,79.13100147145512,78.20410996743418,78.7651848388615,2316
2042-08-06,78.387610172468,78.34953626923355,78.03213289527196,78.25257529599278,4151
2042-08-07,78.41013484870686,78.49544439877212,77.90387470664668,78.31004618187235,1118
2042-08-08,79.11388823182932,80.13778772434456,78.0776537647168,79.02371050766973,5693
2042-08-09,79.4267740629269,79.66581906120183,79.22046322231894,79.5845550788637,7718
2042-08-10,80.44945314306642,79.86671166779557,79.2292903365858,79.69910249468688,2908
2042-08-11,79.45183159967894,80.00940305423529,78.417645067992,79.53751866183563,5085
2042-08-12,79.5439135819982,80.13421377297315,79.28930646315203,79.67192484004173,7378
2042-08-13,79.74878773491298,79.52924963207813,78.7005690199659,79.41260584129944,1426
2042-08-14,80.26302610745407,80.35235158252438,79.28678516095836,80.27178783918137,6735
2042-08-15,80.17149439396798,81.18920701673346,79.51403364011404,80.17719274854383,6881
2042-08-16,80.55839463104441,80.18390395707759,79.63049929561429,80.13402381942046,1639
2042-08-17,79.22969718057524,79.24695765912438,78.66813923721794,79.02611260691013,4765
2042-08-18,79.14722074768103,79.25131967779575,78.43359291227007,78.92839518364875,3763
2042-08-19,78.9213241043734,80.21003885398459,79.194018116505,79.34663725263121,7692
2042-08-20,78.93293801769467,79.22358384023053,78.7226932772474,78.81277596411195,8618
2042-08-21,78.13573341618708,79.61144999541595,78.33637234364657,78.43741579686554,1145
2042-08-22,78.6972731037089,78.83663272618483,78.65997192024497,78.83377130573237,4130
2042-08-23,78.14813507484219,78.19787301110904,77.982275485778,78.09544269397334,8570
2042-08-24,78.61348025712164,79.74432579386003,78.56728016056476,78.62434319774431,6772
2042-08-25,78.55453674446638,79.27409686701456,78.1064921899514,78.35827125265774,8133
2042-08-26,78.39519703796464,78.61453878590433,77.98807734747247,78.16398714241215,2457
2042-08-27,77.85573809163414,77.67009616919019,77.44512642389708,77.60204793984936,6490
2042-08-28,77.38781078712125,77.88983573879788,76.8421281512212,77.7910710700633,2607
2042-08-29,79.72980454118904,79.29577935798301,78.83038158774113,79.02100706257798,2073
2042-08-30,79.40438202167553,79.45224963700937,79.3196729234058,79.4117556823083,2522
2042-08-31,79.3434930574382,79.60939441577291,78.86020088836952,78.97961305133803,1535
2042-09-01,78.79312948974899,79.72601978358124,79.0652055219264,79.54742334408377,7212
2042-09-02,79.30948493118753,80.54982624215543,78.84329099452805,79.38908357111664,4079
2042-09-03,79.63812143252915,80.08921073976906,80.0245378009429,80.07632606183043,1760
2042-09-04,80.2212546519249,80.7798426100444,79.22575124488507,80.4796642629126,9399
2042-09-05,79.02326020565188,79.51623745155506,78.87232752181554,79.00809348017674,9099
2042-09-06,78.40562883214297,79.38370919901587,77.96969014864953,78.50605366369922,4263
2042-09-07,79.37245137725625,79.1437723594921,78.61517505694327,78.97824627511693,2997
2042-09-08,79.58477251028144,79.74943787576015,78.96565610354678,79.05407491118943,5005
2042-09-09,78.2521466735159,78.70025507765071,78.2777441501437,78.5421969373355,1025
2042-09-10,78.07907262997824,78.70846544115314,77.79570108072176,78.2254021795886,9698
2042-09-11,76.96295739807428,78.14523568563672,76.78654087040987,77.27228386954391,1860
2042-09-12,77.57486727960595,77.48848544814771,76.70546788085788,77.22809722578072,5473
2042-09-13,78.38115517020573,78.3356613500935,78.18695944185706,78.3334420887886,8683
2042-09-14,78.74560813514347,79.07949752170408,78.58173297377168,78.73590878415476,9151
2042-09-15,79.92485720796716,79.96822480231405,79.40521752622966,79.83111728474897,5160
2042-09-16,80.17896456232917,80.30692553361472,80.19447320116514,80.27231582964396,4981
2042-09-17,80.52911449356935,81.4492729149743,80.31858158258632,80.7860555013203,3850
2042-09-18,81.78841127133005,81.90836321377346,81.51219890773824,81.77309484519282,1596
2042-09-19,81.88162396535269,82.27335418659315,81.30425361754247,81.96172647486392,3019
2042-09-20,81.9722200372929,81.92949852695389,81.69831006251457,81.86811281411049,7422
2042-09-21,81.89484800186543,82.83560445298669,82.25805574259255,82.3844415724215,6907
2042-09-22,83.16726926579642,83.30318920291583,82.5548840218771,83.11136169098243,6977
2042-09-23,82.66460556788533,83.31044752866904,82.8013578337704,82.87137936962634,1168
2042-09-24,82.55598630968039,83.17018080737238,82.03308808340029,82.51059482845632,2923
2042-09-25,82.85154972748299,82.65861209463684,82.30267732042682,82.58002284467176,7506
2042-09-26,82.82889795280303,83.25788650218989,82.72162077768971,82.9957722781376,8654
2042-09-27,83.75383395719942,83.56297870727921,83.22885120735333,83.39481780246837,7227
2042-09-28,82.16050522687168,83.04180283175593,82.17228106061212,82.68273400237456,4309
2042-09-29,84.10168568506263,83.94623319878366,83.46045183125523,83.63853703590623,8625
2042-09-30,83.68950278691219,83.84448943000527,82.45304183124276,83.3179545712078,8873
2042-10-01,82.91944518199038,83.25952355707746,83.07802848853007,83.18542207276352,9700
2042-10-02,82.4706272691351,83.08545842548325,82.50735669044757,82.7340948927696,5076
2042-10-03,83.63477252481138,84.09208021510565,83.27994645138173,84.08325931073814,7984
2042-10-04,84.48070828351833,84.89375026738297,83.76174346652193,84.20429464588213,6117
2042-10-05,83.67968386173669,83.92570044967871,83.16351288545268,83.77880710554135,1873
2042-10-06,84.08963791050493,84.50724428523515,83.8174103281681,84.21076888052258,4842
2042-10-07,84.25849228135601,84.97145403844132,83.75890545167135,84.5953367701776,6823
2042-10-08,85.04506542671828,85.01468294695495,84.39662368128104,84.50147325838765,1181
2042-10-09,84.62994833588436,86.08082774501123,84.6560114332452,84.92177661477933,9198
2042-10-10,84.51638047598148,84.90486445562034,84.25637095141406,84.50913063436391,5760
2042-10-11,84.327462409807,84.85361848407528,83.4857730236693,84.26267149688928,1407
2042-10-12,83.13796181475355,83.34533429152381,82.93128671762994,83.25756316960624,7405
2042-10-13,82.41532041280894,83.03334015241867,82.48564814511731,82.59558762749647,8356
2042-10-14,83.38862459701977,83.54509786635694,83.32901870561977,83.4994030303318,9058
2042-10-15,84.48971734401887,84.8467205422143,84.28243372417283,84.32011734419297,1825
2042-10-16,84.24889452201387,84.40730374940763,83.10085326745903,84.35301166851744,6740
2042-10-17,85.67214109830223,85.4835235285011,85.16907183451372,85.18447739211237,1095
2042-10-18,84.87132854306714,85.30795606228124,84.67708482250468,85.10444014880821,9590
2042-10-19,85.20896702332536,85.28636250640172,84.4054863840777,84.98273499752426,2261
2042-10-20,84.48407070820667,85.593345714377,84.38466781810051,85.01099032175703,7023
2042-10-21,84.71545201364445,85.06864483698047,84.5189022721062,84.94852952409525,8700
2042-10-22,84.5960437124914,84.8549052479543,84.5091378827156,84.84093136231516,8980
2042-10-23,85.08145635594084,85.82730237850308,85.07278475126063,85.41263041588994,9920
2042-10-24,85.57273999504471,85.91574865658664,84.85435187457645,85.48769824286803,6090
2042-10-25,85.8108829670073,86.32129404193141,85.54133932493403,85.84393912508494,2656
2042-10-26,85.67598107236773,86.4929155301881,86.04425695434183,86.3596293877236,9999
2042-10-27,87.15238291732673,86.79966201295821,86.34100946593153,86.55372228555098,6469
2042-10-28,86.12139148089999,86.47025761024209,85.81894515217382,86.06858662259685,6470
2042-10-29,85.39250688446955,86.30738791561423,85.1190210556086,85.39215367811484,9958
2042-10-30,85.85957965009759,86.55254060026564,85.3324696535469,85.46654399551849,6130
2042-10-31,85.67757410992347,85.55776836423381,85.03782406485367,85.38091584310602,6241
2042-11-01,85.33515956939654,85.47047103244026,84.96333839334204,85.42461155756608,1381
2042-11-02,84.83083062003143,85.51050594797368,84.18953941240972,85.41658453794179,1294
2042-11-03,86.87768706161071,87.26212098808415,86.35492528146501,86.70837136802507,1054
2042-11-04,85.75440438777981,86.69608102112443,85.96046298778568,86.04325824020441,6963
2042-11-05,85.42006444287067,85.93691700463867,84.74324598328685,85.04828510529384,9834
2042-11-06,84.98162442327434,85.45247892208647,84.47889714106613,85.21447352205365,6546
2042-11-07,84.89070217620255,85.67967291534012,84.00797309534188,85.02626224475955,1079
2042-11-08,84.78134185123272,86.06343225856216,85.15842450552005,85.18429617962452,9831
2042-11-09,85.09754908246568,85.69636170587172,84.65184470790155,85.47623769076652,6370
2042-11-10,86.0855674241463,86.5299648075373,86.04901133014049,86.11829003835598,3343
2042-11-11,85.30399926961613,85.48533782213293,85.18400943481824,85.364677128164,4906
2042-11-12,84.94355339517917,85.2308068083685,85.0741342579875,85.08631817923542,5834
2042-11-13,85.91660229587846,85.56325528011871,84.21109625272142,85.3006988086758,1898
2042-11-14,85.86702451635539,86.20688690860815,85.30997849319286,85.68593060651942,4998
2042-11-15,86.78572837854149,87.35675902764947,86.31586775581343,86.78265538166362,2512
2042-11-16,86.43330964213962,88.17988461767659,87.2464554152695,87.26050736722054,2820
2042-11-17,87.4798435378857,88.03495812318782,87.06589461369994,87.2321130692774,8293
2042-11-18,87.6852560822403,87.22455697660159,86.25872575951665,86.78689519280607,3815
2042-11-19,86.44836518978995,86.54115116362772,86.12518195527528,86.50475026644656,3021
2042-11-20,85.96524509802836,87.06380312702517,85.79949445639583,86.20839885496801,4250
2042-11-21,86.58501306564723,87.15247496256363,85.78054278555486,86.5360156692249,6199
2042-11-22,86.23509177222215,86.83288590704176,86.62644761509792,86.66451439201781,5192
2042-11-23,86.1413077698767,86.40985951388066,85.96161167685155,86.00268960659672,1029
2042-11-24,86.23480456123268,87.28333801791108,85.78422792095016,85.7847388720515,1993
2042-11-25,86.02223331861691,86.27609263970282,85.84119033994583,86.22351264877722,6794
2042-11-26,86.20775159143446,86.71566795198426,86.08678751732872,86.39934382626424,2286
2042-11-27,86.65975738565152,86.76987606031632,86.11944280408606,86.68366613427062,6185
2042-11-28,86.72476121972994,86.99840303704792,86.65458418179888,86.87512698929926,7879
2042-11-29,87.23464719424096,87.95061072610375,87.20996931831506,87.6883423566037,5948
2042-11-30,87.6907925807405,88.02717642242298,86.83101544130582,87.80636388851588,6904
2042-12-01,87.43724972378813,88.24055301944429,87.15614428852443,87.61335248958054,8437
2042-12-02,87.56544142801404,87.4882419025181,87.07682543293366,87.15547496901375,9787
2042-12-03,87.62689211375461,87.65940208619601,86.96431383894138,87.2802796981186,2940
2042-12-04,86.47912158330514,86.93736311650218,85.70510258814265,86.05992769073106,7831
2042-12-05,86.20830069032372,86.4193669858121,85.67320297034938,85.96778318981471,3361
2042-12-06,85.92659813329836,86.87085394270689,85.82850947848588,85.86486325985403,6574
2042-12-07,84.92030542481207,86.04829012248355,84.79031387656622,85.18262783304539,1156
2042-12-08,85.11632960201304,84.96798428524534,84.71828531174455,84.7184949137174,3952
2042-12-09,85.22766050981478,85.26675560020118,85.09235516803268,85.12332367879151,2230
2042-12-10,84.86427044900847,85.90131135489268,85.12624937138759,85.23867955332899,8579
2042-12-11,85.01541326252628,85.31838510176246,85.03989530410529,85.28957372018266,2189
2042-12-12,85.0636239325296,85.56602429093665,84.9956270514887,85.44274748714867,8694
2042-12-13,84.87345259293815,85.77885190511553,85.11786024720104,85.48906128112313,5600
2042-12-14,86.22704921803702,86.54594197278625,85.08785260371926,86.11049256255228,1543
2042-12-15,85.80084454185435,86.24191473307732,85.86692500420949,86.17220715340412,2575
2042-12-16,85.21631701224551,86.04282372547242,85.193893435591,85.44310059649473,6889
2042-12-17,86.26981746752627,86.29946083736964,85.80583992437684,86.25816557893194,6864
2042-12-18,86.38696783543018,86.50825387552106,85.96686308224055,86.44333571259637,9483
2042-12-19,85.93467629480038,86.55084280792354,85.74121540504377,86.14870884719883,2433
2042-12-20,85.97768669196984,85.60452830632018,85.11713964479029,85.52200798805131,1612
2042-12-21,85.26196875100463,85.79923992511016,85.34000810158403,85.71996509853034,3640
2042-12-22,85.21636925153804,86.24910610221274,85.48679990414952,85.66137909604316,8288
2042-12-23,86.58580566133593,87.25126919059076,85.91857688162618,86.44845248905936,8678
2042-12-24,86.08765895942075,86.31352330257447,85.8855561715599,86.27549884872595,9922
2042-12-25,85.65723412094415,86.23693965373646,85.23997262613008,85.85680845388471,7377
2042-12-26,85.98099575365889,86.73958759209083,86.16822789824933,86.30470656300268,9409
2042-12-27,86.86880786530418,87.14430354195716,86.66842754224758,86.76734750936109,8506
2042-12-28,86.91936275555013,87.1056131157005,86.80076997455306,86.85167319316619,2770
2042-12-29,87.22558864960568,87.54176834603838,86.99194979992284,87.18985171700365,6696
2042-12-30,86.99612108023622,87.61374344810257,86.96137818294703,87.17100815663252,9437
2042-12-31,87.06263182611376,88.05300617150881,87.21055010513227,87.28794070713715,1403
2043-01-01,87.82150799684756,88.7380915002155,87.36936695937419,87.87043614841912,7112
2043-01-02,88.47305725820083,88.82103081538082,87.67908428459653,88.18309531542987,3080
2043-01-03,88.56890591570452,88.11519550142701,87.91918334644436,88.09845809626356,9460
2043-01-04,89.10804596313558,89.11222156972079,88.57590429936712,88.77463936922663,7442
2043-01-05,87.74393288539966,89.08022791983562,87.08951345092868,87.59221168283086,9304
2043-01-06,88.9129011903934,89.27961975448173,88.1561409920845,88.61824833854183,4912
2043-01-07,87.4106880301303,87.83082488918569,87.59803208188067,87.76526879109647,6623
2043-01-08,87.23759129633459,88.2356085525052,87.33839127721225,87.45172237871031,6101
2043-01-09,87.58858316282304,87.48173709625758,86.767499448128,87.43126361111278,8715
2043-01-10,87.32257501563417,87.90428598308792,86.32220534844265,87.3580232757487,1205
2043-01-11,87.96248070960789,88.16094930341512,86.64769509798454,87.86122879576199,2909
2043-01-12,87.62615004376403,87.88184701773385,86.94211119725469,87.33231048645686,3644
2043-01-13,87.70990238052765,88.14581720989696,86.84965070461385,87.4626938951984,1039
2043-01-14,86.84629879306867,87.38059046365773,87.12768115421973,87.17358784608852,7539
2043-01-15,87.3247116275868,87.783504451019,86.51927353935068,87.32115833575723,4676
2043-01-16,87.01252543129988,88.14756230838046,87.1206556626581,87.2887722058583,4968
2043-01-17,87.10204462060776,87.65492145394309,87.28535894781608,87.33524003219978,8951
2043-01-18,86.54701691444163,88.48378241044642,85.81064284615832,87.0602776159676,4059
2043-01-19,86.84532577362593,87.03905040762818,86.36594265420622,86.80524564091957,3353
2043-01-20,86.41344952719366,87.31121900377443,86.9386215631458,86.94888189793328,7998
2043-01-21,87.53897962246695,87.49215297010888,87.3214065244593,87.4207396508113,2007
2043-01-22,87.52913426700722,87.81077859442367,86.51418312674369,87.12159998371239,5027
2043-01-23,86.84631704712007,86.8702760561136,86.32283044708778,86.68721621142592,8300
2043-01-24,87.00951280161257,87.05616509321531,86.71722278563644,86.99394629426185,4988
2043-01-25,87.43802878535392,87.02603969917641,86.28608898286632,86.97769434773299,2617
2043-01-26,87.49117712393685,87.41269179532708,87.3260785528642,87.39294341472598,9340
2043-01-27,86.68122181225434,87.26624403827164,86.32106804229586,86.9400448080404,3118
2043-01-28,86.08785728084803,86.11897087928386,85.85759053077278,86.05032534532869,3368
2043-01-29,86.37173075459377,85.8738746050912,85.61607993283253,85.78382330441552,6722
2043-01-30,85.07285534939031,85.40442932962033,84.39057127519412,85.400646999783,3491
2043-01-31,84.94721563582245,85.83301120881922,84.95029641153391,85.36125279974286,8992
2043-02-01,85.22730278681013,85.92314420991991,84.01572927581215,85.04283019260767,6479
2043-02-02,85.34612271788696,85.83355604961073,85.11375770950292,85.41333866827588,1457
2043-02-03,85.10966297441468,85.46526034945849,84.6370254322911,85.26926353706463,2875
2043-02-04,84.96674696039102,85.75700673565467,85.03908034177343,85.34450078645158,9879
2043-02-05,84.83828439427603,85.51686883428319,85.28440781491732,85.42331806567205,7116
2043-02-06,85.08386660022872,85.78997034063363,85.26300218920139,85.52079561187814,5888
2043-02-07,85.99320871424887,85.62862947352166,85.45838454865365,85.50873105665066,2219
2043-02-08,85.76136912891248,86.3158448570782,85.57327517635528,85.76403140185582,8327
2043-02-09,84.77749449032687,86.62911967784521,84.95700870757942,85.36620383494291,5187
2043-02-10,86.42113857976548,86.31180274307019,85.49777770353548,86.06591279826985,8847
2043-02-11,86.31809429668978,86.17773763103452,85.50470829939033,85.94764410658559,7288
2043-02-12,85.6606397243411,85.52208067162844,85.02571046690507,85.29186953763625,2094
2043-02-13,85.25914682328693,85.83414093500723,85.27126552510342,85.38590621613213,8866
2043-02-14,84.87967279138562,85.55844646906182,84.44167828458848,84.96031597490838,3714
2043-02-15,85.33427160127525,85.74962355118296,85.24931251415029,85.29298324216282,8566
2043-02-16,86.81809998258242,86.68196210445534,86.15548747892973,86.39778603018402,4773
2043-02-17,85.8380296786785,86.40111284331013,85.93369947811502,86.00449998440509,9965
2043-02-18,85.94436217764286,86.54349638460317,85.61296902425269,86.17068615101708,8145
2043-02-19,85.50163641717192,85.60274523400942,85.28429859366194,85.29293335666478,5375
2043-02-20,85.88266239154034,85.89610407179417,85.45449491628966,85.51988597138543,7276
2043-02-21,85.06119186322063,85.4608936428699,84.69706746081495,85.0770290714856,7229
2043-02-22,84.96574373460894,85.4874292855974,84.23031772744663,84.76461176226836,2204
2043-02-23,84.24770254657065,84.37576405298896,83.19376308477425,84.21396851734843,2529
2043-02-24,84.50467074854446,84.83099132530612,84.49191222279056,84.58004413037581,9801
2043-02-25,84.83491284956669,86.13332106873999,84.90677130831826,85.08369630911244,5573
2043-02-26,84.74923094600761,85.44850059347573,85.00569651328317,85.09538891644169,2746
2043-02-27,84.47874574524268,84.69755643919622,84.64916511341043,84.66317556377383,1465
2043-02-28,85.16511932606521,85.98502866414441,85.01855089253436,85.45793708182576,3432
2043-03-01,85.16777677786628,85.5583707123867,84.85332922968469,85.08273201794844,8848
2043-03-02,84.36697959820975,84.16562352310439,83.86239544690542,84.00171586798471,4193
2043-03-03,84.29211317837452,84.48927559172418,84.19139215065634,84.23091037296325,8375
2043-03-04,83.40231203423649,83.79509100241502,83.06861569655783,83.6785230361425,2959
2043-03-05,84.42944055719987,84.89675631596776,84.0968788203682,84.17282743289208,6181
2043-03-06,84.07132303338528,84.12181151273533,83.95038692588827,83.98225858455537,6467
2043-03-07,84.43256301104101,84.3231730510692,83.46559409766733,84.28411520482747,4594
2043-03-08,84.82905506477884,85.19825861356526,84.83580754928931,84.98486537810355,1239
2043-03-09,84.72044891748872,84.73321022819117,84.28043032582094,84.38043594579318,1819
2043-03-10,84.43594708980068,84.17522989913881,83.6381585776521,84.09746738034698,5950
2043-03-11,84.00441170062092,84.56134874939757,83.64088948136325,84.05963184401845,9239
2043-03-12,85.0439430575165,85.31281956055312,84.14053731009754,84.82840750353563,1812
2043-03-13,84.8296628901869,85.49851892784315,83.61728102853675,84.4992161445654,5582
2043-03-14,84.06235262876434,84.61762500115371,84.18751615276656,84.2019642965909,4007
2043-03-15,84.41666299007836,84.83800748618489,84.17132155363912,84.44103458436881,2613
2043-03-16,84.17635762867424,84.81430049051966,83.33886050931832,84.15242022151352,6640
2043-03-17,83.89933711548859,84.57146234457092,83.83086772657825,84.22868316296233,6633
2043-03-18,83.58541320594459,83.7302305527986,83.41192985014635,83.45291445247827,8676
2043-03-19,84.86683626843639,84.62334244852089,83.84665751394871,84.56007942375656,6901
2043-03-20,83.8430590037365,84.27368208605884,83.22572871432719,83.88622480860185,1034
2043-03-21,83.82730347291243,83.8684875681477,83.55721997962765,83.72534845660675,6737
2043-03-22,84.12868217746116,84.61133242467926,83.58474301203613,83.7091079386857,8576
2043-03-23,84.54390644342321,84.71467466295248,84.37705576190112,84.6654520058641,3912
2043-03-24,84.11110861468583,84.6745331572658,83.98866410045382,84.00302911539774,2544
2043-03-25,84.82393752263621,85.43193822404604,84.29944588768497,84.99488118313711,7348
2043-03-26,85.19433770396729,85.74119123679019,84.90433984183899,85.37346959368811,6897
2043-03-27,85.68458523434158,86.58776291863066,84.90288586316963,85.58201725589974,5640
2043-03-28,85.16211128258476,85.55429519316462,84.84323826087876,85.08970041239077,6612
2043-03-29,85.5417919852681,85.43902502286439,84.78309487484793,85.3752710334098,1904
2043-03-30,85.03637534708723,85.23549096941734,84.91731868679118,85.0135277221999,2589
2043-03-31,85.78640119398885,86.38831486938805,84.73090643566152,85.6468583487991,9343
2043-04-01,85.66098302586666,85.16412090122934,84.44744224178918,85.16132733424524,8229
2043-04-02,85.42272120860888,85.12152388542633,84.18603976355021,85.1047480870172,8551
2043-04-03,84.92862605263396,85.47861250391801,84.18776080762511,84.82711154301062,7970
2043-04-04,84.48482216129813,85.06999014824396,83.9450918497072,84.33335006179712,6431
2043-04-05,84.61433936619981,84.94731971031513,84.1194981256414,84.70400997025108,9251
2043-04-06,84.92398261661451,85.40759190948658,84.14483215529502,84.97173934395589,9160
2043-04-07,85.72398272260783,85.6713858983676,85.57082427354378,85.5762444434064,4738
2043-04-08,84.71260195671707,85.26172421414448,84.33375661459402,84.6863068893023,4691
2043-04-09,85.45629784334228,85.26158473264857,84.74137522111138,85.21839224047282,4371
2043-04-10,86.85123859418508,86.49829233035138,86.23387860777937,86.47111669315127,8736
2043-04-11,86.21476636026468,86.7038101629332,86.109344298405,86.2452961485628,3007
2043-04-12,86.59010549288219,87.97299144339415,87.01503183205492,87.19287045461729,9138
2043-04-13,87.67154649632455,87.98862088551716,87.00704703766779,87.06128981858737,6980
2043-04-14,86.17933661988535,86.94073447493159,85.96978156175882,86.37508494980672,2135
2043-04-15,86.28081723953292,86.91852501217257,86.00708629718606,86.22226872860332,7079
2043-04-16,86.96461839845905,86.8242466663566,86.55821850068395,86.74637071244096,7006
2043-04-17,86.74997453292812,86.37730562682702,85.39896431544848,86.3272824712752,6961
2043-04-18,86.56892340434298,86.16410937835347,85.27759733903095,86.02711314177195,4806
2043-04-19,86.2147209165883,86.52839178182602,85.98084171319638,86.32388285791855,6826
2043-04-20,86.6823198463707,86.51604748977182,86.1466335934227,86.32541291628783,2716
2043-04-21,86.67711836654367,87.02681215526694,85.65942855817165,86.6177243925312,8338
2043-04-22,87.55960026397409,86.93783474742447,86.73098087121748,86.73663916291038,7503
2043-04-23,87.30658523996416,87.03671100987576,86.92632084225505,86.97645182268616,6530
2043-04-24,86.7070590032577,86.83891458822696,86.68600019350755,86.76030122978139,8216
2043-04-25,86.63824485563812,87.34457385925792,85.3692700594376,86.87616670079659,7703
2043-04-26,85.62450328059442,86.64420266700664,86.09692101105189,86.41248019794861,2487
2043-04-27,87.25909978816435,87.09304174071802,86.64636489572196,87.0566970092003,1738
2043-04-28,87.04209427818887,86.7575102995917,86.47794342468696,86.73955965079165,5321
2043-04-29,87.52762152788634,87.47661864937248,86.96466389823256,87.30398339456634,3440
2043-04-30,86.48115557986415,87.42135425835464,86.78434521248445,87.18717991407492,8800
2043-05-01,86.91077612254675,87.69894882810769,87.20601895098818,87.28817941945358,9279
2043-05-02,87.18494418737727,87.57862642492717,86.60307553521987,87.04069714400823,3146
2043-05-03,87.06835654906844,86.73842768330745,85.55221811671335,86.53269942842421,3475
2043-05-04,85.64365309380476,85.96587228234458,85.58491978930452,85.66031923462157,1315
2043-05-05,85.46011263230284,85.69909856200248,84.9920945407911,85.13265715532533,1476
2043-05-06,84.66038068168582,85.75720700004211,84.44492463681216,84.97070272871737,7270
2043-05-07,85.13878072792751,85.10818115584644,84.37831573516465,85.07664231813182,1550
2043-05-08,85.4994339354865,86.43006105199669,85.14020320507743,85.58183197477345,3472
2043-05-09,85.7152300870243,86.00835502190095,85.13247470010599,85.35895324487502,9072
2043-05-10,84.75602196346053,85.29626992199465,84.58026122682081,84.91797286274144,8040
2043-05-11,84.69971927489956,84.29900809854296,84.13059946453272,84.19661546974008,3186
2043-05-12,84.34433353360613,85.07939075354663,83.95948127219874,84.43664727869213,5227
2043-05-13,84.80728563751116,85.73065170682553,84.8578971224091,85.1282445363568,7304
2043-05-14,85.45051747501357,85.80838585315108,85.42566481248156,85.76140967033494,9748
2043-05-15,85.92964790470421,86.31616832101244,85.94918316646007,86.11637604440857,4475
2043-05-16,86.54681790141917,87.02090516810682,86.40497332037674,86.43564770304236,7308
2043-05-17,87.1014656003847,87.80034054514685,86.99617305842398,87.28445959289704,7995
2043-05-18,87.20435711091015,87.70583976518846,86.90288161064946,87.45050032360544,7369
2043-05-19,88.04050757707785,88.57820870496124,87.52503285830343,87.77356516161753,2330
2043-05-20,86.64980764756,87.63204412879583,87.57620705560358,87.61317323069153,8823
2043-05-21,86.80318705433345,87.12512991339347,86.1946069345295,86.93215154526415,7879
2043-05-22,86.18995565069382,86.88525543177839,86.37822062938828,86.59022709501436,5273
2043-05-23,86.32508124424389,87.32558002850143,86.54173251045066,86.58564757574703,4575
2043-05-24,86.68916523907441,86.75526965672138,86.01871030693525,86.61604026199768,4369
2043-05-25,87.51761339591486,88.68480466456666,87.42288701202511,87.57918318942538,4681
2043-05-26,87.5311519838798,87.81331382279977,86.99687059816631,87.61982177322092,4258
2043-05-27,88.56609615892302,88.99386408587608,88.10441348888487,88.20924349523374,1950
2043-05-28,87.98761942652165,88.36784928532632,87.70842022240053,87.99170487444557,3935
2043-05-29,88.37768399364504,87.94363974906794,87.55977765403428,87.83586693156296,6203
2043-05-30,87.38502064635146,87.5571243783893,87.00241044977012,87.17136311295124,5987
2043-05-31,86.51018619005326,86.80440593949864,85.44491579572332,86.80019910651295,3687
2043-06-01,87.64391739328029,87.21255762663544,85.21787755159593,87.06368980219483,3698
2043-06-02,87.1509014957392,87.43053365306709,86.99628824659644,87.0674698923919,1921
2043-06-03,88.10046356011247,88.48466675997513,87.49434344718622,87.53893920234052,5642
2043-06-04,87.5497375136032,87.7798596388326,86.85886119051452,87.62956617651304,5071
2043-06-05,87.53500883491654,87.71136939895933,86.72105467771335,87.45333931069416,4716
2043-06-06,88.65712199218517,88.6223635212175,88.48151326375114,88.52748774258765,9809
2043-06-07,88.43010182596582,89.74038978105382,88.31245029207531,88.48053595823113,3829
2043-06-08,89.44361244175984,89.12949000125283,88.71097937349539,89.06203644308377,2809
2043-06-09,89.44120644236274,89.15863868910043,88.74271301115232,88.86143183981144,1971
2043-06-10,88.52820369591826,89.78876553774448,88.62326047791915,89.21623157950322,2986
2043-06-11,89.92468492157651,90.59318995613536,88.42800610453904,89.68023940907906,9365
2043-06-12,89.5161342514115,89.96627753128995,89.73437421967775,89.78448539436685,1579
2043-06-13,87.82940139685762,88.9345649294308,88.34025659771399,88.60724393301855,6688
2043-06-14,88.77147564038587,88.81471825342922,87.98508430139047,88.61637016344662,7695
2043-06-15,89.38738223657656,89.23908539634206,88.81757107527378,89.23160018732659,1473
2043-06-16,89.69937875635902,90.08057145848477,88.70755222925047,89.49534060384046,6519
2043-06-17,89.82956840482613,89.78472427386883,89.4097756217268,89.71826004145508,4901
2043-06-18,89.11963914146143,89.09787923475989,88.15206258696759,88.85713157447633,3326
2043-06-19,88.31598939873552,88.76448617272261,88.42985969634714,88.4969040391388,1215
2043-06-20,88.781583171461,89.54780918950745,88.2355956937052,88.70258285471452,7139
2043-06-21,89.11722437363653,89.32632765648142,88.73880783530683,88.90777449310796,5605
2043-06-22,89.92099471994221,89.6568461851839,88.670147965921,89.51510788317441,5690
2043-06-23,89.455828147427,89.86683311545366,88.4837313428046,89.44267450560136,7247
2043-06-24,89.58144787934901,89.68423129901296,89.52699904892845,89.64558654893827,8134
2043-06-25,89.63720200154863,89.74801207935117,89.3830809846088,89.65377366990393,4122
2043-06-26,88.80222437001932,89.87473537687798,88.62994786849488,89.16030230165315,9960
2043-06-27,88.26329392182217,88.71107738396391,87.76019344986302,88.03240663610578,2112
2043-06-28,87.81071641013129,88.33285808300461,88.02928987337154,88.2479114821708,7793
2043-06-29,88.45217431728842,88.60356779884462,88.07285038498917,88.33488508637721,5857
2043-06-30,88.05116983200496,88.3621578092572,87.18211947773827,88.02579756532712,3077
2043-07-01,86.75091926744403,87.53036028307808,86.52116333044447,87.2162110370692,9077
2043-07-02,87.08289696375402,87.62984509641917,86.3398971148928,87.53108079427356,2759
2043-07-03,87.14201331528186,88.06536193254755,87.23689127827329,87.39812075717579,6277
2043-07-04,87.57337552511129,88.23515695123008,87.5537163776642,87.67655811835986,9708
2043-07-05,89.05272616806116,89.67254142094436,87.97691875400677,88.60858238356573,7636
2043-07-06,87.50464639350724,87.91030333604402,87.16313795697498,87.53786694340589,7414
2043-07-07,87.35201261975628,87.77782526737496,86.8965124053481,87.1880665390547,6472
2043-07-08,87.46336034558219,87.14953324274302,87.04478271561874,87.08337873239876,2739
2043-07-09,88.13274200681785,88.914965951642,87.58077806892027,87.81079181947207,3328
2043-07-10,86.99047239600763,87.94807327766493,86.82438537522191,86.99259030986883,9466
2043-07-11,87.74886324004511,88.03102868195397,87.47817366906393,87.96052082270913,5566
2043-07-12,88.17810514140058,88.26658128212055,87.61701323692245,88.02844877349227,1678
2043-07-13,87.7747768970643,87.99727342189311,87.58850634149519,87.98044844262535,1894
2043-07-14,88.42585995677264,88.0723793960174,87.87993340485481,87.88141856101589,8380
2043-07-15,87.92362659475646,88.02230358601201,86.88521945468891,87.66328704492588,9291
2043-07-16,88.24995431578556,88.48720634752615,87.56363111704941,88.18734542456046,7162
2043-07-17,87.8068865773378,87.72729637109884,87.58532289875464,87.65308504751924,4907
2043-07-18,87.87927808519525,88.39073618229254,87.76195461613422,87.82579213834117,7633
2043-07-19,87.52320241651358,87.65604450620778,87.53858553835933,87.63370130548768,6778
2043-07-20,87.4022175597025,87.44700722806638,87.23011281406409,87.25263458123064,6434
2043-07-21,88.47275459897742,88.78064476165001,87.28614706562847,88.54562216907257,6436
2043-07-22,89.33615406618057,88.91540074274862,88.69177831945386,88.7551475364493,9223
2043-07-23,88.85396928869932,89.97211005537953,88.87224048403624,89.06178030877987,8017
2043-07-24,89.78330792669318,89.74521375080579,89.58010280643346,89.63066869911421,2580
2043-07-25,88.68517577854468,90.07867060926236,88.41001620519977,88.91999372645493,3466
2043-07-26,89.55819044095594,90.33919452417877,89.77132548632723,89.79613968101596,4509
2043-07-27,88.00583413251367,89.18441134001063,88.1992969124503,88.54166109176842,2001
2043-07-28,88.28072041818109,88.18460594720551,87.95925490454805,88.15727788674916,5832
2043-07-29,87.76802227684612,88.22924095460041,87.78255426173838,87.9277620501597,9864
2043-07-30,88.54364058828985,88.87894456240986,88.16318583320398,88.21862373264496,8958
2043-07-31,88.45197148350076,88.39782384835831,87.52852180861966,88.3279828657157,6112
2043-08-01,88.2890428927753,88.97127404827384,88.12303634784752,88.2445754953665,8785
2043-08-02,87.81542719085736,88.43318239565102,87.7455663109671,88.23857682305264,8133
2043-08-03,87.92503690275174,87.79004602365976,87.58981009772492,87.74956531129136,5676
2043-08-04,86.80230526847345,87.50613453914444,85.94382548918287,87.00094911404928,9148
2043-08-05,86.9343533163719,87.53464032089045,87.29550557184086,87.36420492521731,5303
2043-08-06,87.84021202534404,88.49719587134769,87.05502680959398,87.7110579814854,6318
2043-08-07,88.12581738290669,88.5527487769915,87.832602284997,88.50330516906392,8816
2043-08-08,87.4809592105456,88.86441407598912,88.0334302534023,88.10829662065632,9217
2043-08-09,88.84384456224772,88.47317481904052,87.96198832287213,88.45470422580678,8391
2043-08-10,88.14463126076761,89.6835955763631,87.76728154502617,88.31285086162441,6610
2043-08-11,88.38474193668232,89.10219585001668,88.26818776808324,88.90808835422115,8450
2043-08-12,89.1302921993573,89.51829796233224,88.48494282688748,89.41906974256023,7312
2043-08-13,89.30835896305095,90.43922164913306,89.27220896486655,89.52467444217245,3020
2043-08-14,89.69817755092767,90.19451340886636,88.60212677129216,89.35490936383947,9402
2043-08-15,89.33648512511881,90.322929024788,89.33620938485737,89.8353754531436,4178
2043-08-16,89.75715583024707,90.52501908756942,89.74826658496762,90.15882771477187,1316
2043-08-17,90.1107284121945,90.27035570409677,89.73758395280298,89.81660751372878,5417
2043-08-18,89.01778833831551,89.1705274574549,88.78954013986937,89.15270817698907,9088
2043-08-19,89.07682754805158,89.33054322580814,88.54388342424733,89.00844172664817,3666
2043-08-20,89.61887103530192,89.81617294821115,89.02934707924084,89.76614863432228,2085
2043-08-21,90.9455632607354,90.44075222840713,89.99522524676827,90.3393922136888,8645
2043-08-22,89.39631993207739,90.38322626890033,89.33857941920677,89.7832284788535,8250
2043-08-23,89.28398447108701,89.45494867018424,88.65926638284597,89.19934977090354,4863
2043-08-24,90.28757867192051,90.05806835639784,89.25099107563697,89.83669169574328,8541
2043-08-25,89.15637794028238,89.28983276348367,89.11079295504416,89.26887374336437,5960
2043-08-26,89.29738918856262,89.5644926463813,89.21790827011269,89.52352140518538,5026
2043-08-27,89.44561670676237,90.18417791810691,88.90275402749438,89.21548579751722,9780
2043-08-28,90.32522770286097,90.38952702247083,89.73240237238409,90.02400825977806,7238
2043-08-29,89.39882475471173,90.06501649261979,89.21538643633045,89.63879586020911,9869
2043-08-30,90.64913560348366,90.2934608292095,89.18232612021576,90.21047662531203,8687
2043-08-31,90.31827227998659,90.41297854751785,89.39573066414732,90.30290595234221,2849
2043-09-01,90.58163176829784,90.64455337422221,90.12648580905348,90.42900337945936,2309
2043-09-02,89.8903334459455,89.83262397154571,89.2286473774178,89.44384908878365,2590
2043-09-03,88.57302647991732,88.39759236423032,88.17749929905065,88.3423924121808,8521
2043-09-04,88.23203468942168,88.34329831651242,87.4571111290378,88.23210944204713,4973
2043-09-05,88.15408484180016,88.43586812483302,88.29915877979471,88.35556247375544,7593
2043-09-06,88.60551525509129,87.80204700058931,87.74319276893871,87.79296355988659,1836
2043-09-07,87.01191200123243,88.7177108882263,86.96061101152922,87.24861685464842,6374
2043-09-08,87.62479189775556,87.86266280830884,87.37467858356068,87.52935316956147,8122
2043-09-09,87.96377722600033,88.14863617486938,86.6201342124323,87.81078040979004,5160
2043-09-10,87.90910272018156,88.08895825300196,87.19327341453358,87.74190987959608,4045
2043-09-11,88.77041581976107,88.42959523972671,87.67109759443547,88.13201074018912,7616
2043-09-12,87.55918071085573,87.6906127730035,86.67931114150937,87.54490959232905,5431
2043-09-13,87.33842235302647,87.91014761046337,86.89525179113767,87.36694213378556,2959
2043-09-14,88.65656435395967,88.4366598963787,88.09945660918943,88.1908809366774,2715
2043-09-15,88.1842767578273,88.47717062388939,87.67585083694865,88.22504200164731,8098
2043-09-16,88.55100556034654,88.44579428890253,88.02809074599344,88.28819825894081,9212
2043-09-17,89.49948850350366,89.79857989616471,89.10304746330736,89.44117155192467,3406
2043-09-18,89.01779294384744,89.67056297586709,88.7246056212102,88.74150046900029,8246
2043-09-19,89.35735013544735,89.49314235307851,88.54451465810867,89.13971565232134,1132
2043-09-20,89.85077516240487,90.05669838533086,89.33048342239108,89.9717087922254,9867
2043-09-21,89.25607604247861,90.3954210774276,89.25699151459229,89.80927982897612,9818
2043-09-22,89.73692260804029,91.11345174111291,90.09932563793214,90.23909522240355,8154
2043-09-23,89.19597189646935,89.90203345631731,89.69998242384787,89.74808547379808,1789
2043-09-24,89.37736028183605,89.7517293195448,89.37655732776776,89.40471927601442,6511
2043-09-25,88.89141481302194,90.23825667975149,89.30928540393599,89.59720248403823,1990
2043-09-26,89.94848872448122,90.27012976219622,89.53116103831466,89.99648582059353,4456
2043-09-27,90.59708428091795,90.92356199560746,89.87223627098594,90.55695407679666,9987
2043-09-28,91.59863630364556,91.66003938930423,91.09171431625204,91.3417683702664,8988
2043-09-29,91.45935899278687,91.91734917815606,91.11390581163977,91.30804509098881,5247
2043-09-30,92.17541648903745,92.07994648375211,91.76297737804614,91.9048509685751,8421
2043-10-01,91.85787008412113,92.63294879444285,91.09917569117358,91.73369854685052,7273
2043-10-02,92.08768174062715,92.21983712885604,91.79953557924506,92.18474420264467,2598
2043-10-03,92.25669371839652,92.79538547205561,92.02186866699303,92.28848860157075,4922
2043-10-04,92.25583436643244,92.87308010964273,92.40032775779706,92.51132755511172,7696
2043-10-05,92.79150745062442,92.87369106414933,92.50598726426496,92.72308149212273,3032
2043-10-06,91.44547032211086,92.0901928028984,91.4937564088321,91.92072898722382,8958
2043-10-07,91.67847869399533,91.42944769124134,90.76008934744743,91.35866805779344,9521
2043-10-08,91.12296061171264,91.761516935912,91.06268535246686,91.4099387777022,4542
2043-10-09,90.61245283438502,90.7501670295196,90.54483824370112,90.56629923788162,2696
2043-10-10,91.07834829007376,91.17975354278549,90.40441268939016,90.98190478948149,4126
2043-10-11,91.76649964852189,91.42509077759082,91.33292289375726,91.41768277262557,4425
2043-10-12,91.07691904163346,92.04901524700368,91.48404898544663,91.58126804906446,9868
2043-10-13,90.92306328181469,91.11499696823866,90.8220518369139,91.0207010426855,6694
2043-10-14,91.87572486282374,91.75023385000704,91.13000406151393,91.71077051211975,9002
2043-10-15,93.25473088588258,92.9165760559784,91.49906652086757,92.72937583197894,2272
2043-10-16,92.7912659275316,92.88403851568117,92.61104947305947,92.80291424570193,2350
2043-10-17,92.8798782225247,93.44992599910049,91.88196321211281,93.05818193492755,9368
2043-10-18,93.76714788918558,93.60034990539732,93.03976992586084,93.15905126232556,8934
2043-10-19,93.6650040583814,93.81211854946633,93.0431450652255,93.42423585682496,5003
2043-10-20,93.77654646006532,93.90605732010407,92.68890337640487,93.36445647851177,4264
2043-10-21,92.98431214027998,93.50673340343882,92.73564556664417,93.34717435858987,5191
2043-10-22,93.95637189007442,94.30770455197404,92.95088324298332,93.80003315883854,1688
2043-10-23,94.64784766151286,95.14919563728857,94.94102424343018,94.97284523978676,6074
2043-10-24,93.88129642164301,94.68717984942869,94.10241548448388,94.2728096225859,2582
2043-10-25,94.3954673993863,94.51642624074783,94.08157601518862,94.22090338038441,5907
2043-10-26,93.82622735744387,94.15625494094347,93.44668731802543,93.63067313776837,4808
2043-10-27,94.28208201161863,95.22409851450682,93.93988605487245,94.42668558705641,1364
2043-10-28,94.56242777096371,94.78917863703279,93.56687959044844,94.13281660239646,1515
2043-10-29,93.30051027080174,93.97965179632077,93.27504586543775,93.41121620550356,1575
2043-10-30,93.6493154007566,94.1039029999904,93.13797793653904,93.73030970492785,5917
2043-10-31,94.5916536298011,95.1024387756961,94.25219185438316,94.6024652622994,7908
2043-11-01,94.8613813635841,95.5929561555497,94.49822980934606,94.93426419657979,9142
2043-11-02,95.41984177342593,96.1400544975283,94.33369918348421,95.03666313522075,5776
2043-11-03,94.92872259596354,96.08449862645392,94.88562396026732,95.24123359660875,7133
2043-11-04,95.72235097079249,96.49103214510093,95.88540919956026,95.94865392802153,9733
2043-11-05,95.1541320289513,95.89812022491606,94.65794370053752,95.51155429301444,8238
2043-11-06,96.02068586286988,95.7121522026542,94.7296089433717,95.45563074097129,8909
2043-11-07,95.1319298706147,95.61774659409662,95.11393021964564,95.22928566671652,5049
2043-11-08,94.41479804297673,94.93223078827285,94.44007035200876,94.64535301307066,2373
2043-11-09,94.39497307700236,95.47493246387396,94.2999834054136,94.48116538336227,8815
2043-11-10,95.28974276172622,95.09405066469837,94.55865263336902,95.03502593135349,3132
2043-11-11,95.51745664714474,95.92680829397162,94.45133978131628,95.31832700554986,7508
2043-11-12,95.46792856910466,95.76705650562543,95.13727600407452,95.64048225560396,7470
2043-11-13,95.59384420941332,96.31550350954504,95.2795679037169,95.71372006143062,3539
2043-11-14,95.53874081746726,96.77085263207196,95.6301103873405,95.9753819527949,3756
2043-11-15,95.61670377796854,95.90525241302092,95.42265379250907,95.57508678162085,6279
2043-11-16,95.80502706944378,95.66657358102955,94.51530928682502,95.42033183865725,8375
2043-11-17,95.34180080853903,95.75167052963268,94.73678579660081,95.51633395714158,7333
2043-11-18,95.84583579570447,95.96278554146379,95.61524623609309,95.65509188658253,3549
2043-11-19,95.64055191569906,96.77031290468399,95.57066573157321,95.81518581404346,6242
2043-11-20,95.41732345835796,96.04510547453054,95.26572159789984,95.74601817303527,9923
2043-11-21,95.76139041330845,96.2068970987847,95.38052354028252,95.5573064724701,1833
2043-11-22,97.8404869302687,97.59417590467483,96.27254452465901,97.13619211399225,5686
2043-11-23,97.75261283324474,98.36220030795779,96.96984602858522,97.58958575045845,7118
2043-11-24,97.67200263237679,98.19781750980368,97.55342862697249,97.79615948843477,1284
2043-11-25,97.57474545136664,98.5026759138847,97.16180930835012,97.67955523933158,8491
2043-11-26,98.02670144268913,98.06371229383376,97.27910627346644,97.45394582585963,4538
2043-11-27,97.480639534947,97.84074309047347,96.73860307151013,97.38854552899616,5233
2043-11-28,97.30518514460351,98.08660632220182,97.44954093798125,97.5349599507895,1075
2043-11-29,96.57607465974603,96.7189733893236,96.51968319507804,96.59474217875795,8015
2043-11-30,95.87458951992909,96.32911702357633,95.64272380175365,95.81004738107062,2744
2043-12-01,95.63237029708094,95.84516172724774,95.2663739366647,95.49160618660113,8237
2043-12-02,96.04878754921862,95.77216687132592,94.78880572046482,95.59517590499041,7700
2043-12-03,95.8583088796432,96.69009549999782,95.3069186006629,95.4755393314145,8345
2043-12-04,96.27407157740825,97.0358095674284,95.25237264603277,96.21459994446424,5783
2043-12-05,95.4609529872386,95.49522161719922,95.45786179184773,95.47340155096636,4341
2043-12-06,95.21652453899529,95.74421182236642,94.19815090414843,95.09772881616466,8008
2043-12-07,95.67530463896772,96.36639737130365,95.83252224141708,95.85777468666022,2707
2043-12-08,96.21733715209115,96.4191575381282,95.92027484670392,95.9233343489978,5251
2043-12-09,96.30471410081918,96.66628210793543,96.1640831565591,96.36575564039838,4778
2043-12-10,97.53864950476823,98.08476944067571,96.96023625363232,97.3913791120331,6013
2043-12-11,97.55845297418898,97.3858483254843,96.52068269195672,97.04447690308218,7236
2043-12-12,97.16066167534424,97.14311165276158,96.18979843449821,96.99481973418618,1645
2043-12-13,96.92781723352844,97.07189023961257,96.82950325715419,96.85860628372073,3239
2043-12-14,95.72609354433264,96.22894353160522,94.87583933919908,95.8813097814791,3278
2043-12-15,95.70268916234647,96.28975194131715,95.66656109535226,95.72611137960112,8094
2043-12-16,95.82582729392155,96.52527442621361,95.75096840314079,96.16664247329145,9718
2043-12-17,96.59689728822453,96.4940223780778,96.39708668097789,96.43693724419757,5458
2043-12-18,96.10617040034707,97.05155370168164,96.55464585873453,96.74647882889157,3417
2043-12-19,96.84924630822803,96.58503027525,95.97049526000575,96.55872433857182,3137
2043-12-20,96.4501807883639,96.5798921116005,95.7961236264655,96.23067572056901,7765
2043-12-21,96.89475813417228,97.69232130664867,96.57312727738064,96.86530355651831,5540
2043-12-22,96.45673991507533,97.17133076806913,95.94939044728342,96.61664498333948,5054
2043-12-23,96.75880802603099,97.33327706486796,96.71704871082763,96.76368600273608,1128
2043-12-24,96.31314433505274,96.99903850292348,96.5621215184838,96.84535334307486,4153
2043-12-25,97.82335203218274,98.19818281368647,96.77541559394092,97.57621185120341,9400
2043-12-26,98.01277066826147,98.2259228890313,97.3545083013016,98.06191803003959,9237
2043-12-27,97.86885807219555,97.58405369383786,96.78130880780587,97.41428871970604,7635
2043-12-28,96.93810922185588,97.41082515896606,96.79129725959712,96.82051213631851,1000
2043-12-29,97.17939717645196,97.632010013265,96.88099054525141,97.10996704535309,4235
2043-12-30,97.19808266309592,97.54842641999795,96.59820424061554,97.0777982216635,5932
2043-12-31,96.55755915379646,97.1447841024288,96.65427081487614,96.85021232968661,9004
2044-01-01,97.22272811156984,97.60548220833378,96.98425878576111,97.35802627168385,7015
2044-01-02,97.49164064281152,97.93373158825567,97.27340791409229,97.45175596272831,2634
2044-01-03,97.38721537615706,98.0029414288578,96.97705025236209,97.47798465617304,9989
2044-01-04,97.69494523496363,98.00251654299367,97.75374254419093,97.86789897655055,5353
2044-01-05,97.5956255829894,97.70179814216262,96.87906588373795,97.68034447907877,2894
2044-01-06,98.47784294643292,98.46594683474667,98.29056402996581,98.46460397181505,6656
2044-01-07,98.76620284032012,98.3297979761373,97.82612144852786,98.07058016019855,6266
2044-01-08,98.30142728686663,98.68897228410125,98.35256878852441,98.39904469336959,5850
2044-01-09,98.9127322690735,99.65514319459695,98.4919231364046,99.11596111269951,8750
2044-01-10,98.38149467048638,98.66864588108412,98.27422079993958,98.42731336806347,4943
2044-01-11,98.70612424968698,98.58972037589561,98.04065866502394,98.25564578013724,3061
2044-01-12,99.29867699262206,99.31112178716364,98.52091472253072,98.82674947658002,9067
2044-01-13,99.99010117315194,99.51764927124086,99.20029063902993,99.40537175044552,5525
2044-01-14,99.33791660121939,99.84884919496193,97.9526787364901,99.31962395025141,4364
2044-01-15,99.14476608429223,99.0711953444872,98.86618453183533,98.95228840341298,3845
2044-01-16,99.1152489721693,99.6356849141466,98.59105929350679,99.43025631457836,9174
2044-01-17,99.91599863394238,100.52658257173319,99.41539726986491,100.02203086586916,6018
2044-01-18,99.10517375841383,99.62419928623872,99.13613553968813,99.43969919161296,1268
2044-01-19,98.97971999426586,98.97584755772994,98.72189795665216,98.83774236712978,8622
2044-01-20,98.96189453698224,99.65614406086779,98.71791026257569,98.95037070812157,4409
2044-01-21,99.33290792281971,99.5191846855677,99.0683777668228,99.26505102483603,4877
2044-01-22,98.8616532366847,99.94686949022274,98.30600835922218,99.115516482221,7118
2044-01-23,99.71036958961906,100.08468589424412,99.3543469235421,99.45516339221217,5680
2044-01-24,98.37798651005888,99.54367638297491,98.36507829538802,99.10009508879348,4495
2044-01-25,97.96713983460627,98.53772371645667,96.31607124766272,98.04274828925661,6797
2044-01-26,97.79880437632673,98.5934493991276,97.63851797277111,97.83079775309031,2254
2044-01-27,97.25593307530939,98.62882039250857,97.36945705571681,97.86241382634687,6823
2044-01-28,97.83973236590889,98.21854183818698,97.67463748770072,97.72449384639863,9759
2044-01-29,97.09321297733759,97.62895371202349,96.7406534030622,97.1451922145689,5310
2044-01-30,96.40570279537309,96.38869824846726,95.79691323453119,96.23736772662949,5774
2044-01-31,96.58027190310592,96.39901436662032,95.59768625780241,95.98032332444554,9185
2044-02-01,96.52653837254549,96.60525986971913,96.09171353031212,96.4291512102704,2794
2044-02-02,97.34904832132415,97.88964443069362,96.66913193573583,97.05724992997725,3183
2044-02-03,98.06539254902188,98.32250427975733,97.36428472547817,97.65110662204647,6838
2044-02-04,97.39075998335566,97.38479833418106,96.63915744306662,97.2431518544722,5856
2044-02-05,96.40653601796365,97.31196405718948,96.13043132947351,96.66629869265701,1328
2044-02-06,96.42256580077446,97.53036578875776,96.72505504791228,96.91461600014696,7407
2044-02-07,97.34447943579715,97.77347846644703,96.70591482322817,97.23216600594593,4942
2044-02-08,97.3121734617954,97.67969113763583,96.9136801285891,97.43225080854617,6179
2044-02-09,96.81029949170349,97.06740387558187,95.92376475103717,96.42521917142729,3015
2044-02-10,95.84923993069192,96.80533590506543,95.49712116303544,95.99177687898556,3505
2044-02-11,95.97264036551219,96.53058831851297,95.08879766668315,95.97693248384257,9971
2044-02-12,95.87283837215485,96.32643779125068,96.11909937265277,96.22054158115779,9890
2044-02-13,96.50104546096648,96.62116420502652,96.3606820411547,96.60419526245903,9378
2044-02-14,96.39347152356976,96.8960770330096,95.63691951707922,96.67632202360005,5139
2044-02-15,96.58625581294143,96.93902821582786,95.79528546482643,96.84171392686916,9357
2044-02-16,96.86830238170464,97.28028463313545,96.22079906456142,96.88414665604972,1700
2044-02-17,97.04488095290895,97.43298247805141,96.90345435697867,97.22695634315896,7483
2044-02-18,98.17216062954294,98.36374808492377,96.90087506512195,97.38338916890442,8983
2044-02-19,97.66702624427016,98.75233637024206,97.3822061866395,97.41625799892806,9400
2044-02-20,97.60746557319311,98.0634078519747,96.88686351447785,97.28207359935936,4269
2044-02-21,97.28945141270893,97.56183128196191,96.76138852838069,97.3227193118806,8615
2044-02-22,97.59674065490498,97.7338895176512,97.47477788568123,97.56501500130024,4176
2044-02-23,97.56987481205233,98.09784564269776,97.24356077084379,97.69875269574928,8089
2044-02-24,98.6764801750615,98.255307110137,97.14186840403536,97.8891659049219,5998
2044-02-25,98.52786769001726,98.83716066494088,98.39431448008727,98.5605268355975,4751
2044-02-26,98.51198349720033,99.76869081768368,97.8157239821602,98.69310879697079,6468
2044-02-27,98.14240827053962,99.27175068492551,97.89668615894489,98.36860953673421,2495
2044-02-28,98.91101793781544,99.18355212469899,98.55811662689325,98.8104129297313,2090
2044-02-29,98.5536203737192,98.60762034910326,97.87053595453744,98.12731376089684,9360
2044-03-01,97.91269492209683,98.03313503388271,97.23621251927409,97.5866070705272,3199
2044-03-02,97.52763308661741,97.87383921714253,97.69175650722265,97.75453070288722,5569
2044-03-03,97.77844603239637,99.08923375610257,97.6691149678764,98.01272903678051,9932
2044-03-04,97.76408397771297,97.53375374372915,97.12489503897095,97.39020342502852,9353
2044-03-05,97.82920909661546,97.61975120495217,96.57346393064206,97.19879468453514,7786
2044-03-06,96.85225201612798,97.29977948297032,96.3206386793042,96.89575276842531,9799
2044-03-07,97.014401629494,96.77761860376853,96.27283762001093,96.65241460698452,1727
2044-03-08,96.68438706343218,97.37337498159219,97.12368155238349,97.12421349512098,1642
2044-03-09,97.22440887660278,97.49459463644662,97.18968938244062,97.47746622689462,8063
2044-03-10,97.16502566419028,97.50907041197637,96.8591437207627,97.46790513696776,8499
2044-03-11,97.31858831195466,98.13282871983411,96.62180601986076,97.1949241734103,5043
2044-03-12,96.46640653168863,97.28023833274165,96.15077682592126,96.52009933830023,8760
2044-03-13,97.3016196010946,97.72188016916554,97.15516460408062,97.2301918076912,7377
2044-03-14,97.89198355448875,98.00244795039889,97.22449393975546,97.52624875783366,4527
2044-03-15,96.97696435065355,97.33719083169224,97.0227945758359,97.17291420579708,4766
2044-03-16,97.56091188659339,97.58688137829418,97.41605852866843,97.53271395460953,1153
2044-03-17,97.09622247859986,98.22709205273814,97.45560703266108,97.49760214432223,5277
2044-03-18,97.70318310661362,97.4887591179185,97.11565854617169,97.35404739189106,2207
2044-03-19,97.9005772701348,97.85488589809061,97.2492517464376,97.57165315603585,3615
2044-03-20,97.30947047530933,97.33817212487114,96.50742129329356,97.20090403107949,5660
2044-03-21,97.06500660197806,97.14475656257383,96.88798841645279,97.02902577132444,6319
2044-03-22,96.93701192305525,97.24462105496771,96.47605429475026,97.08975630342421,2980
2044-03-23,96.42136594857156,97.80639777826607,96.18197073012163,96.84003070698161,8213
2044-03-24,97.26623589449372,97.29953255453513,97.13741686689089,97.17457331211537,3889
2044-03-25,98.33596680715283,98.69023711924008,98.0236845620561,98.1091065639545,9900
2044-03-26,98.3377689809669,99.70312300305427,97.44861970268262,97.73195749765092,7002
2044-03-27,96.7813299947747,97.50154931576866,96.10400352397723,96.8993948494989,9165
2044-03-28,95.97957925122391,96.11006474592294,95.88010686132684,95.89852476576077,4157
2044-03-29,96.15761195993366,96.10881398395045,95.06771815904112,95.82329069501328,9147
2044-03-30,95.83506826360843,96.51553435189861,95.48889479732797,95.49170839995018,8348
2044-03-31,95.40889736345005,96.27253003087947,95.36551070582486,95.59563865048372,4645
2044-04-01,95.57818966851917,95.97440723165472,95.37332673203329,95.66193748649678,3121
2044-04-02,94.70278386736183,95.56393461294182,94.57728222554084,94.86032906318972,3941
2044-04-03,93.68233377788843,94.11217048247944,93.7482133833246,93.95288714844902,4880
2044-04-04,94.54235459252905,94.11801043399697,93.88700503980527,94.10085376862207,9556
2044-04-05,94.18738232867693,94.70341402685186,93.86957465268613,94.16856818598205,6999
2044-04-06,93.93338554797921,94.49424259987805,93.76732004332149,93.95565918679878,1184
2044-04-07,93.20139984298045,93.45877891865632,92.45887693073058,93.12708739423263,5788
2044-04-08,93.37891161516777,93.3721718873091,92.9595986872589,93.36278302561512,4005
2044-04-09,93.93243958615419,94.13512949147008,93.57376135525276,93.9987327983271,8655
2044-04-10,93.90925681749651,94.61689037577912,93.1584913357349,94.13772401843656,1729
2044-04-11,94.1835712105831,94.35526541965666,93.56768345240121,93.71398707315402,6225
2044-04-12,93.56518147707123,94.1415606425139,93.68032310640501,93.7362631559396,8601
2044-04-13,92.77405249552051,93.33765854201748,92.62841518173659,93.05320611547276,1566
2044-04-14,93.55801977711614,94.13012319988057,93.37387587935677,93.58218647239215,2311
2044-04-15,94.27036320488781,93.79038745692586,93.29111849980269,93.62310863965692,5438
2044-04-16,92.49255819247678,92.84379437453883,92.38435516462947,92.7390301837803,8736
2044-04-17,92.80157756917704,92.88370598810387,92.32730126706001,92.58869300355846,9803
2044-04-18,92.74644427720051,93.23199125585325,92.53031223499026,92.82034375867558,1623
2044-04-19,92.7272621226259,93.28429579092828,91.50271310841019,92.65381994818782,8616
2044-04-20,92.7925263529562,92.78229785789782,92.4371823652892,92.51587208746773,9689
2044-04-21,91.3877643414862,92.47017426683479,91.46215369033041,91.9036709839441,7065
2044-04-22,91.91803914484734,92.53404699895754,92.09152382858129,92.18694147748492,9414
2044-04-23,92.13511071595346,92.5869723484922,91.69045798422366,91.86270687747535,6817
2044-04-24,90.81371951419725,91.43724040776432,89.95332089750849,90.78448418897284,2906
2044-04-25,90.66241789577397,91.13020564140159,90.48542229013732,90.59885550363764,2160
2044-04-26,91.30284544653647,91.29715560294218,91.0116451830227,91.08943036142281,3784
2044-04-27,90.62908519085207,91.56413158273057,90.85199059048527,90.89596563812285,4834
2044-04-28,92.0814798920328,92.73435808537539,91.70385765412662,91.7649581306846,6986
2044-04-29,92.22537722235103,92.54716420212742,91.36899834505186,91.97944210495886,9894
2044-04-30,92.22031634827655,92.47005840938535,91.61450717077577,92.14882118609904,7337
2044-05-01,92.22506157300049,92.72039408920362,91.39559839176331,92.08462205314024,7945
2044-05-02,92.3999710825552,92.22061378823518,91.77345616383822,92.05047894925809,4408
2044-05-03,91.74061541407809,92.89211636288113,91.86098171079504,91.91876713169835,1996
2044-05-04,91.96603954119544,91.79221950067063,91.74175581601072,91.76763243565708,6949
2044-05-05,92.55637318740509,92.20433151155545,91.18031929476821,92.03306601669065,5827
2044-05-06,91.75733827664197,92.03817041092115,91.54834900316477,91.56515040179538,9778
2044-05-07,90.96048551913563,92.10894091428331,90.7103849514419,91.02720348743324,3984
2044-05-08,91.16106766910727,90.73625320656478,89.54468617470843,90.46560596199556,3869
2044-05-09,91.55767758655729,91.6024855780599,91.22073010646164,91.48843323583414,3723
2044-05-10,92.17318216657335,92.41213402565312,90.96843012089703,91.75360468666943,2004
2044-05-11,91.77939136340527,91.99671790993631,91.69570975014454,91.9058507875095,2775
2044-05-12,91.6974342017345,91.4010378437004,90.92659750357733,91.37709345236279,2114
2044-05-13,91.52483708843786,91.82960876309475,91.49831018587939,91.68876460270019,5720
2044-05-14,91.72749420094989,91.76789511850214,91.54585914776032,91.63047892947353,8507
2044-05-15,91.55554136730753,91.92281440545345,91.09181119722238,91.7375634000394,1612
2044-05-16,91.81960003496674,91.52572483670669,91.22221431745739,91.24925324210763,8377
2044-05-17,91.2630482711598,91.6510118864227,91.16014376976428,91.32938767081642,2403
2044-05-18,90.78509126362648,91.50051112978664,90.83861716088894,91.11747090171318,1010
2044-05-19,90.76320087976876,91.03923336762686,90.1831329975838,90.73466532319809,2997
2044-05-20,91.2628469286841,91.80234549820159,90.68433727375667,91.1017184911017,9107
2044-05-21,90.324884293625,91.12807971609635,89.71123706006317,90.3328645868367,8782
2044-05-22,90.37125665043573,90.76383629260624,90.26242486937466,90.61525271899379,8762
2044-05-23,91.26869082795727,91.42679368735783,90.8918817242055,90.95749578577028,1554
2044-05-24,90.8954279567792,90.95319659456727,90.03062717075203,90.51767394799467,9955
2044-05-25,89.6131225127745,91.29850535399676,89.53669563071496,90.10750971742843,5646
2044-05-26,89.73288879063705,90.11852942031686,89.70624221897673,89.99599687679523,1754
2044-05-27,90.08918668803658,90.68806095982261,89.1245756773616,90.13701498202633,4155
2044-05-28,89.90130977697149,90.13245620502964,89.48337551099927,90.06058748611922,9528
2044-05-29,90.43515509115954,90.48628047561985,89.84608546559147,90.27736871621516,9246
2044-05-30,91.7107017046202,91.45481449560614,90.88430529004646,91.15885854248386,2116
2044-05-31,90.79072610505715,90.91457670310967,90.73398655778497,90.905000157909,5203
2044-06-01,90.52042683288849,90.99541112001624,89.36549273245573,90.04741017255729,7994
2044-06-02,90.01987210718043,90.9439149004724,90.25919938986034,90.46037196407262,4421
2044-06-03,91.43877369579187,91.30492180944972,90.83358273780557,91.30202925203639,7552
2044-06-04,91.31999998753564,91.5434686481775,91.43924392542475,91.49841343356195,3793
2044-06-05,91.09775607508139,91.65737749973711,90.48010969233356,90.95453909588511,6327
2044-06-06,90.3655499606304,91.66082276604057,90.65833505657476,90.89259291426751,5945
2044-06-07,89.94771402834077,90.36145384094829,89.98141809539183,90.33333117216169,5584
2044-06-08,90.79735267349622,91.35659257216844,90.16012189652606,90.65475891914318,5168
2044-06-09,89.790113446095,90.81342843104434,89.86850755089927,89.97911371779395,3867
2044-06-10,89.732114042596,90.05161958069553,89.45401188608508,89.82904932437985,1447
2044-06-11,89.87776596368111,89.57110345690224,89.13607620103522,89.3268804112329,7949
2044-06-12,89.43156419455104,89.82949299247004,89.02859293482156,89.39029275380038,8979
2044-06-13,89.477576869516,89.55899039359399,88.22106604261165,89.20712191523151,9022
2044-06-14,89.06772132197528,89.30242082846783,89.23726357934117,89.29550296685663,8402
2044-06-15,88.90431713646912,89.66675969617972,89.21158334514016,89.30667824433982,8893
2044-06-16,88.78912813416521,88.84869724131019,88.33649310277299,88.81334873047777,4287
2044-06-17,88.67964644124187,89.31702153030095,88.93394267981152,89.12678726224227,1165
2044-06-18,88.8928275553482,89.18622951401404,88.86022858558432,89.10240443632071,1433
2044-06-19,88.67946619793719,89.0472427151061,88.3671844491973,88.60813993238777,2819
2044-06-20,89.69522494137213,90.14822713318596,89.72777735192444,89.72860321049066,5165
2044-06-21,90.06717410949777,90.61092352938228,89.49497580894729,89.96681829384923,9734
2044-06-22,90.0702835359502,90.30926146559815,89.85774815066443,89.89018801714957,3232
2044-06-23,90.23907286575866,90.71706904627139,90.5104555026347,90.59779028050049,1139
2044-06-24,91.23611780376466,91.73541390401387,90.75071943597275,91.51869808519379,4334
2044-06-25,90.7924481154282,91.63990383544497,91.41175335587324,91.44602337403686,5251
2044-06-26,91.50856512496136,92.05861077047213,90.61372213320118,91.61972211725423,8955
2044-06-27,91.34674749553793,91.12798535377854,90.86764827357364,91.12572070825276,5416
2044-06-28,91.4995073919507,91.40081807222472,91.0203665540053,91.05212433286876,7281
2044-06-29,91.00973761671376,91.31542685743032,90.56907765874652,90.95259305598881,9082
2044-06-30,91.45697523186246,91.06361550213154,90.54542660107366,91.04500657279965,9393
2044-07-01,91.32653491925095,91.55006792647903,91.02454474038309,91.21138681211815,5185
2044-07-02,91.52353586268248,91.59597820162598,90.75705433435111,91.49130103653218,6568
2044-07-03,91.4267351017066,91.88481405665713,91.28975043182434,91.61012236468216,2469
2044-07-04,90.28920303846282,91.37450633701461,90.23122459050624,91.00475105136758,5896
2044-07-05,90.9024743446629,90.87550084596305,90.39059751996848,90.53551749849703,1985
2044-07-06,90.24634619625273,90.51397807568799,89.66631518549706,90.2623136887652,4553
2044-07-07,90.53768235024373,90.16956809546875,89.71169410606682,90.12119339280358,9868
2044-07-08,90.36169060238294,90.86079140303966,90.1849120671884,90.64658053803964,5748
2044-07-09,90.79375710763489,90.1958132958868,89.12666140692485,90.06511104461319,9029
2044-07-10,89.81176734412796,90.09366162926166,89.3860584623571,89.88640352052784,4049
2044-07-11,90.15525157151201,90.92616721647771,89.99419839962715,90.36290826963486,2889
2044-07-12,90.14861291847285,90.69990260923318,89.99303505118215,90.21296953238655,2828
2044-07-13,90.49431428405263,90.5366631137166,90.16927333054525,90.44317735730796,8197
2044-07-14,90.3524357340212,91.0757889466775,89.40676007893799,90.37340633584401,8381
2044-07-15,90.34719884176849,90.67523516045142,90.23651404966249,90.50179796450638,9955
2044-07-16,89.84652892576182,91.22737944145493,90.19368573533855,90.38756169260161,7311
2044-07-17,90.47979615522863,91.09425269024534,89.91300569237838,90.72109442896578,5750
2044-07-18,90.27089692610532,90.33181810876536,89.66022806949292,89.94856622526257,2359
2044-07-19,89.50299341092642,90.15899530793052,89.27396060459367,89.76691022106829,1084
2044-07-20,89.4001119682862,89.92963279950268,89.46214012290426,89.91519655941545,4175
2044-07-21,89.86539425908805,90.62197938577359,89.91695434183067,90.18204418341854,2141
2044-07-22,90.9019266084437,91.32869081081343,90.40866131595597,90.92852049479545,2061
2044-07-23,90.50524181119314,91.49809418897293,90.33237738834475,90.73300816136266,7624
2044-07-24,91.38879791868034,92.190587594193,90.86012743840138,91.4727490422931,5231
2044-07-25,90.90370116756952,91.20451470743865,90.8433499443725,91.14323712896326,9267
2044-07-26,92.11048350365422,92.06537735177575,91.62543967328345,91.80756033473558,7438
2044-07-27,92.36354875132434,92.90060560943402,92.05604886556544,92.21629389808477,1315
2044-07-28,92.42495247822723,92.10681618896106,90.98595261162957,91.75956460826866,9688
2044-07-29,91.79856783791362,92.02750883094252,91.57617318801474,91.91308422689457,9812
2044-07-30,91.8020025565567,92.56344496182771,91.50083320174669,91.88746630912848,4639
2044-07-31,92.55530921302856,92.6184278557983,91.76254935374344,92.20025860596598,9209
2044-08-01,92.2059253273082,92.50323460456788,92.04213188064682,92.08862281174932,5527
2044-08-02,91.65254769485773,92.19528009684039,91.28099021168639,91.93499969891846,9807
2044-08-03,92.78647338594696,92.63930526141566,92.54754653473545,92.61954699029988,1148
2044-08-04,92.68914521226594,93.0669033426386,92.28852596577903,92.57018654307204,5535
2044-08-05,92.4452589387302,93.34561758521957,92.37256196327604,92.98339770516793,5314
2044-08-06,92.67532875267197,93.01544749907116,92.47552891456827,92.87072196264583,7149
2044-08-07,93.76114964927747,94.41572198970027,93.28073991165907,93.70405359225958,9862
2044-08-08,93.79877018976507,93.43025820710098,92.88011692147386,93.36488627759185,4681
2044-08-09,93.26721404525634,93.32834000399907,92.94972277987138,93.05781451196825,7982
2044-08-10,93.65085971828661,94.31268318893076,93.79791376098999,93.82007310252621,3942
2044-08-11,93.38513933572584,94.29677844430869,92.69021901351465,93.59759990707857,7005
2044-08-12,94.6374570333337,95.05626070874142,93.69959069696377,94.39813706016078,6560
2044-08-13,94.1161594311084,95.69173909704814,94.20091513177479,94.84405734995818,1883
2044-08-14,94.52445809961785,94.97180828053456,94.23416904842648,94.76673249667776,3671
2044-08-15,94.28287816138172,94.3791100513815,93.23099420654333,93.86008576066918,6186
2044-08-16,93.93947185230319,94.0144812527134,93.1777197713416,93.85042660853327,6946
2044-08-17,93.6736432896316,93.92504025785924,93.57182774672978,93.90124163529998,3562
2044-08-18,94.12422547430207,94.62008225631745,94.329198948197,94.48485050195217,2901
2044-08-19,95.53099449046896,95.29006486639402,95.19369095549503,95.27907409007221,9346
2044-08-20,94.95992390447825,95.07716307194765,94.00861254373336,94.93658050050034,8680
2044-08-21,95.27155824457688,95.382544761164,94.7100780653351,95.33717138249443,6454
2044-08-22,95.83206662769777,95.85242600775723,95.42247336237057,95.71987246050111,1387
2044-08-23,96.3059582266004,96.486840522287,95.97983397992742,96.25657881170633,1003
2044-08-24,96.53229550998775,96.67501712626535,94.82863707319092,96.5059237677741,3427
2044-08-25,95.13741881661636,95.82268750753155,94.99610951217728,95.53467492229322,2034
2044-08-26,95.14903616003117,96.41559347328138,95.14397130927762,95.45696370602934,1715
2044-08-27,95.10359404939922,95.61106031165805,94.47114877565461,94.87910991857089,8886
2044-08-28,94.94555246221532,95.05545412711867,94.67767510251092,94.77780703211185,2532
2044-08-29,95.38244512791239,95.93046364881266,95.03628367181291,95.26780915017879,7328
2044-08-30,95.2444307692629,95.81961523760522,94.94162882395469,95.42038456811628,2902
2044-08-31,96.22398697994439,96.08506558107203,95.86114578316314,95.994430001315,1921
2044-09-01,96.05408351819563,96.91809263218161,95.71937742648106,96.16530696167177,1693
2044-09-02,95.90660403016199,95.64722595189988,95.15303891445632,95.51614399183731,9858
2044-09-03,94.03167359172953,94.42323943456013,94.06807648453702,94.25572048855095,2251
2044-09-04,94.1725385784847,94.89666245593682,94.17370157158776,94.33012486939074,1101
2044-09-05,94.17772699657151,94.96624277351847,94.04301087683515,94.22316163621517,6813
2044-09-06,93.98887891069649,93.98104843980772,93.27723546405393,93.73468876652421,2800
2044-09-07,92.87385172048252,93.04662730288393,92.52182671414086,92.88437514169853,1071
2044-09-08,92.52830823956705,93.100702024996,92.336949626335,92.51700353496219,8666
2044-09-09,92.30228042741567,92.79269704574789,92.03483484074296,92.4197577925298,1883
2044-09-10,92.83312430037532,93.33330784096006,92.10991912078705,92.75269670438298,4049
2044-09-11,92.82579309693877,93.28586050192526,92.65093506621257,92.84701224516698,4903
2044-09-12,93.41575515357893,93.73644532072025,93.39675437929685,93.65104586875334,8408
2044-09-13,93.17143128549516,93.22813299051464,92.12690618373611,93.13324384073064,8956
2044-09-14,93.61901591734687,93.82695502229039,92.97213889193733,93.57377328675936,2433
2044-09-15,94.3023628529619,94.02547648465193,93.48062419049423,93.59742265832372,8822
2044-09-16,93.76144939667692,93.98979895915306,93.84198838792443,93.94475722038301,6546
2044-09-17,93.47468706597958,93.81086107742318,93.60472866356493,93.72649978875025,6848
2044-09-18,94.34605025387363,94.37743037881015,94.07096191991175,94.26233997569554,6647
2044-09-19,94.11210142971682,94.44948928384946,93.67202549349994,94.40995235486815,7690
2044-09-20,93.74831481804715,94.24253452270635,93.63295560033477,94.07022986240929,4211
2044-09-21,93.63314824098994,95.1601030139781,93.47232935471064,94.06421784795269,9119
2044-09-22,93.71206784892641,95.22508880686969,93.4263258550576,93.94443991848414,8919
2044-09-23,93.96406277002048,94.5086371641964,93.90005320263101,94.18902909380304,1307
2044-09-24,93.21416206701358,94.75826220929203,93.35438941709545,93.59914071911578,5487
2044-09-25,93.50937974715424,93.88221251841892,93.1320869140252,93.58446486805794,1086
2044-09-26,93.072324150063,93.87524472433323,93.22172112563655,93.7821184943826,6498
2044-09-27,93.94615988237264,94.32915107757091,93.78216596460065,93.79863014797913,8210
2044-09-28,94.3050625766184,94.61454372003126,93.91196719485013,94.47210077017361,1865
2044-09-29,94.73617705396147,94.888414126972,94.3076549223265,94.85911215720914,9344
2044-09-30,95.03143426194686,95.41982505677738,94.6713392899653,94.85537175883877,7615
2044-10-01,95.0752394804028,95.59810660179453,94.49034108801966,94.9637163075876,3711
2044-10-02,94.92257727051748,95.8048291127191,95.01462451611734,95.11154908332861,1617
2044-10-03,95.44873611210947,95.7215019789818,94.48869866930727,95.31319888541202,4921
2044-10-04,94.86503827006133,94.45316636722406,94.29447772405695,94.40036988757971,1937
2044-10-05,93.94595166535707,94.29882555165733,93.86121397348678,94.24960673969504,2614
2044-10-06,93.73351961900525,93.62037880727445,92.96402292966148,93.50738720559832,6230
2044-10-07,93.81259595801974,94.36363126825901,93.63746193723571,94.14652767932807,8435
2044-10-08,94.46873073803064,94.61415531398515,94.0518733614567,94.11610291932661,3524
2044-10-09,93.80585432735253,94.88078729984716,93.68140875540206,94.0194324444868,4731
2044-10-10,94.24279445036709,94.75728762238987,93.13884948027679,94.46783111050341,7530
2044-10-11,95.02375655158654,95.1051603484549,94.55665749205488,94.67899350922835,4407
2044-10-12,94.33114873576548,94.18836436463766,93.85878915779062,94.11467625203875,4654
2044-10-13,93.87549580055106,94.11689969140484,93.38234380281662,94.07922357077506,2264
2044-10-14,93.94985070579385,94.16896020415246,93.88029891268766,93.91164008416187,5323
2044-10-15,92.82638806971286,93.23345765657581,92.49346687303161,93.03937363985884,2685
2044-10-16,92.21641419569802,93.71943384879599,91.56112138003037,92.69423552324024,5168
2044-10-17,92.65925089767026,92.83322192985946,92.48138915857075,92.60246536223201,2552
2044-10-18,92.43806324614404,92.73736516336949,92.19041660150532,92.54498989648609,5318
2044-10-19,91.52012411777098,92.98122988351948,91.4191229063882,91.80387418464743,6645
2044-10-20,92.77112150005487,92.67231042462296,91.89814079513856,92.37970697617116,1484
2044-10-21,92.05504939307504,92.40122979481063,91.830218387149,92.32865544672545,6804
2044-10-22,92.3906255725199,92.81987223561774,92.03621829529186,92.34743198505574,7409
2044-10-23,92.87172627536935,92.58879625403937,92.40091220924585,92.54775280422565,7359
2044-10-24,92.07689807271274,92.54382325134263,92.06216398133238,92.15371467727381,7897
2044-10-25,92.16164002860594,92.90529311558583,91.59783336889977,92.38189266384016,8349
2044-10-26,92.287679832172,92.27201477034677,92.0198762397179,92.19835534083107,6248
2044-10-27,91.88677248758219,92.21776120049863,91.02098367482867,91.75006257050748,3612
2044-10-28,92.29975452619257,92.45707016608101,91.74266261652679,92.03678631718518,6983
2044-10-29,93.34398608203412,92.87245626602186,92.32405391582581,92.78262324658607,4791
2044-10-30,93.00785062884177,93.62144732194072,92.5295089816512,93.145037933329,9274
2044-10-31,93.66528291755455,94.18035802987308,93.49955239115377,93.60652671589921,4096
2044-11-01,92.96543931772408,93.5306236187424,93.06104115640107,93.34621141261806,8600
2044-11-02,92.74731464789804,92.93407239535618,91.75335188185362,92.54740154803383,6193
2044-11-03,93.34758530189248,93.50415905420162,93.00067499220566,93.29247030908375,6763
2044-11-04,94.26612093414853,94.9492291172702,93.75188450788163,94.31972775378613,3477
2044-11-05,94.90571298689488,95.11193488835616,94.74288965671258,95.09113114067097,2989
2044-11-06,94.81871004557674,95.53729581807156,94.69437114989624,94.9232381711811,7008
2044-11-07,94.41682090476048,94.9088861671337,94.07463304635375,94.34592100181668,9651
2044-11-08,93.52322853656999,94.02729387028468,93.76296703812211,93.8130796529069,8485
2044-11-09,92.87907749564728,93.61275608728809,92.75013337467398,92.97121336909987,6561
2044-11-10,92.92252747293442,93.13311392006963,92.81568463936894,92.91752405989484,7309
2044-11-11,93.25847700107236,93.95460186430202,93.49089356145377,93.72036303893607,6571
2044-11-12,93.33414251944798,93.87275511465234,93.39667429221997,93.64953172299995,7288
2044-11-13,93.60269181236826,93.85319392462614,93.53757065105428,93.80069317317408,3514
2044-11-14,94.95896117514738,94.86512376119475,94.47971273653455,94.48849165532619,4754
2044-11-15,94.03722645659246,94.83857553304033,94.05053873864182,94.28644399941,8204
2044-11-16,95.28747224175656,95.3744226614922,95.18126734665314,95.30420972776979,5507
2044-11-17,95.98808780746037,96.51796475788399,96.25130601355632,96.30025693151852,9577
2044-11-18,96.00178030453401,97.09719397924391,95.51201209364764,96.23470126217828,4493
2044-11-19,95.51363161870435,97.15806656551732,95.6276045068837,95.94593413016867,5133
2044-11-20,96.49564385976592,97.01332604408603,96.26210039556743,96.29455315336382,8385
2044-11-21,95.72312680487389,96.36106239490779,95.44529516440997,96.1207906821044,4114
2044-11-22,95.81461637751413,95.83069108237764,95.23255124266345,95.54251307357073,3165
2044-11-23,96.32350155914871,97.35425583553587,94.99080991114627,96.18313240033221,3653
2044-11-24,96.76873553985078,97.58778212615675,96.22672691156016,96.79135609397076,1197
2044-11-25,97.1511196644705,96.9543949092376,96.67720493952733,96.86911189585254,7394
2044-11-26,97.16863990182267,96.9178270154634,95.82082087972408,96.23767951898844,3515
2044-11-27,95.76617408571767,96.06590143461682,95.56448139140309,95.62291639337975,8670
2044-11-28,95.3405128509901,95.92846100467557,95.26907186602183,95.67653103758933,9295
2044-11-29,95.8733008182506,95.46919348532221,95.3049739586906,95.42659552033682,3032
2044-11-30,95.3118824912237,95.6648922107933,94.89677553669107,95.25604905426601,2257
2044-12-01,96.40036765213823,95.88392631559587,95.2394667236111,95.76703063179602,7216
2044-12-02,95.98180522392428,96.37022789501108,96.09280177164752,96.1336202905073,6281
2044-12-03,97.20727483756326,97.3737892901417,96.32120530227449,96.8226916307561,6018
2044-12-04,96.32733298787328,96.65296816601335,95.90698175715112,96.32738001906746,1336
2044-12-05,96.95280273956335,96.27690635096893,95.67665092670906,96.15578423472411,6608
2044-12-06,96.4507948558056,97.47920620106534,95.75323498799834,96.53527508245416,5292
2044-12-07,97.65981484429771,97.1105657624923,96.75779300924422,96.75931425296062,1994
2044-12-08,97.65745226010905,98.50283571598567,96.57187223208443,97.52550444425442,1099
2044-12-09,97.98986222464102,98.35799082108082,96.82194073274852,97.73577279720647,3110
2044-12-10,99.16992708244005,98.7055179794732,97.99433338847469,98.65982734925923,2020
2044-12-11,98.69350996307917,99.37007690057786,98.55357341854038,98.9298362501208,4777
2044-12-12,99.75164902772316,99.47662871064841,99.13975927410915,99.46091997391514,3331
2044-12-13,99.21133649826167,99.38171227626952,98.99318821689964,99.29916250052291,1875
2044-12-14,99.35164177026118,99.50180582722672,98.88756165299392,99.3063061064649,9173
2044-12-15,99.78669668560781,99.97585443492859,99.69079721968005,99.76177830838463,8305
2044-12-16,100.7399906146107,100.61161447047385,99.69603043098843,100.56826739368117,9610
2044-12-17,101.09194116651214,100.95372157940622,100.3355910448256,100.93288586833654,6889
2044-12-18,100.7187415063646,101.48202061315789,100.37941957730058,100.89129998236923,1990
2044-12-19,101.61742374843188,101.61297849010643,101.24011409881737,101.57996749713341,3474
2044-12-20,99.78367742318552,101.26824513834812,99.739356043444,100.48397816899346,9875
2044-12-21,100.06991301767536,99.98242781503448,99.49341065636914,99.77286091824003,1042
2044-12-22,100.62186054117856,100.73230552151153,100.07727496564293,100.11367803007423,3035
2044-12-23,100.1779206228054,100.196440242194,100.07518520324393,100.12073220820079,4379
2044-12-24,99.94168236972104,100.78079543982501,100.25523025053701,100.42348903376286,5242
2044-12-25,100.67857708584698,101.12486370763982,100.28050987277093,100.45569279497884,5912
2044-12-26,100.5120347873007,100.81074987314709,100.70611616280958,100.74116564228078,3428
2044-12-27,100.38865913520256,100.68910525035972,100.21323801926404,100.33396423178418,4187
2044-12-28,100.82486001304294,100.93156435825065,100.24617830538125,100.61920727482402,4740
2044-12-29,101.28034965278341,101.1931282291205,100.35283402223877,101.11641453892781,1843
2044-12-30,102.05094641585144,102.4932771385746,101.08124689264788,101.72668984089343,4278
2044-12-31,102.77738118013664,103.60425181334335,102.15582181668817,102.73346698821778,2076
2045-01-01,102.90752469295609,103.19095230721994,102.47470197789579,102.85551620996898,8265
2045-01-02,103.21350886572566,103.9578885537546,102.95274920375617,102.99247175339256,7068
2045-01-03,102.20946775043805,102.71922436895932,101.59030734990628,102.23088552130564,7800
2045-01-04,101.75880909505298,102.86509958843064,101.70110708588442,101.96517982073642,7900
2045-01-05,102.00424431117999,102.11170701715753,101.39593546413553,101.86863878373312,3295
2045-01-06,102.05513966655774,102.60782793369688,101.85940078229248,102.3937985598713,3897
2045-01-07,102.06403095367003,102.14446697219267,101.73288057857586,102.08829799782649,4927
2045-01-08,102.07313496998171,103.68240470242955,101.73897495889821,102.4864680077009,8499
2045-01-09,102.3192133593779,103.02911495811371,101.71873459670105,102.48565714921921,4107
2045-01-10,102.2430708286404,102.86265201674014,102.30641125604339,102.39707309166184,8364
2045-01-11,102.22625525337571,103.12004757864166,102.0879245133478,102.52152007622846,3231
2045-01-12,102.6561014563356,103.6792858605898,101.90020595072536,102.32594189010204,9258
2045-01-13,102.4168207459954,102.64270926892239,101.16551799770161,102.11142326605571,3080
2045-01-14,101.65323413599444,101.55371511679543,100.42142910111676,101.25903031316065,6286
2045-01-15,101.07869994264401,101.17247911560452,101.13183980340723,101.1350532094967,7841
2045-01-16,100.76498673986596,101.03182992015985,100.64939318934056,100.89506913642234,2268
2045-01-17,100.87815408332425,101.37811527948902,100.30878075144867,100.6370786417478,5691
2045-01-18,100.8840390415758,100.9240347581412,100.67781964653499,100.84551517304283,9135
2045-01-19,101.21188638814783,101.21044684816758,101.06171637563033,101.17483114943808,7762
2045-01-20,100.52778801157474,101.74299782330999,100.49395210550652,101.29092840175925,8692
2045-01-21,102.01559037792941,102.0578992237682,101.77241538254431,101.78863599698397,2874
2045-01-22,102.26360945463793,102.83400515662095,101.60536630168937,102.07641695989916,1601
2045-01-23,101.92726393806345,101.99147632514376,100.93326537498103,101.92888886499634,7259
2045-01-24,101.94221505447837,102.73304637340571,101.13558040697954,101.69746072213916,8044
2045-01-25,102.03438243736375,102.72421155876627,101.09286969151958,101.85387184052257,5780
2045-01-26,101.93174987001959,102.4018204885864,101.63605098345677,102.14075539547352,8512
2045-01-27,102.77374167370792,103.61331682461274,102.64436193876364,102.83967754898927,3582
2045-01-28,103.1329285129578,104.03997529840524,103.38730373342237,103.43526407145932,1095
2045-01-29,103.60319926417827,103.57863042103537,103.11473345760176,103.16452756820573,5220
2045-01-30,103.40667857171643,103.27117924152739,102.98715888146343,103.1135244281421,9425
2045-01-31,103.20485812894637,103.58244641614118,103.0386985708792,103.44903333060098,5677
2045-02-01,104.16869487457895,104.32267737944427,103.88004408031546,103.98303221963047,7774
2045-02-02,104.53609465443397,105.56641673265116,103.34848741522832,104.45251695398287,9213
2045-02-03,104.21479215991742,105.15942447408327,103.76942468217483,104.4205780375672,3808
2045-02-04,103.83086481394147,103.93644906937112,103.35806512209172,103.79356671135294,2235
2045-02-05,103.5516139324605,103.85224360838072,103.1602548220665,103.29409852323015,9187
2045-02-06,103.71239113862892,103.5678806709249,103.38242569877164,103.43041528038985,3522
2045-02-07,104.30112317892278,103.7037506553636,103.53038134859719,103.60152807010202,8350
2045-02-08,103.08047512933636,103.21352661588482,102.55079960506609,103.05218838338483,9609
2045-02-09,103.00313650859609,103.14873869665023,102.85152419642614,103.07447318882947,1552
2045-02-10,103.5587274464787,103.96760028751936,102.96704955235803,103.39008536731535,3587
2045-02-11,102.75958327684148,103.19442846015004,102.3975226960284,102.81447203856179,8966
2045-02-12,103.19149930737912,103.86540418684243,102.38919993081939,103.36697063946399,8700
2045-02-13,102.90047009442414,103.4809898928358,102.4172034405663,103.17820506518407,6193
2045-02-14,102.77871496298091,104.1314125295482,103.53292884199679,103.80701162147241,9227
2045-02-15,103.76073722764671,104.14226488108957,102.92442554725005,103.54028539858446,7092
2045-02-16,102.53558053752086,103.81985994116553,102.82626834415008,103.02697265714237,5065
2045-02-17,102.5339481292332,103.32580328145478,102.65691516143927,102.7979041622215,9722
2045-02-18,102.83806317804135,102.91236619258373,102.4937524625736,102.75033010068285,4089
2045-02-19,102.45963810892391,103.32660668184734,101.76085801115225,102.55609014729711,7227
2045-02-20,103.09287861126403,103.15061722931199,102.36010240920223,102.44808943651054,5800
2045-02-21,102.16230001942449,103.30042000580113,101.59115872152077,102.61507201134864,1917
2045-02-22,103.20109865522045,102.86547040312719,102.32623015345358,102.52948232645045,8889
2045-02-23,102.91060151218961,102.95702064838672,102.3511945416438,102.49642612947444,7537
2045-02-24,101.91454184540262,101.8079018268385,100.44212432651993,101.64181292987314,3067
2045-02-25,102.26945559082164,102.58830037963425,101.42271598786833,101.83766193787838,3404
2045-02-26,101.91444388864736,102.05049262023444,101.5656933455538,101.79306028903254,8317
2045-02-27,102.08723088010952,103.58753242304823,102.55609848480076,102.59820677927398,9963
2045-02-28,102.28287969998178,102.52148446944612,101.81080768471973,102.128424195647,3873
2045-03-01,100.78007391384014,102.12304895374022,101.14884601800456,101.22427653139724,8707
2045-03-02,101.37480209465753,101.76520941318721,101.46635684383979,101.53331077836226,6480
2045-03-03,101.68314965820404,101.90908908974086,101.2979724856874,101.70657428751876,1716
2045-03-04,100.9290390218819,101.68699737642538,100.35976051184925,101.2023577772532,5159
2045-03-05,100.72129664086049,100.85947792581075,100.3842736383788,100.43748329975115,7429
2045-03-06,101.14205439199354,101.65570243151186,101.13616775398036,101.2061816650933,7485
2045-03-07,102.03602932969802,103.11174881949728,101.64967706461775,101.91323686039668,3556
2045-03-08,100.66668453233551,100.91052837965344,100.38141362749052,100.66950848104362,2457
2045-03-09,100.47825071431741,100.8024440676684,99.77011981914504,100.44039696641536,8605
2045-03-10,101.00643280847926,101.50790818205921,100.78983075893365,101.27249299380732,7678
2045-03-11,100.68224928135785,101.305151401236,100.50664483649847,101.03446171491838,4601
2045-03-12,100.74302499679739,100.97910120224884,100.45584994180126,100.78915559790505,4837
2045-03-13,100.35794165100592,100.70570631351137,100.4267354411885,100.64777593409038,9272
2045-03-14,100.50539415869356,100.17458527797919,99.93112066529073,100.08732744720629,3428
2045-03-15,98.8220090499547,99.41109201176685,98.92530149044887,99.23493957509227,7837
2045-03-16,100.46231392377285,99.79268577873064,99.41460781669323,99.76121323045965,9030
2045-03-17,98.93035231559399,99.02739236219251,98.4041829950189,98.83974477733581,4995
2045-03-18,98.98417857486035,99.1532460659071,98.26305221610609,98.96338050339018,3695
2045-03-19,99.24459037500303,99.94500257552015,99.06661990809754,99.40667024976901,5511
2045-03-20,98.87813341002422,98.76876392123164,98.05714671374331,98.68105710031843,8029
2045-03-21,98.15764039580459,98.39245603512103,97.49425302079048,98.2189228990209,4879
2045-03-22,98.91565475155707,99.55416487770945,97.6505725945002,98.82551249321669,4762
2045-03-23,99.34450530344215,99.30368751924541,98.92023103231618,99.09195835333021,1222
2045-03-24,98.98410834064886,99.04852723187838,98.4902261829416,98.78331549989076,7339
2045-03-25,99.75639836185566,99.58360931291573,98.82603517939468,99.38444000157135,2014
2045-03-26,100.14906018539675,101.03022270142885,99.61697226167723,99.98770786329851,2018
2045-03-27,99.83685390334257,101.26684784189838,99.5951593316245,100.12223420980635,3296
2045-03-28,99.04821729502135,100.0643376637548,98.95513116554298,99.67215409586953,9417
2045-03-29,99.52873986292092,99.82183214661106,99.31409228864423,99.46542974413363,6773
2045-03-30,99.67626206244803,99.87941458211102,99.15115048484716,99.60862311611132,5582
2045-03-31,100.09210464607074,99.60243205435688,99.38624209310692,99.51432570153757,6269
2045-04-01,99.94905210557572,100.25914395196752,99.38248015808693,99.983804290655,4947
2045-04-02,99.33126494153461,99.65300499037829,98.1425877054194,99.21891725060034,7353
2045-04-03,98.70493840779692,98.83472927798321,98.14701616632144,98.47178548606722,5411
2045-04-04,98.71624347810469,98.71181885289847,98.17351598392959,98.56222104180843,5495
2045-04-05,98.56963197245017,98.40810725591663,97.67393442123115,98.31644883490497,6247
2045-04-06,97.75746173511834,98.54980872766886,97.18281673324321,98.0029245275561,9069
2045-04-07,96.82598626783867,97.47748115527556,96.66317909867497,97.11889616796891,1768
2045-04-08,97.044500841201,97.41084930271002,96.71716341190587,97.128669090368,9215
2045-04-09,96.45007161945969,97.85122087375736,96.69692237235688,97.10229153636762,3173
2045-04-10,97.4171571502631,97.69858635769431,97.29152429121596,97.42903102734348,6290
2045-04-11,97.2656091661815,97.86293354295054,97.42461376748832,97.46348409390397,4292
2045-04-12,97.49384605487205,97.91142155937878,96.75847936046877,97.39718205478373,7111
2045-04-13,97.90616173647793,98.06227894345794,97.80527378211208,97.9856823731789,8224
2045-04-14,97.02481887766423,98.0206400942996,96.87219711277871,97.32944872145463,6780
2045-04-15,97.99090038978113,97.93092144649493,97.23291638596949,97.59764333087841,3080
2045-04-16,96.78682547974313,97.19915468442899,96.205562417497,96.76206974848074,7043
2045-04-17,96.6017464609079,97.76270026588428,95.83795087158492,96.34288880848032,6227
2045-04-18,95.7916145803949,95.91457647573225,95.53362327931738,95.73656024216868,8139
2045-04-19,96.26673004925675,96.55835594105622,95.9641922607398,96.12753150989464,3112
2045-04-20,95.6865276757015,96.44158522520964,95.96816101304363,96.09482639309694,4147
2045-04-21,96.47150582198734,96.79911243451336,95.77455118717347,96.08807477080045,7048
2045-04-22,95.7983127720486,95.82761692566945,95.01973591507542,95.53470827693572,4947
2045-04-23,95.37920943876755,95.53808968929407,95.04006285590933,95.38486152896928,6572
2045-04-24,95.0895295054767,95.13300256901388,94.84011421903598,95.00312887731472,7051
2045-04-25,95.4956381428097,95.63687457184426,94.86694341237043,95.19485638474183,5529
2045-04-26,94.58771075584289,95.04630243723955,94.49239494783407,94.69931081707603,9817
2045-04-27,94.88928387527922,95.85040986948388,95.26326039164644,95.36420799967857,8475
2045-04-28,94.42043858255153,95.59324057720747,94.3717560255064,94.52641777486652,1404
2045-04-29,94.16887470628465,94.1802424003823,93.94745382568034,94.12315785863824,6755
2045-04-30,94.95202617599928,95.57341163751454,94.36392614472902,94.96175811362129,9334
2045-05-01,95.1394585868389,95.00118687880443,94.73990229344672,94.74418873964026,4720
2045-05-02,93.79877869076228,94.22581657658297,93.58256469052075,94.08674940743806,3806
2045-05-03,93.94629799956687,95.40247351566882,93.9379925097173,94.1962851887069,1287
2045-05-04,93.64117511709634,94.40088354100436,93.39377229928208,93.95858906759962,5167
2045-05-05,93.66927626830771,93.59876257141617,92.73333902259719,93.54065393979047,2818
2045-05-06,92.53490840846897,93.26163271932363,92.70439374440159,92.99271853439112,5649
2045-05-07,94.60003225661407,94.62653457999491,94.32502121236809,94.37690533720408,6383
2045-05-08,93.97126403071918,94.51207109396454,94.20247547839037,94.25112938711202,9970
2045-05-09,93.05641499901922,93.85787404001543,93.05326266716466,93.28834570694558,2940
2045-05-10,94.56626816444572,94.13284787634645,93.7833145131603,94.03520058644834,2067
2045-05-11,94.71050995761233,94.49043296066975,93.88967745734786,94.34073603900363,1989
2045-05-12,93.99326681882081,94.25362501230575,93.47566767726997,93.95750282349374,9480
2045-05-13,93.09763183398786,93.76034845859922,92.68355696136956,93.49094327915067,8746
2045-05-14,94.43200641422504,94.42002757617028,93.75181805077777,93.82767967722978,7143
2045-05-15,93.6453240477543,93.86409062061881,92.27318156692365,93.70422051348505,4107
2045-05-16,92.81550589720297,93.3082954355017,92.39467389084768,92.7412316042625,5633
2045-05-17,93.90843171729827,93.86590956846476,93.50975712657467,93.63485158656484,8461
2045-05-18,92.82898779349489,93.44502418518955,93.24193172033266,93.41785635545686,6219
2045-05-19,93.97363102414859,94.83377704197375,93.76910017792643,94.16564222369807,2174
2045-05-20,94.78443728067082,95.61784868268413,94.27295952724157,94.80485970268093,4537
2045-05-21,94.34357084395295,94.73814466919265,93.75157783324062,94.30435493043952,8591
2045-05-22,94.42986781000019,95.53603623443048,94.48291260913398,94.82094986262109,8780
2045-05-23,94.59312988608353,94.6912926504331,94.2020687332318,94.49522858768925,2688
2045-05-24,93.57200041546885,94.60872701935233,93.18939788881258,93.56187829428728,7552
2045-05-25,93.84977450598399,94.11724606959547,92.65363650066244,93.34957921127621,1643
2045-05-26,93.84848519886606,93.98018214201929,93.25755951955665,93.54839796216434,5346
2045-05-27,93.23625290198358,93.70812301016723,93.252579681458,93.31702963816618,6843
2045-05-28,93.10468462161823,93.24166803968136,92.70464378877287,93.16350546770363,9044
2045-05-29,94.0396375212648,94.424403413503,93.34084772250016,93.73528849016793,5974
2045-05-30,93.87362276690813,94.31517904728919,92.77180976633879,93.78853548031299,3619
2045-05-31,92.95554630146464,93.82002688475852,92.50816411077172,93.3668863246705,1554
2045-06-01,94.34603873709126,93.87381501294145,93.21019127901567,93.71790148650418,7069
2045-06-02,93.5197786621067,93.98054303302736,93.17216676489218,93.8167392699813,2843
2045-06-03,93.2996277322701,92.72890870324031,92.15648303285438,92.55593686925027,1532
2045-06-04,92.89849980275989,92.83514874677776,92.48310215416116,92.770113326136,8831
2045-06-05,92.77539529309226,93.41068663365871,92.50862241181919,92.96602767999404,4492
2045-06-06,92.26597843954885,93.39114707703209,92.72805146020494,92.97608824478448,1633
2045-06-07,93.65496787609378,93.71760919590562,93.2402614877653,93.42193853531927,6803
2045-06-08,92.62064856747024,94.3487223840407,92.94156810927717,93.085741743156,4282
2045-06-09,93.36118000507692,93.3179858194051,92.9253139667358,93.25399163756646,3180
2045-06-10,93.0506017627395,92.52493889234914,91.77087626436614,92.47051195198279,1956
2045-06-11,92.33275348411317,92.75806994456197,92.22479364714147,92.6740571436822,2323
2045-06-12,93.87200361507405,94.02774931072534,93.59561272228551,93.65058699145214,9410
2045-06-13,92.909678930761,93.81555177041798,92.64087473322547,93.15315881521838,4056
2045-06-14,93.11320261025516,93.004826989212,91.95972189160176,92.77325774922448,5482
2045-06-15,92.43799683176515,92.59640068664474,91.80402063850319,92.41825002777871,3718
2045-06-16,92.47753012132344,92.7705956375333,92.24597175950052,92.4832491406795,4372
2045-06-17,92.31391749769521,92.28718819309503,91.5839627263487,91.95173100425265,5209
2045-06-18,92.34994242594321,92.87031001384449,92.02265092047027,92.16235469359815,4657
2045-06-19,92.34436795477538,93.08630708761811,91.64442732879357,92.58577466633272,3870
2045-06-20,93.3890822995859,93.00136182733254,92.32178101089073,92.85294827305961,9251
2045-06-21,91.50799261503472,92.07538476693355,91.76044462698849,91.96874056024058,1926
2045-06-22,92.54903352151418,92.89252883171898,91.25308824819925,92.46632439281989,4837
2045-06-23,92.68814869267995,93.13128200756543,92.32605176741751,92.93500809994673,5850
2045-06-24,92.90392137385251,93.46938088008517,92.56143663688448,93.35008878611987,7258
2045-06-25,93.19625560750788,94.05794261522759,93.36664719935264,93.53650991044779,9486
2045-06-26,93.63183271159816,94.35987264475368,93.48035907715567,93.64660456755036,1615
2045-06-27,94.26771729585812,94.78900485885632,93.64605653298551,94.16279926661355,2583
2045-06-28,95.4422355597751,95.64974806409018,94.64864498388947,95.12455601041528,4855
2045-06-29,95.09084673155097,95.03816614147226,94.61144492746236,94.64803577873286,4507
2045-06-30,95.27040462076145,95.93831077545201,94.84073228889838,95.18709847663024,6352
2045-07-01,95.01103194396528,95.1753641904111,95.12864675118605,95.14398992762652,5349
2045-07-02,95.39085859371359,95.37921162923448,94.93959418923684,95.07915340161222,6484
2045-07-03,94.12649561114851,94.32159720389735,94.26702399827188,94.31088805642119,6507
2045-07-04,93.6898089929541,94.43555417246995,94.05618100275206,94.1684933516635,9538
2045-07-05,93.9515643264121,94.23308975124387,93.16982259390667,93.6698608726793,6256
2045-07-06,93.83510721347037,93.5082118595297,92.80481889339171,93.43793365792632,4224
2045-07-07,92.64229697161511,93.06033194972039,92.14237925287968,92.88884046603724,3105
2045-07-08,93.25263322143044,93.24150367483062,92.4514539835613,92.66438627238074,1219
2045-07-09,92.6362467895198,92.5229520632946,91.74104394491522,92.46133109386903,6137
2045-07-10,92.6398971464779,93.53981558940079,91.6633362446879,92.50970855308844,2200
2045-07-11,91.5473277923025,91.92624112387865,91.09012851308773,91.70233362194277,6675
2045-07-12,91.28476117854318,91.97854865032656,90.77813763036892,90.9795745480701,6613
2045-07-13,90.70321824529255,91.64789927439159,90.42092405621293,91.16053168343538,5581
2045-07-14,90.65987549122733,91.02055507634056,90.48650681170678,90.76181262490033,6834
2045-07-15,91.07912854922662,91.62034360441841,90.7376534724906,91.29907752001529,7053
2045-07-16,91.0190325559786,91.97149543951336,91.40526648924362,91.41171238102281,1704
2045-07-17,91.9739896927207,91.95420976005522,91.52815641631412,91.71509345612601,5944
2045-07-18,92.52278115931374,92.56587521165851,92.14789673813087,92.42043961633647,5048
2045-07-19,92.50699166199142,92.59085520845396,91.86805816552844,92.26558421043318,4561
2045-07-20,91.89485085504799,92.44695344455835,91.18185167528412,91.97834085772504,7401
2045-07-21,92.70971601611637,92.74206778084401,92.4105496644037,92.41419215052444,3929
2045-07-22,92.69209145938385,93.51065635486061,92.46805181100933,92.66894893248929,3451
2045-07-23,92.4336398773869,93.07328233105933,92.28185916018083,92.57528377757863,2247
2045-07-24,93.0793461313873,93.94382672022068,92.80136968095108,93.27101276105661,1770
2045-07-25,92.57001947614918,93.6406666451762,92.36690298606202,93.16489060613665,3595
2045-07-26,93.53058881593962,93.4770992450463,93.07629297178546,93.18127742491454,5356
2045-07-27,93.50716030101209,93.19550740705644,92.64886048898481,93.19188875033167,6890
2045-07-28,93.60280247234789,92.8857123798003,92.67398599693243,92.72459180288243,4427
2045-07-29,92.66299858622848,93.41968863120196,92.45769448713878,92.76338449762562,3373
2045-07-30,93.26172650564234,93.50026141839405,93.07335882182275,93.46176458632488,9063
2045-07-31,93.17381817723569,94.3167066914991,93.13575702219646,93.68424874401296,4374
2045-08-01,93.98777036035214,94.20134895886521,93.32893345776787,93.69978045721243,1007
2045-08-02,93.83784474699328,93.73479319794255,93.06104350574954,93.61889681662959,5709
2045-08-03,94.24986430662229,94.34046447735031,93.43097552993974,93.78433033083276,7768
2045-08-04,93.88422103925079,94.68897293742445,93.53860781710638,94.15921364507736,7351
2045-08-05,94.67874272986178,94.62656022497474,93.59063760041477,94.46383306052223,9141
2045-08-06,94.14128845670766,94.49580309997636,93.74175405171304,94.29790062961125,2068
2045-08-07,94.86340628485056,94.52549884007486,94.07192332254273,94.4602914266663,9713
2045-08-08,94.86112583368813,94.82367296247872,94.54862844195193,94.70026129724044,7485
2045-08-09,93.72995559417471,94.7969856696375,93.6102320419726,94.19666380347695,6864
2045-08-10,94.24141996216542,95.32144976839015,94.00692064461897,94.2807790740688,6598
2045-08-11,92.6156928702047,93.60906034339244,92.35987715082898,93.20012713091762,6462
2045-08-12,93.09240947214774,93.56300477245432,92.60129403966754,93.44139398582821,7312
2045-08-13,93.44072626746144,94.2225647022146,93.5972492527284,93.77156551310955,3315
2045-08-14,93.9530561412235,94.36395654708197,93.75256424143458,94.14533857600279,9940
2045-08-15,93.8690094147166,94.3042040923318,93.52421252373479,93.947815149918,9791
2045-08-16,94.15171349595283,94.10561255074833,93.93448158923582,94.10233856743001,4800
2045-08-17,94.8486792004389,95.24141531450701,94.3134387733085,94.8143154902006,4895
2045-08-18,95.51404236552618,95.63692642184006,95.11510209309279,95.52120031434623,4425
2045-08-19,95.60632959314738,95.90750655689719,95.1655566350767,95.50661396473295,7215
2045-08-20,95.20133538769547,96.07942778289427,95.4188095458755,95.57627378009772,3680
2045-08-21,96.15368296681639,96.21245291904988,95.77992271042652,96.13172935246494,8339
2045-08-22,95.81166605278936,95.41638541687287,95.07606096104745,95.38132834483386,5322
2045-08-23,95.17004962543618,95.83298544545632,94.37262774836077,95.21979047349535,5702
2045-08-24,96.03597753093366,95.99138940027169,95.46989472795491,95.88757570126373,4248
2045-08-25,96.49566338561411,97.2482147312532,96.30312953045885,96.3751759721061,9293
2045-08-26,96.81848839011184,97.2336502609048,95.9349192027213,96.55980786093106,5038
2045-08-27,95.89303332818697,95.8718511104714,95.75521155893448,95.80689165826576,1259
2045-08-28,96.03554611035497,95.8716355613354,95.24839993370976,95.78193654174517,1276
2045-08-29,95.63916625737343,95.79702544241363,95.33991427295557,95.4869788436202,5691
2045-08-30,95.84968379763703,96.05917826325326,94.85919951436826,95.6524982950288,5560
2045-08-31,95.38046324531487,96.09004812233678,94.8479182524685,95.24782495263136,8539
2045-09-01,94.43292645079526,94.74144522587994,94.55682323027327,94.73496325514407,4326
2045-09-02,93.35130131229445,94.2460643727697,93.1588253394839,93.70253061630224,3934
2045-09-03,94.20746472123932,94.32144545399741,94.13953037647069,94.3134329587906,4358
2045-09-04,94.57903986152196,94.27012846450911,93.54662401962857,94.11354770306906,8729
2045-09-05,94.14062468174212,95.58373816604399,94.17248077222291,94.19212059492033,9545
2045-09-06,94.28386938211085,94.71597333644576,94.13441780696888,94.19100153668325,3159
2045-09-07,93.06709267344621,93.6821152480571,92.60025790752702,93.65728457020299,3763
2045-09-08,93.08587468467934,93.0837104570785,92.78541413200959,93.0277521144789,4276
2045-09-09,92.55086695700527,93.00062298272101,91.91136503590286,92.52509455148028,7209
2045-09-10,91.36151464471766,92.66294141222969,91.92366786179178,92.16351033206558,1460
2045-09-11,92.43408013816372,93.8025884152328,92.06086100944975,92.34681345557249,9737
2045-09-12,91.4536604568156,92.27045120117884,91.29110917858043,91.94895462381217,6593
2045-09-13,92.60459519013587,92.83618321159881,92.30565741438174,92.82219993960949,5805
2045-09-14,93.63411706153855,93.99134736844955,92.77043805862881,93.33577545755607,5139
2045-09-15,93.78719069044024,94.18006230220101,92.87275546897044,93.73995523238892,8840
2045-09-16,93.54559075386142,94.80321978793147,93.63440582954723,93.68012578115234,2358
2045-09-17,94.27704358920843,94.71566412242647,94.36532526770202,94.43726614901259,6467
2045-09-18,94.20286566336206,94.87847755458044,93.94003661687377,94.32826333345201,4556
2045-09-19,94.36089931272213,95.21469217235709,94.2759816116983,94.31263262637489,9148
2045-09-20,94.03742703903077,94.81275097160956,93.84776987726437,94.39761989624954,9196
2045-09-21,95.0858566569652,95.67731713910466,94.60272029118961,94.7485314165212,2210
2045-09-22,94.72271635235943,95.39541848767745,94.99921479919647,95.06698545602269,7394
2045-09-23,94.31130555694851,94.95322858502112,94.47981639305334,94.8294228168004,8543
2045-09-24,94.86027189667153,95.25001268327318,94.09029241735078,94.56292595708742,5164
2045-09-25,94.75180103844562,94.92196240373136,93.30333342889084,94.88287743566346,9183
2045-09-26,95.2616336048068,95.60426941450439,94.62343732763814,95.24049572760907,6368
2045-09-27,95.2402094703005,95.11830599757982,94.97051663758648,95.04382016519764,1231
2045-09-28,94.03439504599005,94.64363994572594,94.05002745799052,94.25022613035841,4534
2045-09-29,94.18771180806031,94.25832161250254,93.17071443416158,94.14656808235429,2646
2045-09-30,94.65279547624378,94.4680692144179,94.13827459888104,94.45833098176722,1792
2045-10-01,95.8540098707396,96.32578053629015,94.97519617583566,95.3610394049771,6255
2045-10-02,94.60874275605715,94.83344790039213,94.3646738801914,94.76206042380679,3790
2045-10-03,94.40989063728384,95.22094503346393,94.38235672581517,94.54877479739149,5862
2045-10-04,94.5230710024264,94.68358599263935,94.2929487400308,94.3540730166288,7622
2045-10-05,95.0945535755622,95.81249697413794,94.3513277195347,95.03197568634455,9278
2045-10-06,94.9733942082668,95.52085103839072,94.36558438616157,95.01450493611524,3027
2045-10-07,95.03864865118167,94.76542419103608,93.91100238026392,94.5608416564291,8680
2045-10-08,94.33545811709655,95.11167715127603,93.93492625410643,94.84018929789002,3446
2045-10-09,94.21134640273219,94.78509733652054,93.89150872352373,94.63787003786955,7889
2045-10-10,93.52441181926395,94.45869362380226,93.59952690164077,94.02567640119057,6701
2045-10-11,93.93979373585249,93.71866262461752,92.59099258755462,93.5792897475525,2423
2045-10-12,94.60072772112994,94.812365112108,94.38228860325755,94.4463107247638,7507
2045-10-13,94.2271918104285,94.91678259175092,94.6149452774697,94.63841533558853,1080
2045-10-14,94.65538534591003,94.89497244797937,94.5338368698206,94.6922953633148,9263
2045-10-15,94.5590458174071,95.13663886227597,94.19666154917012,94.56734849540878,2080
2045-10-16,94.0506570307071,95.34559156734936,94.48757093977021,94.71342291646818,3554
2045-10-17,94.91002402785314,94.9776536431746,94.2953211237193,94.85354088946943,6548
2045-10-18,94.6463614849331,95.01307522981777,94.85260475999108,94.99962530357308,1719
2045-10-19,95.26904841277926,95.14139422111666,94.63013606104413,95.05704784871196,7764
2045-10-20,95.1473646441308,95.65526663622545,95.12944615636306,95.49144701786474,4354
2045-10-21,95.5687471370214,95.5316869677686,95.35302095648717,95.5029991908651,6579
2045-10-22,95.40240084292573,95.31807608507232,94.73763941435487,95.01402977308878,1264
2045-10-23,95.00018635194232,94.75653647112767,93.70973346716774,94.70781832763835,9460
2045-10-24,93.87045844600864,94.72196093073114,93.05489541145998,93.7183089808935,1263
2045-10-25,94.70731686598216,95.60565983624562,94.15374307065039,94.7317175389147,4697
2045-10-26,94.71306356376499,96.12706942501208,94.3276884541784,95.16309483489104,7967
2045-10-27,94.61633083523658,94.74809552085586,93.85153324471813,94.74805958732642,4802
2045-10-28,94.53933531184599,95.08225798848642,94.03636262891565,94.60713716262786,5102
2045-10-29,94.19935222247967,94.4615508783382,94.19386315352999,94.28869892552466,1398
2045-10-30,94.59991585851583,95.08898007840868,94.24537593786332,95.05997253121171,9375
2045-10-31,94.48036437252341,94.57671627621167,93.67504339056539,94.35003394907625,8251
2045-11-01,94.05299727678805,95.64023564421632,93.95839845467333,94.40727197848564,7583
2045-11-02,94.8168407402849,94.47962926838528,93.83892690146848,94.35300805720321,3852
2045-11-03,94.81083372815338,95.03385632531086,94.64674790637395,94.76642737255777,4647
2045-11-04,95.00820154709976,95.54019261541052,94.3438819259503,94.71442275869542,6709
2045-11-05,94.1228962624713,94.82218504173564,93.31287894904072,93.8353183203677,3408
2045-11-06,94.33313889552792,93.79139859566062,93.36767097114682,93.70975940304648,9302
2045-11-07,93.27824259564653,93.59579285385561,92.52419757691641,93.22367829407482,6461
2045-11-08,93.14644969241012,93.69146671250637,93.2566163742517,93.2634680673531,5403
2045-11-09,93.86932102817978,94.21197184732844,93.69195599266466,93.98055658561326,5172
2045-11-10,93.55967475589905,93.44707035119019,92.91653322339663,93.11084396349712,7889
2045-11-11,92.31466197102039,93.01280173917297,92.4367182897532,92.71073259579717,1606
2045-11-12,92.17094874544746,92.92959929992513,92.09356072362078,92.43438611890542,2349
2045-11-13,92.31466809941826,92.82580291745492,91.89151629971559,92.24357057119882,8626
2045-11-14,92.5677941670447,92.69272809316254,92.28656421527579,92.61363340325144,7358
2045-11-15,92.81715453178224,92.78611761127206,92.16520240502624,92.52686119447074,9632
2045-11-16,92.33315458608715,92.94022305427185,92.53086636882567,92.73476255733097,5883
2045-11-17,92.40179223317512,92.74084201549272,92.03191495305079,92.42187603546508,9771
2045-11-18,92.48073468541845,93.31510667527486,92.27683706783645,92.53683820817405,2323
2045-11-19,92.60406383241316,93.21838228927109,92.60564470123462,92.92573702361291,2309
2045-11-20,92.82318528493424,92.72182482749258,91.72069296720011,92.55958724874436,8576
2045-11-21,92.92273102175919,93.36600564509835,92.78637921368491,92.95026630864761,3541
2045-11-22,92.9362303097572,93.1909561170196,92.67297158101266,92.9764526930114,9717
2045-11-23,93.251771776072,94.09262935205048,92.9439555477528,93.49918281325253,3198
2045-11-24,93.28751318837843,94.07106519088718,92.83450478321713,93.39847286321404,7835
2045-11-25,93.28260691411893,93.75869757340003,93.41044135277737,93.58909519079509,8122
2045-11-26,93.82792199056514,93.71477500618478,92.73378108079571,93.56879207495582,2201
2045-11-27,93.83053074296213,93.74350769618059,92.50590984833529,93.52068594393553,2568
2045-11-28,94.15416961548907,93.96077920515015,93.19481761415517,93.65015115804839,4027
2045-11-29,94.04877090573727,94.35762242919716,93.78798622495052,93.91855489266084,1008
2045-11-30,93.1920068587049,94.20406257083131,93.11701193925825,93.29377243669883,6470
2045-12-01,93.86990027417906,94.473849333281,93.62818532103347,94.01058924110777,7919
2045-12-02,93.22795213395497,93.55708239267909,92.6309722138903,93.08075772083288,1202
2045-12-03,92.7986107323317,93.34008169441361,92.4315835773218,92.73835166596342,4056
2045-12-04,92.6389546866784,92.95828510171395,92.12002611806125,92.69121713058097,6575
2045-12-05,92.8187715420612,93.41105182664943,92.8149343961614,92.89739511512394,4635
2045-12-06,94.03683850522638,93.75496774477219,93.3324242136544,93.68548137899464,4531
2045-12-07,92.62678143173696,93.58186233241304,92.66733037191912,92.75633563488208,8367
2045-12-08,92.90649134873804,92.71002482553678,91.94856842067377,92.50248857068723,9141
2045-12-09,91.49371268498766,91.52367865587037,91.294052554843,91.4390718267876,8555
2045-12-10,91.34451856876792,91.47514400550618,90.32770397719048,91.45488281374271,2614
2045-12-11,91.3551438324,92.19272517103556,91.49736582560861,91.59072460599273,1661
2045-12-12,92.33976505809854,92.6146194963566,92.29580959237582,92.38612247707836,1093
2045-12-13,92.59744955869056,92.57250143691112,92.29084660917292,92.44643985752509,8358
2045-12-14,92.85534853472808,92.97943907022788,92.41496287326243,92.96845242224627,7619
2045-12-15,93.51547162890994,94.18036708772262,92.28413933636915,93.2603709630158,2063
2045-12-16,92.91465921358471,93.17577869239422,92.9235052123469,93.04274686451322,6571
2045-12-17,92.30083111639986,93.5811639472603,91.87693758711642,92.3382664911172,6761
2045-12-18,92.08975931951565,92.76852842121097,91.87175244620386,92.4757676402631,4044
2045-12-19,91.89755968273172,92.15731115838683,91.69356713190898,91.72971663169042,6870
2045-12-20,92.29716745995438,92.60095344715079,92.02640915288491,92.37732016802525,5370
2045-12-21,92.7699502692076,92.59369927223388,92.14581581457726,92.29628911700684,8245
2045-12-22,93.10532082794303,92.91427693187445,92.55011661151467,92.89387782276255,3172
2045-12-23,92.67912053781463,93.19126538926155,92.58103480592447,92.65377060569634,9712
2045-12-24,93.15574880520491,92.7893677004716,92.32324777658204,92.78819599889684,6408
2045-12-25,93.01440308239083,94.35803057031045,92.55130580503418,92.89287042756419,6246
2045-12-26,93.17282640481515,93.79324902874468,92.59396336194541,92.87034836855872,7359
2045-12-27,92.39530716196325,92.68032967686905,92.34527042402843,92.65401861186042,2129
2045-12-28,92.98860327856802,92.93031870355338,91.99200454079619,92.85024662109569,3772
2045-12-29,92.53798154753498,92.87694764667135,92.1724593225629,92.38716498935408,4648
2045-12-30,91.31902500530819,92.18334187885007,90.9145528596553,91.78244732487455,7200
2045-12-31,92.85584841076488,92.58495293259031,91.3703259278449,92.40386077153796,7887
2046-01-01,92.4193450886726,93.02989104880226,92.33988568755065,92.76744476598401,4351
2046-01-02,92.4107018609054,93.25246536771093,92.24590014262853,92.80039057028513,1613
2046-01-03,92.7783561023129,94.4178046020459,92.72390865761103,93.63296176155703,5267
2046-01-04,93.64123578414265,93.66538939458512,93.39097829793062,93.4990790021946,8272
2046-01-05,93.66751098411468,94.21129921510905,94.11042348399563,94.16043061218909,9197
2046-01-06,94.09314180874492,95.08860746710734,93.58703502662446,94.24821765465201,5034
2046-01-07,93.98720279585577,94.10964740224983,93.48354221878942,93.7358422796138,3968
2046-01-08,94.7174782484071,95.23169802626876,93.85787985156472,94.65986237549923,9730
2046-01-09,94.9681086206276,95.364222363128,94.97959148400014,95.15521779881128,8697
2046-01-10,94.61750343005914,95.57449522949906,95.08053317957707,95.09470728330649,3519
2046-01-11,95.42600904745001,95.97317199522799,94.80223130848563,95.45829291307346,1555
2046-01-12,95.51302377517044,95.48969495974957,94.90829592184666,95.25644119607452,5342
2046-01-13,95.8812666476301,95.87547348106429,95.59707913971441,95.67101571360429,7916
2046-01-14,95.01151068173456,94.82513586759063,94.3673485131255,94.4754764309623,9508
2046-01-15,93.76953819211593,94.56450263677797,93.58154324539936,93.96557576411502,6370
2046-01-16,94.06009552814423,94.77260337731062,94.17468531307671,94.4552056362585,9945
2046-01-17,94.42336316080235,95.13694287660637,94.22722855251969,94.33037786714902,4717
2046-01-18,94.49757538315541,94.77568030534754,94.15541348340656,94.4341490145934,6926
2046-01-19,93.75929829970052,93.95801798611663,93.13707469719067,93.76075618353569,3287
2046-01-20,94.4607702784575,94.964954323822,94.64656951617538,94.68468968138674,5231
2046-01-21,94.48394077319084,95.75715652853314,95.08502342321404,95.27995450324558,3274
2046-01-22,94.8776279154124,95.77714717581544,94.7291472848248,95.17961189405791,9650
2046-01-23,95.14438450551478,95.00402110278303,94.78501819088042,94.97726396562625,6715
2046-01-24,95.57725522585648,95.52411742881121,94.33136451481099,95.4920661463361,4829
2046-01-25,96.77288057159637,96.55693628517703,96.10450703440637,96.48330137142055,2109
2046-01-26,97.06373607203598,97.10492313392017,96.41043805828826,96.96018149932624,3984
2046-01-27,98.26688800579952,98.90147072187172,97.90612481172414,98.04608283302453,8627
2046-01-28,97.8143267747968,97.79791967439006,96.44501225701161,97.58490716849357,5164
2046-01-29,97.18135630434273,98.16055294897743,97.07976738148945,97.17521375324418,2385
2046-01-30,96.58899282033735,97.21522570693332,96.12603154601408,96.5807431942175,6562
2046-01-31,95.9289647893607,97.65325898205093,96.7429753329273,96.80162351904225,7294
2046-02-01,96.69245006893578,97.42665667712242,96.64002935724224,96.88942529394443,6603
2046-02-02,96.62942891438715,97.11003522770746,96.55708445400782,96.81344973220844,2733
2046-02-03,97.18543792782779,97.43396179076677,96.44076848438216,97.21807904627009,2577
2046-02-04,97.55514169848449,98.66593670455718,97.8333976882346,97.83424334887742,7740
2046-02-05,97.35268134836147,97.81941372901177,96.73122295574139,97.071412144234,9006
2046-02-06,96.50847314088108,96.91977239313626,96.1107320674796,96.77292613028344,1740
2046-02-07,97.51372771983014,97.71054874247831,96.95038428918406,97.18299792734497,3478
2046-02-08,96.66078207483689,97.15641051704003,96.82557038496347,96.94912858541568,3963
2046-02-09,96.36889160844466,96.94813760862351,95.12432172459413,96.5500255472366,4291
2046-02-10,96.85535055513883,97.40614324487012,96.94760866370184,97.0592942610618,3249
2046-02-11,96.26567402339907,96.52534592129113,95.46175743676793,96.41454422619981,4793
2046-02-12,96.61734570611672,97.12916191882663,95.18732887138314,96.26375432230425,3460
2046-02-13,96.32995094682856,96.76123494347898,96.0628269200748,96.42807633520667,5315
2046-02-14,96.05066963956922,96.97080171036119,94.89865039025334,96.1411663782516,7955
2046-02-15,96.31020521781005,96.95716260424794,96.39225696395783,96.53274420625819,8550
2046-02-16,96.17036767643494,96.44644150045255,96.07789592263025,96.24830571865951,1616
2046-02-17,97.0175500182305,97.3266754815084,96.73722837728367,96.95261546538246,2985
2046-02-18,96.82519405467607,96.89657014855331,96.49059411246203,96.88974231663458,4349
2046-02-19,97.18028988143105,97.86840243691897,95.95330007477291,97.22537738498725,3796
2046-02-20,97.90319847956002,97.88187949311222,97.07975716684082,97.59838936147867,9906
2046-02-21,97.36671419586894,98.11695235261939,96.97802829590572,97.28461936010663,9709
2046-02-22,95.91261063955713,96.40600205172368,95.73281715286801,96.25787608577869,2981
2046-02-23,96.41267439092081,96.8302405346069,96.05776056795526,96.4382539631106,7940
2046-02-24,96.31289308223802,96.61889874597364,96.41350857294276,96.47439813667303,4114
2046-02-25,96.908618937723,96.81543908681756,96.32489517671625,96.7523111504606,9898
2046-02-26,96.66992935648436,96.94547641160639,96.10387193873325,96.63904741426919,3295
2046-02-27,96.76292680796992,97.11264639290061,96.30733923112811,96.42383356486883,6437
2046-02-28,97.20605768554218,98.20325850582529,97.33645052246017,97.42807007035967,9972
2046-03-01,96.63416699092033,97.46042703313871,96.38203994951472,96.69189303960428,6678
2046-03-02,96.73963403254331,97.39339065002167,96.82678351158933,97.0588682787864,9462
2046-03-03,96.75902646971875,98.01670820388287,96.12597708260905,96.7715673496947,4652
2046-03-04,96.14270373581846,96.93691800430624,95.96763686367257,96.60367804082449,6925
2046-03-05,96.54157199429253,96.8279532671602,95.39059707302707,96.44512662453751,6361
2046-03-06,96.02677161185262,96.18448925544561,95.66015548703206,96.04340948745188,7237
2046-03-07,96.37557701398438,97.2572373675381,96.1311567057145,96.32902159257,7623
2046-03-08,97.26078378365324,97.22628743791529,96.61424476785683,97.02434339054498,6523
2046-03-09,97.32679096795701,97.89593091824827,97.05749493444107,97.25935022116832,3466
2046-03-10,96.92800795835919,97.877243989629,96.80982787848887,97.31104121927436,4207
2046-03-11,96.65105913706265,97.12870381351915,96.75770975295734,96.81782096972474,3710
2046-03-12,97.0521791312079,97.12404011434292,96.84882257680492,97.07623360263696,5954
2046-03-13,98.05597857749933,98.15629534677922,97.84979667836984,98.15440841850162,2529
2046-03-14,97.9022736947976,98.08618163303434,97.50641744385743,97.96406110660406,1179
2046-03-15,98.26250506937374,97.7945765056762,96.52069758165429,97.77606931692813,3695
2046-03-16,97.52563138526365,97.70908002580394,96.93742293056586,97.49552475143763,9802
2046-03-17,97.36549551915492,97.42234189953744,97.23733945051173,97.25081763419043,5420
2046-03-18,95.27552740868302,96.11124142260171,95.24841397737616,95.87816785735423,1960
2046-03-19,96.30448694595195,96.46325288383689,95.22423422512668,96.08068555028208,8358
2046-03-20,96.51349802597231,95.87109337159156,94.96172407094963,95.65790946210478,3775
2046-03-21,95.25647414359442,95.44863805390973,94.24035052202761,94.85277790270888,2281
2046-03-22,95.0973158224015,95.58231997562744,94.84453186820356,95.22937287757516,8888
2046-03-23,95.37268121214596,95.15455160587778,94.09430445672595,94.6883639850542,2417
2046-03-24,94.52727836809098,94.60498988256603,94.11238573010387,94.51902945811231,1740
2046-03-25,95.34421453666302,95.72032587674404,95.13838614993952,95.2522506537066,7721
2046-03-26,94.46741188995799,94.95246498454615,93.53120743260295,94.54764275469434,5555
2046-03-27,93.69334797693388,93.94128762132267,93.61154433310439,93.78134363739547,4086
2046-03-28,93.24156817434532,94.38737859475279,93.69883322182952,93.91599673217664,1470
2046-03-29,94.72698862374776,95.88369637117884,94.23775140666163,94.49074041418181,8027
2046-03-30,93.61447009307408,94.19448052753513,93.21737160445191,93.70356955531584,2189
2046-03-31,93.85099621737231,94.49263230248317,93.86003388580342,93.90741442373442,6788
2046-04-01,94.27991548695681,94.58155047989526,94.00134600195415,94.19791419371526,4575
2046-04-02,93.04396048157882,94.3075926098471,93.12415041081728,93.1683339518691,2144
2046-04-03,93.64673265398362,93.6747790868111,93.23754675427239,93.56758462082271,9874
2046-04-04,94.36680571357749,94.02964487812446,93.59497533142994,94.00588756074382,6096
2046-04-05,93.9714387802243,94.33020323432041,93.14858663083001,93.8499947741158,2509
2046-04-06,94.43011881421137,95.25871965805192,93.71715793824143,94.4761679552648,4739
2046-04-07,95.00734721126243,95.29456234608755,94.9326871183624,95.04439574242723,4933
2046-04-08,95.15613277900914,95.48325537922848,93.38216715440818,95.09595470528582,6627
2046-04-09,94.62058692082529,95.36714465455199,94.6719654704836,94.87023201012336,8367
2046-04-10,94.44617597421465,94.53742003678082,94.19590451157823,94.38381806383188,9047
2046-04-11,94.57040757689097,94.38713939658902,93.43175246773359,94.36503630914879,9274
2046-04-12,94.6761705978341,95.06597087761143,94.23371766483424,94.64991576900087,4968
2046-04-13,94.36058746910055,94.76131157504416,94.0496828212001,94.48782733848056,1875
2046-04-14,93.30294577990055,93.52131701023384,93.01794299045339,93.38907683584954,9413
2046-04-15,94.21908443523078,94.2953345808685,93.41704585228604,94.02343378313782,9184
2046-04-16,93.78849253268518,94.19851646820969,94.04410662002685,94.11854539406028,2564
2046-04-17,93.68379600256796,94.20407356905024,93.71511570331377,93.92873314572185,1647
2046-04-18,93.87524203579927,94.42241010633587,93.7961173688232,94.3573123399335,2189
2046-04-19,95.12983124797682,95.12785210248457,94.87195776558303,95.11963163817488,2794
2046-04-20,93.97724215615331,94.16764130012096,92.84818672444267,93.71867585343094,6430
2046-04-21,94.33525222632922,94.2511476094409,93.62749585880802,93.93580767839197,6115
2046-04-22,93.68708282594521,93.40769693022162,93.06150202941981,93.22248307298679,3216
2046-04-23,93.2648960837289,93.89298050152894,93.00509325938025,93.47203832638627,1154
2046-04-24,93.61101121722704,93.71180564171449,92.52122453336298,93.53600192757355,2115
2046-04-25,93.73317148843861,93.97499426910397,93.79742580896753,93.85386519079383,8358
2046-04-26,94.09853456921402,93.64576048345315,93.22755321375773,93.6042413835465,7718
2046-04-27,93.05865521766866,92.87868038508915,92.1061495059689,92.66762132763692,3824
2046-04-28,92.49285866370177,92.89161029454635,91.97867343799074,92.44243723200859,6203
2046-04-29,92.4600543257151,93.2983311515825,92.3219300810815,92.64586104957849,4548
2046-04-30,92.11914433964466,93.29630029526011,92.96359512477024,93.15355721391609,7614
2046-05-01,92.13756161842484,93.10234275729758,91.9918818852426,92.56764156367983,8888
2046-05-02,92.52548394956406,93.21572717838148,93.04607288135409,93.08117177711634,2175
2046-05-03,92.32336586132182,93.25939482448457,92.43929268335134,92.75723563229307,3082
2046-05-04,93.50211485846391,93.78688760994648,92.78076336635282,92.93846057309034,5921
2046-05-05,92.295001172634,93.6772140379211,92.28537319646479,92.68351359665752,7858
2046-05-06,92.45631601206208,93.09975450926174,92.26178577160944,92.77459891051357,4293
2046-05-07,92.9443804881039,93.64976714911823,92.97503574023655,93.22053772779871,9891
2046-05-08,93.38659410784734,92.73250228577277,92.53530209169459,92.60703068915444,8590
2046-05-09,92.24834207244369,92.45010569851144,92.21950660038166,92.26707774078103,7547
2046-05-10,92.65782031428336,93.15828614361664,91.55342397363526,92.35955903445208,6717
2046-05-11,93.612969488424,93.59731704759571,93.11519657127155,93.56035086496725,2623
2046-05-12,92.53343330360384,93.56933254005698,92.73341562974485,93.12875600888384,5543
2046-05-13,94.60861479217715,94.28950122065147,93.35987964036914,94.1488229518823,9845
2046-05-14,95.27136362912208,95.18083952641415,94.8228384099186,95.15103460371988,5236
2046-05-15,95.06586513466452,96.07579000954215,94.50806967045463,95.10237902836909,5352
2046-05-16,95.48134100457261,95.41161660963056,94.3678373575583,94.95330276526913,3550
2046-05-17,94.50330548462387,94.74952615719762,94.56526339187593,94.6072701659368,4674
2046-05-18,94.52984435134341,94.70663874434027,94.04053814864007,94.57316890077045,2292
2046-05-19,93.7662783683121,94.70781991387064,93.38735555678598,93.86980918449068,9071
2046-05-20,94.15457706142428,93.84666699889364,92.99129684939827,93.83168967583038,2553
2046-05-21,94.82427669236286,94.74596679357344,94.2204944919676,94.5801298127558,5769
2046-05-22,94.35817294007602,94.29571208373086,93.78301716762014,94.27458728151744,9474
2046-05-23,93.83869486526918,94.35630208237657,93.76235438944103,94.15422512952291,4729
2046-05-24,93.19258481404654,93.32190800358207,93.23401071127455,93.3036548923893,5977
2046-05-25,93.1750606562844,94.47166936179399,93.14488758250288,93.49068593645482,6823
2046-05-26,93.97103712544565,94.3967799795511,93.42188164922176,93.6229267789305,1590
2046-05-27,93.18235975130162,93.82959322964821,93.55886473162002,93.6547779588134,5922
2046-05-28,94.02467579015166,94.33046427896606,92.65822139903837,93.54636443370232,4778
2046-05-29,93.78628133753585,93.57409602638818,92.73180725880133,93.3999854743161,5373
2046-05-30,93.37537692397592,94.01112001861476,93.37410486685704,93.65093559116643,6553
2046-05-31,93.51158201128015,94.35795416740578,93.18004560721943,93.63652729037211,3454
2046-06-01,93.58028410481951,94.18627685638761,93.26570162738955,93.79401322614979,1083
2046-06-02,94.03057477418658,94.18510221038461,92.97461050520751,93.90150463487706,7579
2046-06-03,94.88695274643113,94.78483598770121,94.30882509851173,94.46321827842493,6894
2046-06-04,95.1574011220142,94.99664790614531,94.60620740969067,94.80171532711246,2926
2046-06-05,94.76826710666292,95.13729644481491,94.8524857871666,94.89814624868757,9140
2046-06-06,96.03379938433699,95.67415811769044,95.4386177693731,95.65735726401365,1744
2046-06-07,96.21903813888031,96.05931372102675,95.48091394736312,95.86749152854193,9342
2046-06-08,96.46332270031098,96.57970007356532,96.30715261649374,96.51997287293715,3883
2046-06-09,96.82060663375358,97.14109744431455,96.57402701299131,96.82344417713045,3248
2046-06-10,96.36499886305872,96.38423416792271,95.51477745591775,95.90248463766468,9553
2046-06-11,96.87241058339826,97.74740641830985,95.66576296869682,96.55490201932436,2215
2046-06-12,96.98992533534846,96.71304492119795,96.62148567492282,96.62249013999569,5625
2046-06-13,97.37212798816033,97.35620184602128,96.44390823350304,96.5965127545453,5258
2046-06-14,96.9013670331838,97.10222697455889,96.52911283803044,96.73718692829009,3326
2046-06-15,96.66239476358479,96.67854990654953,96.47925221641958,96.56469534731156,2158
2046-06-16,97.08559101590373,97.0452122746506,96.59783402760745,96.67820977750603,8868
2046-06-17,96.97861801777458,96.88094135721401,96.0223185419941,96.38227174433447,1944
2046-06-18,96.83598969454691,97.07906252960318,96.1319855058528,97.01940787370167,6113
2046-06-19,96.90205626053515,97.75008097378567,96.4710452662383,96.96261381689114,5850
2046-06-20,96.46575070936579,97.26186552717726,96.20413609387018,96.77132189552992,5803
2046-06-21,96.41168397999364,96.68384375165662,96.22863205611341,96.30885898767029,3937
2046-06-22,96.71002446339183,96.86688185435442,96.06868206579361,96.44324688224461,4758
2046-06-23,96.25213724691679,97.27785961752417,95.74329579236912,96.53680043230716,5554
2046-06-24,97.07115139521241,97.19953508174179,96.69119038189156,96.73101273914591,9807
2046-06-25,96.08138872162209,96.2689949252763,96.06215856395231,96.21738679539334,8297
2046-06-26,95.25635896983825,95.77289670841287,95.04286326162456,95.41679619598756,1003
2046-06-27,96.06857332320797,97.65777951186114,94.65135476343674,95.72959184724084,5754
2046-06-28,96.28437061070802,97.00904942688915,96.26906801465005,96.47191277817909,6063
2046-06-29,95.5376864238172,96.80078283165784,95.77002623616822,95.95873596698414,2612
2046-06-30,96.9765537417377,97.04807075120831,96.40515961808765,96.75345660876499,5529
2046-07-01,96.85590144906524,96.91101943296796,96.10907260384239,96.89541213813318,5721
2046-07-02,97.25129833581087,97.95056709406794,96.86866605582557,96.89188068585777,9403
2046-07-03,96.94300353881393,97.1915850783462,95.69612751010668,96.69310633758488,3240
2046-07-04,95.47635781963788,96.25314962561487,95.92197362952949,96.00084732787238,5322
2046-07-05,96.88937191285136,96.84574336701233,96.44082275775585,96.49471158583468,9531
2046-07-06,96.67683339096996,96.85827224551552,96.09659013493712,96.10690840511587,6963
2046-07-07,96.02708612002634,96.45494061579778,95.51926692703397,95.71700506724707,8153
2046-07-08,96.53512634925467,96.3084081901499,96.05572288600811,96.21296822219055,9870
2046-07-09,95.19717487458237,95.33703673047953,94.88383999302455,95.2714764988547,3460
2046-07-10,94.36666898743023,94.68129062787294,94.34376756727522,94.5096775935206,5418
2046-07-11,94.56434388027442,94.67736746399078,93.25523460261616,94.50061047176656,3556
2046-07-12,94.92322429367516,94.74203261652333,94.41444393362963,94.647252686269,5170
2046-07-13,95.15804009268935,95.11832038164933,93.8230569719934,94.88962001025345,8795
2046-07-14,94.60738596927378,94.80820858973698,94.55059005952727,94.73872076355534,3387
2046-07-15,95.84215786832749,96.2127463003848,95.26832390649787,96.00390559787617,4632
2046-07-16,95.44291328457814,95.93664191495905,95.55125282612701,95.88995931849325,3366
2046-07-17,95.96864222004854,96.10427968605005,94.9026501103499,95.77456624244189,1794
2046-07-18,95.25913852582235,95.37807353815326,95.11138612317734,95.37607290803496,4781
2046-07-19,95.34771287716144,95.7952195961475,94.57567628921224,95.43802631629549,6992
2046-07-20,96.26386948625213,96.1356952346843,95.34867265950602,95.74550693231888,8225
2046-07-21,96.52681263162093,96.51537096094448,95.99387046674676,96.34729595958561,4705
2046-07-22,95.69952343321624,95.66236540773342,95.34365348599445,95.6026538273655,8432
2046-07-23,95.72871534533036,95.49726881136155,95.33695271281104,95.47965615818765,9916
2046-07-24,96.12919216582497,96.1611973772739,95.68827248523334,95.70300796359223,1977
2046-07-25,95.51129250283996,96.2457687721599,95.96466887060616,95.99653673088949,1075
2046-07-26,95.83012252870724,96.09823702302917,95.87287849581624,95.99981105979177,4602
2046-07-27,96.2013826049848,96.33003690152972,96.15821631082854,96.27102304455781,2657
2046-07-28,95.57303851840385,96.17085524182795,95.21836860602654,95.86654109809491,6005
2046-07-29,96.5659273423559,96.68236420735737,96.23963461461331,96.6454938142541,6849
2046-07-30,96.67646739533171,97.64316857333246,96.7029352193537,97.1418078657438,2871
2046-07-31,96.74599775030093,96.56259708065292,96.34420835970887,96.46934397221122,5869
2046-08-01,95.77654107093251,96.04508441266648,95.76651250163525,95.93179244815283,5208
2046-08-02,95.46861849246524,95.76099573857073,94.94469486390163,95.40833157309939,1349
2046-08-03,95.76270914444481,96.7317459841501,94.76408502739503,95.74731655854765,5860
2046-08-04,95.27217849567613,95.42913086050017,94.91342933649017,95.10495267533892,4090
2046-08-05,94.20117363568332,95.77333223850862,94.22389176194304,94.93944050823488,6848
2046-08-06,95.30187182276065,95.5968847665523,94.81063724010802,95.16679270644326,3264
2046-08-07,95.05118222311626,95.19111825899425,94.55695795289898,95.13370973917004,2523
2046-08-08,95.3852126751908,95.41467440749993,94.52057571517182,95.2631534970264,1641
2046-08-09,94.37641617903053,95.00302903155779,94.7273556967344,94.73025214135203,9905
2046-08-10,95.15178154915257,95.96353664020856,94.99809223075353,95.02767932805064,9190
2046-08-11,95.11062693972991,94.89836852111499,93.73075771754031,94.72107338181264,4496
2046-08-12,94.61569342255342,94.83363915543622,94.48633223018841,94.55876354461367,6812
2046-08-13,94.46245716057709,94.75893722035781,94.63753945013005,94.67762940856667,2927
2046-08-14,94.5271091014521,94.86419332605469,94.07962400186936,94.72916851933209,9480
2046-08-15,94.91403091910846,95.4404708341196,94.69752435944149,94.74115852883989,6546
2046-08-16,94.53673841150943,94.49127244846535,94.16688361244779,94.3658451178515,7045
2046-08-17,94.32303300706994,94.94453918501227,94.10767650330423,94.21607041225191,7433
2046-08-18,94.20590469867217,94.65118953478434,94.20422132657342,94.21716220767044,6987
2046-08-19,93.59050758369222,93.77797039720808,93.29389248450778,93.52961959108688,7163
2046-08-20,93.27888038296908,93.35234301437272,93.17512479445577,93.2983531079302,7461
2046-08-21,93.37792873566669,93.72756966822051,93.44891530627113,93.49219304744662,7359
2046-08-22,93.08071781857002,93.03884685567104,92.61709051133067,92.85347474552395,2623
2046-08-23,93.52480062366341,93.4421118627482,93.16742827433508,93.43176557132108,1252
2046-08-24,94.45373470119767,94.13242232955095,93.53411232615402,94.06657220262099,7211
2046-08-25,93.77905652869616,93.73974104317641,93.08956265042188,93.44399691464095,4662
2046-08-26,94.20605089086924,94.71739312271852,93.40147834674013,94.12280673116602,7482
2046-08-27,94.22963012676885,94.75714525051886,93.57303267370659,94.05101593680996,6778
2046-08-28,93.97311703696772,95.44071430229496,93.65358365008893,94.26027321638848,1367
2046-08-29,93.98867084693599,94.4506287949276,93.37059071123926,94.01194769032436,3030
2046-08-30,94.57626895296303,95.36245787128892,94.24031107535114,94.47347010393774,3700
2046-08-31,94.20169629677987,94.78860027810755,94.52861114565785,94.67651711336208,8558
2046-09-01,94.39826710315901,94.35371344301505,94.23152098363929,94.26944048506327,5623
2046-09-02,93.39907139270575,93.88278279955168,93.35707022228492,93.68683948508063,4337
2046-09-03,92.70181310031747,93.45137740284586,92.81210414486053,92.95668826747601,3296
2046-09-04,92.89181348854281,93.06667182737651,93.0041720771469,93.0506591556924,8845
2046-09-05,93.32774286171006,93.3974545606436,93.30075912277242,93.33689486158227,9244
2046-09-06,93.26396913386255,94.03118688225871,93.39624650101413,93.66237770097199,6204
2046-09-07,93.86038019605245,94.04176326940392,93.2755285431325,93.6033871536683,2408
2046-09-08,93.07811439764477,93.4842912491873,92.978053409666,93.02488892583611,1718
2046-09-09,93.26134523599238,93.53214279684552,92.62185613479133,92.68385152682423,7857
2046-09-10,93.35004998296115,93.49896531435321,93.14707683593083,93.26002584630518,1570
2046-09-11,93.18895311737604,93.41646671744421,92.19443585369362,93.01771156400514,8010
2046-09-12,92.83326109902009,93.1986995485151,92.22442148368742,93.08942037934588,2048
2046-09-13,92.19705205022446,92.57778155742093,92.06675530694953,92.55159513755844,4999
2046-09-14,92.9056334970131,93.30163416013664,92.38304686206499,92.71988666028795,6662
2046-09-15,92.16305738979638,92.84347013481045,92.35615218002887,92.49104437944841,4964
2046-09-16,93.206955582002,93.31522695078085,92.88302596126086,93.0144007363363,4074
2046-09-17,93.91313693110315,93.64892142998936,93.06743184008303,93.4011795894397,1853
2046-09-18,93.43705722202537,93.7359894157639,93.04633016959038,93.15332661615226,5289
2046-09-19,93.26112858734903,93.73614147592077,92.81035336325381,93.08999460247843,6846
2046-09-20,92.89528561540094,93.51238159968992,92.50003191240398,92.8144364824581,8015
2046-09-21,91.98953189642208,92.60784025784142,92.09427630268605,92.1047198841856,1829
2046-09-22,91.64163032770806,92.08545282258564,91.45221007996722,91.675998669412,1692
2046-09-23,91.60547873115398,92.55190473849731,91.42992702098344,91.7751073332724,6975
2046-09-24,91.54311581709706,92.13029109845039,91.6122201532462,91.9377370823872,6496
2046-09-25,92.022639236958,92.0341410943228,91.90462778838312,92.01201103418352,4616
2046-09-26,92.19351122567079,92.43375285049004,91.00258493020692,91.8611445072042,8920
2046-09-27,91.94103825584337,92.67712970581557,91.66426444267954,92.32767781006469,4162
2046-09-28,92.77899769218615,93.48189796941952,91.85852016531825,92.35944876234515,3700
2046-09-29,93.07623094625161,93.19042959887405,91.42789288998877,92.71107567639314,7628
2046-09-30,91.94328775749544,91.90096209850383,91.75095640929301,91.82418811029187,2574
2046-10-01,89.98450158896502,90.45004017467079,89.63058781982465,89.8629879844827,3152
2046-10-02,89.94900807854867,90.2953405869988,89.57470044875006,90.00488199840174,8192
2046-10-03,89.30510415254159,90.010476660555,89.16618202254385,89.292499171541,7637
2046-10-04,89.04719767809509,89.2938043382149,89.18030946236055,89.18627332018447,6568
2046-10-05,89.04471622294592,89.4982585962886,88.54226481679702,89.03522479967216,2551
2046-10-06,89.87087294922118,89.83076064512018,89.52559537202336,89.82892510087993,5679
2046-10-07,90.59329657745715,90.53978601173176,89.29341975458293,90.02892337735173,2620
2046-10-08,90.28153770406468,90.28063975747057,90.06363378017139,90.11185289075107,5042
2046-10-09,90.4675275475197,90.73189461294491,90.52267059931003,90.53034846806791,4801
2046-10-10,90.68492525545632,90.75840983907241,90.49657784027751,90.71459726148743,9627
2046-10-11,90.27178128449813,90.72180711052076,89.60715138566246,90.48575876499321,2467
2046-10-12,90.85696799288489,91.0911084293523,90.13918118323326,91.02149673012049,4364
2046-10-13,90.73983037369922,90.5419637806023,90.09353546284045,90.46662166617635,2845
2046-10-14,90.48005512969394,91.01277031373648,90.35872009556209,90.62824525994313,2534
2046-10-15,89.66919957886059,90.07094849549608,89.709997932154,89.85446036287497,2490
2046-10-16,89.77867851282394,91.0856626897103,89.94821461221741,89.95643229163298,5270
2046-10-17,89.83417339686645,90.6671603577312,89.61063286951071,90.05292711251944,7484
2046-10-18,91.22931011607983,91.62807504188163,90.72058848284621,90.89115459347677,4818
2046-10-19,90.15147856951448,91.29215212550908,89.20915300773643,90.10866764675589,8633
2046-10-20,89.72352967147853,89.84632026955335,88.609949317643,89.80822405882898,1169
2046-10-21,90.22834976407306,90.66630171932904,90.09802949650854,90.21956527211604,5835
2046-10-22,90.4524110532321,90.6471948190258,90.11419821026618,90.3872239003147,1700
2046-10-23,90.25318836966049,90.98820579008242,89.97079077715972,90.47737642598345,7130
2046-10-24,89.58242989229493,90.02913585700773,89.92031668561776,89.99930857450418,5541
2046-10-25,90.10545021590005,89.78543004032196,88.87853174545855,89.70389940045847,1950
2046-10-26,90.62282702754703,90.70447749265769,90.05231237022237,90.3264199045701,4045
2046-10-27,90.41400608585222,90.56660320414427,90.05727916193206,90.30066530769314,3618
2046-10-28,90.76410333676401,90.6316983166672,90.36220659105756,90.48834515576537,4830
2046-10-29,91.0050602059064,90.76583462244236,89.73989112931156,90.43075099137712,1297
2046-10-30,89.6785871228054,89.85490620228526,89.73718301019021,89.83920823375225,9051
2046-10-31,89.97010322954903,91.2605015834786,89.87891005671686,90.30611344678974,1509
2046-11-01,90.75618462543929,90.904642345484,90.01892015679391,90.55772963905599,6893
2046-11-02,91.27050026675802,92.02495497190597,91.50294173617357,91.71054805773959,4749
2046-11-03,91.21414916407628,91.22750969094685,91.16073566195058,91.20275736791432,8118
2046-11-04,91.52451440360633,92.05142116686936,90.98233505853315,91.61404382851455,2440
2046-11-05,91.16043818081869,91.11957573189687,89.85967837499204,90.95827184549606,6465
2046-11-06,90.89226269000542,91.17813400493235,90.8706229061097,91.0369451293326,8581
2046-11-07,91.88512935717522,91.98334494736645,91.34195836065052,91.52519842386417,6229
2046-11-08,90.26506581415657,91.00885156193124,89.45064410461875,90.48913086581594,1448
2046-11-09,90.59840482710673,90.53196697732602,90.15464674832172,90.38666462869513,1633
2046-11-10,89.9051356484754,91.09631629352275,89.33472619607817,90.10505976167381,6886
2046-11-11,89.91861746109372,90.95023030436113,88.58874937350755,89.75408111252625,2018
2046-11-12,89.64229370264763,90.32834716437252,89.81553102440829,89.94668743865594,9906
2046-11-13,90.49979613891581,90.54124294747119,90.35895773146531,90.50703029186724,6609
2046-11-14,90.8370184113009,90.91342319031544,90.31791414277299,90.44039093425266,6646
2046-11-15,90.57763570807519,90.99550904966208,90.41670502508349,90.54313414803266,8115
2046-11-16,90.95521167889758,90.7054308065099,90.16059011295543,90.60028852456229,1917
2046-11-17,90.59330793376228,90.87020769731772,89.70576227101753,90.6011902777405,7937
2046-11-18,89.9050041807914,90.92141265261256,90.0398719548187,90.05651895888444,5273
2046-11-19,90.66233600811462,91.02295290407757,89.96752602821515,90.6107412597459,3032
2046-11-20,90.94385794059029,91.22049102806598,89.91838932308096,90.75833894382531,9790
2046-11-21,90.38411772252614,91.07399265801193,90.53851486378066,90.9557796888266,3364
2046-11-22,90.70921038762141,90.96312544918972,90.2093674717917,90.5525248743138,1002
2046-11-23,90.04096412347079,90.60034829542643,90.20963253748022,90.32291467531918,6277
2046-11-24,89.87831624157558,90.68269183231168,89.69825788277731,90.23484757646379,6305
2046-11-25,89.62935822978791,89.84606168009061,88.54847028041733,89.46778522973938,7039
2046-11-26,89.02531894538437,89.22437447658716,88.25716623102035,88.62376806714053,9004
2046-11-27,88.38831595726509,88.74226493899567,87.99759297434683,88.32339410182125,5146
2046-11-28,88.17803227948652,88.64238314363705,88.46299413933284,88.58465448504245,7965
2046-11-29,88.05691763699076,88.53480141306508,88.01013269468451,88.25808579007747,4762
2046-11-30,87.62320303882437,88.19361293560758,87.19213817746721,87.74868319128211,3714
2046-12-01,87.40016944673191,87.48452960616383,87.31484959471493,87.34134036466328,3472
2046-12-02,87.09210519858973,87.99644974190426,86.45600985126792,87.11366915309063,8792
2046-12-03,87.08530861271362,87.06033235435778,86.56094763139828,86.93673967168057,5215
2046-12-04,88.31949224697672,88.08060147330421,87.38887510708408,88.01950039778384,1617
2046-12-05,88.6502340854848,89.15200201655838,87.6213928304618,88.54681071202751,2393
2046-12-06,89.3286219759418,89.10465816973027,88.7204338547182,89.05919776816837,3464
2046-12-07,89.56257485699764,90.39049057415883,88.89638997458047,89.64348795030506,2802
2046-12-08,90.1328488536163,89.41449162083028,88.7359476559467,89.14407751563803,9355
2046-12-09,88.6988493862953,89.7092884430871,88.33378876893119,88.53289520814442,9826
2046-12-10,88.18467465181348,88.56824526945212,87.74767363929182,87.97946006237738,5644
2046-12-11,89.17401737216265,89.1030765356062,88.3237691018293,88.6467131290463,7031
2046-12-12,88.3995708754627,88.84878353766034,87.2490518015734,88.37311723460506,1718
2046-12-13,87.55378665006533,88.70292833275805,87.72893580335176,87.74743914348542,4463
2046-12-14,87.92387125715119,87.86343602401104,87.33082081901097,87.53194104337551,1994
2046-12-15,87.82218116749857,87.70699069429658,87.06362107317725,87.4126382775182,5616
2046-12-16,87.59289680588286,87.96740559814567,87.53680439992597,87.54684491436548,1836
2046-12-17,88.20020868607476,88.54328169066848,87.64113568461917,87.6723204247215,9703
2046-12-18,87.23324440001122,87.26411406169657,86.94045149410123,87.25823014278475,8759
2046-12-19,87.88074322377854,87.61933881035618,86.7945179473032,87.6010583390416,2041
2046-12-20,87.73612129119262,87.55746572732441,86.91616018261031,87.28146157216652,8627
2046-12-21,87.23282210844084,87.48797423775869,86.75518412462736,87.203323403814,5802
2046-12-22,87.68374987201653,89.2141567943786,87.49505904724597,87.54671043906568,6235
2046-12-23,87.53360427040964,87.54897850566819,86.97018187096293,87.22579973709351,9735
2046-12-24,86.83126855283928,87.64751831419858,86.49327172500367,86.94112402530294,7366
2046-12-25,86.99271253549395,87.43711109672691,86.90382878002434,87.2369580501495,5183
2046-12-26,87.20798600490026,86.95253766901402,86.70589015819013,86.808091461847,6792
2046-12-27,86.70772520044358,86.6233892322956,86.10470368253779,86.61569545004495,2921
2046-12-28,86.74188967706714,87.93282641351166,86.88218320345679,86.8935665390664,3869
2046-12-29,87.94884779128861,88.07553887212964,87.77458574465945,87.92061275978439,9866
2046-12-30,88.37587470095573,88.78088013808218,87.06178034855532,88.22331501216577,3236
2046-12-31,87.98884509219208,89.16435963521185,88.2419377694208,88.45963489366076,7514
2047-01-01,88.93983355477236,89.08446739526748,87.93517695177302,88.72503568549713,5923
2047-01-02,88.31097440961618,88.85617319518767,87.62279699528423,88.1884405484636,3297
2047-01-03,88.74276864213644,88.87593981929963,88.22734861790482,88.24623891780357,5219
2047-01-04,88.16565827848778,88.59335680113537,88.00949607217034,88.23135567363536,3013
2047-01-05,88.80528317387422,88.45074246085402,87.52203465322158,88.39214794382174,3352
2047-01-06,88.43700830766014,89.46292012731455,88.0149301947273,88.45040197005967,5886
2047-01-07,88.68200403536605,89.11704928409948,88.30887507989112,88.64025180876823,2859
2047-01-08,88.56880358597603,88.78060137631032,88.33345301875828,88.48451821131863,5493
2047-01-09,89.14179866763297,88.68690558053191,88.32591250713531,88.51382267000453,8325
2047-01-10,87.52806120768776,87.93410531729437,86.88477081130237,87.89990838697604,3050
2047-01-11,87.88847730162384,88.50915224019371,87.5131973234259,87.73995474797458,3043
2047-01-12,88.44804095324007,88.49805501506165,87.88713074346325,88.4353715220629,7474
2047-01-13,88.58621514352454,88.60233248692,87.70689654697391,88.59477569187703,5674
2047-01-14,88.75921840096657,89.3736228684248,88.39853322000708,88.58431517318549,3728
2047-01-15,89.86417713270333,89.86148793318776,88.86060948450843,89.53237681131266,9111
2047-01-16,89.01144894813669,89.259120747866,88.01191599749238,88.85195932216212,6681
2047-01-17,88.66779295473782,88.39653940587824,88.04548200901003,88.29723154443901,1441
2047-01-18,89.07829889228839,89.65485823107961,88.76362207777139,89.15358725007715,3062
2047-01-19,89.1620020524943,89.17714821146204,88.4616728080989,89.17656771810161,6241
2047-01-20,88.75501485423409,89.40112875676071,88.85458550456653,89.05527619995672,9817
2047-01-21,89.05054574443636,89.13252895739716,87.81313524291049,88.4556740374089,7976
2047-01-22,88.62350842988344,89.41686916327924,88.66159134393726,88.6795221706064,7113
2047-01-23,88.86258764240958,89.0991341424829,88.75459503348473,88.95175210537013,8555
2047-01-24,88.58650374204075,88.8981295409688,88.09370031172159,88.40450492495269,1090
2047-01-25,88.66649097039439,88.49373658196622,88.2520670533406,88.33436713217748,3764
2047-01-26,87.95898484682554,88.75737459282601,87.94975113122275,88.16660921616094,6878
2047-01-27,88.65060403253872,88.40329088907858,87.94628812684745,88.29459778937033,2517
2047-01-28,87.64398212160019,87.90580531006988,87.62317948168962,87.73497266826,9039
2047-01-29,88.7901322617848,88.72469149759496,87.98050955504317,88.36094639551658,7047
2047-01-30,88.65658558521032,89.92182587627258,87.79257951972734,88.81885828631539,7664
2047-01-31,88.8579047043675,89.0040744799923,87.6125512611247,88.63727050694898,4812
2047-02-01,88.54187409710413,88.89182030335076,87.54077281746798,88.5290611511298,9376
2047-02-02,88.1229367228825,89.05441370219499,88.33091419377959,88.46085007599098,9386
2047-02-03,87.64690646369777,88.62861798818824,87.58924586497403,88.07169579948773,9207
2047-02-04,87.62709523218342,87.9633097701947,87.26943474037434,87.8499810903702,4152
2047-02-05,88.01261297410706,87.7789101137428,86.93259751956263,87.7148459065329,4674
2047-02-06,87.93833353315661,89.04280135530466,88.15729915952157,88.52128009188647,6769
2047-02-07,89.09477303801947,89.29250517830697,88.88195359199278,88.99458924605169,7836
2047-02-08,89.5359837564742,89.52253846563019,89.43511855024354,89.46191659972,7208
2047-02-09,89.14219071676342,89.92421284351623,89.46816248497352,89.6468794062222,5380
2047-02-10,88.84914735855016,90.01438715331152,88.42883541433702,89.08821590175658,9337
2047-02-11,88.82783489276198,89.1910131773116,89.02905649896216,89.0674703494679,2898
2047-02-12,89.5685220206063,89.81795947853952,88.74344074687039,89.55271457927458,4744
2047-02-13,89.36348299941224,89.71101607082826,88.60707535343406,88.92358226459093,2898
2047-02-14,89.56434744621691,89.85870595019183,88.45265885467913,89.24185886802756,7410
2047-02-15,90.29507094612933,90.52932846734478,90.28899408731228,90.40316348065895,6831
2047-02-16,90.68524655685965,91.10364264675776,90.59779696636986,90.93407180365382,7434
2047-02-17,91.173574221751,92.13641002648085,91.31384803528296,91.64108637143481,9271
2047-02-18,91.63667320159142,92.03728810343992,91.54873926433861,91.7502557466559,8787
2047-02-19,91.96458555520056,93.1524661403236,92.09683907486928,92.23422172103838,6596
2047-02-20,91.86445071934972,92.56392706576798,91.80492386694375,91.87529511386137,2185
2047-02-21,92.27375017895523,92.92316422371621,92.01518563071421,92.27322702003198,6624
2047-02-22,92.4577453073232,92.87155078268664,92.19679337309468,92.60042108706236,4059
2047-02-23,92.60898341993412,92.76285702215789,91.61761818261294,92.7453766740812,7967
2047-02-24,93.19524193762987,94.04817719375282,93.34163241844041,93.40338038394044,4934
2047-02-25,92.98024411605368,93.53011501140413,92.7660914380269,93.13398796501676,2437
2047-02-26,93.47123381199154,93.07108556195011,92.24668083294078,93.04045920677991,6103
2047-02-27,93.24353264000995,93.93740368207774,92.8985987346763,93.08819022745907,9029
2047-02-28,92.73278982454778,93.54264816038425,92.43817629518333,92.57338474191437,9649
2047-03-01,92.99043358621249,92.98501750574724,92.17819326932094,92.6868507138145,3273
2047-03-02,92.10444228709815,92.71989842687242,91.5593891416538,91.82738550733757,6694
2047-03-03,92.77829209214354,92.46497154176893,92.29712041572385,92.35086277455167,3325
2047-03-04,92.55070689068961,92.87982918182111,92.12184977075225,92.37418145783465,8992
2047-03-05,92.17527833809686,92.48707743393011,90.81281791196369,92.11373500588277,6813
2047-03-06,91.51931681037112,92.02884094370951,91.44041052894636,91.69654819973522,3051
2047-03-07,91.33201308739103,92.37351025312971,90.57874731549595,91.57925868492562,8360
2047-03-08,92.18806571883077,92.1781359711396,91.17706295089484,91.92338854031183,4375
2047-03-09,92.16394153639924,92.8683864211107,91.87763496295541,92.19725802968061,1150
2047-03-10,91.43652513072163,92.17560809537419,91.82570882233148,91.84448905604138,9050
2047-03-11,90.79355959044551,91.82312564893111,91.20405690919027,91.42146921972756,8382
2047-03-12,92.39420691852183,92.01236955432188,91.66900719324421,91.74991857288738,2765
2047-03-13,91.09296400347863,91.67454922598343,90.9005280359855,91.38874487057987,8494
2047-03-14,91.21282814242379,92.03295856082708,91.19793209303451,91.41869975761962,5000
2047-03-15,91.84900045577047,92.10038048457203,91.30081763811515,91.48057707888177,1954
2047-03-16,91.27403575474607,92.38574904940745,91.47004711627402,91.63660814474513,1084
2047-03-17,92.22516636055471,93.23574152080229,91.93904152722793,92.06574335983606,9609
2047-03-18,91.98085494101703,91.52292328534742,91.40442447896062,91.4342618914024,9897
2047-03-19,91.11283131509451,90.60512862661732,90.04831101615369,90.47868222877216,6365
2047-03-20,90.06072410280296,90.5409240084668,90.06643707511871,90.19495858815799,9564
2047-03-21,91.0921117242263,91.34070394680043,90.39994662219327,91.09572279207407,2094
2047-03-22,91.9878946802113,92.58684027946853,91.18301106360899,92.10680984211777,4273
2047-03-23,93.01701332149487,93.17229649568718,92.69399289791284,93.02239840990072,8518
2047-03-24,93.31538919609332,93.79633676452758,92.68172216989669,92.92590772602037,5864
2047-03-25,91.61505644274699,92.19822247999849,91.69756690640217,92.03485018502795,5316
2047-03-26,91.0577176730096,90.99477187071972,90.68571512077439,90.86333063420203,2182
2047-03-27,90.49766226350054,90.67201472906603,90.3239160838728,90.55631155342732,6327
2047-03-28,90.8678250623611,90.6897555611057,89.99930711477828,90.45727473835265,3898
2047-03-29,91.50221340930334,91.22156106991193,90.23285585471507,91.10758743888063,5489
2047-03-30,91.41935071891552,92.18369768212939,91.22736713482472,91.54149016865185,6092
2047-03-31,91.62195839262704,91.81145029124544,91.42636711536888,91.65519270814765,9513
2047-04-01,91.47809914570703,91.3973571150788,90.64762543552781,91.21027032267709,2203
2047-04-02,91.0248768417388,91.02036905059197,89.81024293664656,90.72988054355464,4671
2047-04-03,90.11519759417244,90.87318541446697,89.63429490452975,90.85694438709035,8549
2047-04-04,91.47233502535602,91.68623122017483,90.76239991000317,91.20546987651022,7971
2047-04-05,91.8953550752953,91.96910616956963,90.68642991423818,91.40141050763302,9013
2047-04-06,90.96079433766384,92.19184600783161,90.84951921796328,90.88411152782969,1125
2047-04-07,91.4944982690224,92.08306400648068,90.80011197362568,91.20944534222573,6101
2047-04-08,91.8060276638369,91.70026648532793,91.28984382308573,91.42240082577644,7961
2047-04-09,90.95354573549378,90.9454496833345,90.37250490020315,90.88706762268134,4690
2047-04-10,90.73917638049383,90.82851875597454,89.71855473715884,90.49490713753121,4159
2047-04-11,90.84296107402096,92.27717126583521,90.48836070016849,90.839155124812,7142
2047-04-12,90.70625091175805,91.0861657953498,90.71581210791052,90.72190135723906,4597
2047-04-13,91.31801257979863,91.87440817663932,91.22795296677411,91.51647500805728,4314
2047-04-14,91.81894638016983,92.23812679788651,91.76155196742008,91.76703964608957,3577
2047-04-15,92.0897811025278,91.8448700487966,91.23778963261762,91.52372405199495,5385
2047-04-16,91.2478727793821,91.59781722967571,90.96205962611353,91.51862125179947,4624
2047-04-17,91.73537482549374,92.20225002108403,91.21399039209481,91.55031294811833,2610
2047-04-18,91.28240431473222,91.35038640254174,90.85248179539806,91.18611779149748,6296
2047-04-19,91.17227202310733,91.27241815047584,90.39868756856325,90.72982369240866,9409
2047-04-20,91.57938663237826,91.27280986117351,90.86672047959313,91.08051863931341,5820
2047-04-21,91.2258720367684,91.94372594227335,91.03080585191472,91.50315528783446,3863
2047-04-22,91.63278138703905,92.3079025128222,91.10201138272612,91.80504602261094,5032
2047-04-23,92.40682919102386,93.09495328035932,91.62449614606959,92.56270506977285,4853
2047-04-24,92.14655863546385,92.62135246616829,91.1209197298325,92.29181845176704,1390
2047-04-25,93.00941928878734,93.50032662035115,92.26998015486278,93.1289538348026,4997
2047-04-26,92.78261263127663,93.195007698043,92.00797001823292,92.67849327552553,5246
2047-04-27,91.91673440138804,92.52901810367197,91.62902885044647,92.17215049384129,9654
2047-04-28,91.07893360447541,91.45615624800278,91.1483638968292,91.29217105276666,6008
2047-04-29,90.83209630269923,91.55056938727614,90.24228760649669,91.06927339585324,7017
2047-04-30,90.96519957524838,91.07371198307493,90.62661887878471,90.81741222743852,4375
2047-05-01,91.06125036506445,91.4569366576645,90.60632819550452,91.08038086756585,1510
2047-05-02,91.12993590182292,91.24037754661036,91.08565590352757,91.20232633837607,5868
2047-05-03,90.35327574351558,90.66840614825135,90.46591900041295,90.6058396528665,5065
2047-05-04,89.92826031215147,90.86905586289059,90.2377074209388,90.40947653365359,4142
2047-05-05,90.71320564131268,90.77605801015675,90.02672188041119,90.22374552310976,3909
2047-05-06,89.24913609328438,89.67611520418767,89.20675650123299,89.33575439962881,6213
2047-05-07,89.65842876940702,89.86357221445816,88.32313513714715,88.84528103612212,3766
2047-05-08,88.69171163808538,88.66624626792586,87.65839204735425,88.45987422081508,2608
2047-05-09,89.72546258063082,89.79312012641891,89.06741760372444,89.17668673072555,2690
2047-05-10,89.57045827255847,89.50674234344413,88.35996751274261,89.27241208870423,9961
2047-05-11,89.65105131298407,90.04791587544797,89.16514304829735,89.60349646567798,1227
2047-05-12,88.67488144968537,89.30542454488229,88.23817449011678,88.85417871710337,8342
2047-05-13,89.15823398399142,89.92758121258639,88.82068183080354,89.45128595861037,1807
2047-05-14,90.43773229521818,90.29575066112689,89.81319306482108,90.10183699012241,7360
2047-05-15,89.1821747212623,89.79134779594068,88.38036251487024,89.1026645065501,1547
2047-05-16,88.93495645682722,88.93918312926854,88.4993224868094,88.75000614459218,6516
2047-05-17,89.24227598258456,89.85465379577008,88.0517105188468,88.99788893109994,1723
2047-05-18,89.42687547418676,90.13004305946323,89.20564105342517,89.32008315786902,1114
